{
  "nodes": [
    {
      "match": 0.833,
      "name": "Stronger (feat. Emel)",
      "artist": "StoneBank",
      "id": "stronger_feat_emel_stonebank",
      "playcount": 86906
    },
    {
      "match": 0.82,
      "name": "Pressure (feat. Laura Brehm)",
      "artist": "Draper",
      "id": "pressure_feat_laura_brehm_draper",
      "playcount": 53447
    },
    {
      "match": 0.736,
      "name": "Mountains (feat. Veela)",
      "artist": "Rameses B",
      "id": "mountains_feat_veela_rameses_b",
      "playcount": 28151
    },
    {
      "match": 0.703,
      "name": "I Can't",
      "artist": "Tut Tut Child",
      "id": "i_cant_tut_tut_child",
      "playcount": 11521
    },
    {
      "match": 0.595,
      "name": "Dads in Space",
      "artist": "Stephen Walking",
      "id": "dads_in_space_stephen_walking",
      "playcount": 14082
    },
    {
      "match": 0.346,
      "name": "Atlantic",
      "artist": "Rogue",
      "id": "atlantic_rogue",
      "playcount": 24521
    },
    {
      "match": 0.343,
      "name": "Snowblind (feat. Tasha Baxter)",
      "artist": "Au5",
      "id": "snowblind_feat_tasha_baxter_au5",
      "playcount": 73155
    },
    {
      "match": 0.329,
      "name": "Sculpted",
      "artist": "Haywyre",
      "id": "sculpted_haywyre",
      "playcount": 38972
    },
    {
      "match": 0.314,
      "name": "Sentinel",
      "artist": "Noisestorm",
      "id": "sentinel_noisestorm",
      "playcount": 29787
    },
    {
      "match": 0.303,
      "name": "Emergency",
      "artist": "Pegboard Nerds",
      "id": "emergency_pegboard_nerds",
      "playcount": 54019
    },
    {
      "match": 0.3,
      "name": "Here With You Now",
      "artist": "Grabbitz",
      "id": "here_with_you_now_grabbitz",
      "playcount": 62984
    },
    {
      "match": 0.287,
      "name": "Here It Comes (Snavs & Toby Green Remix)",
      "artist": "Pegboard Nerds",
      "id": "here_it_comes_snavs__toby_green_remix_pegboard_nerds",
      "playcount": 14782
    },
    {
      "match": 0.255,
      "name": "Canvas",
      "artist": "Rezonate",
      "id": "canvas_rezonate",
      "playcount": 39560
    },
    {
      "match": 0.828,
      "name": "Insight",
      "artist": "Haywyre",
      "id": "insight_haywyre",
      "playcount": 41292
    },
    {
      "match": 0.475,
      "name": "Children of the Night",
      "artist": "Razihel",
      "id": "children_of_the_night_razihel",
      "playcount": 24379
    },
    {
      "match": 0.355,
      "name": "Turn Around",
      "artist": "Grabbitz",
      "id": "turn_around_grabbitz",
      "playcount": 26511
    },
    {
      "match": 0.335,
      "name": "Skybreaker",
      "artist": "Razihel",
      "id": "skybreaker_razihel",
      "playcount": 28581
    },
    {
      "match": 0.314,
      "name": "Gunmetal Black",
      "artist": "Varien",
      "id": "gunmetal_black_varien",
      "playcount": 28906
    },
    {
      "match": 0.26,
      "name": "Hot Pursuit",
      "artist": "Tut Tut Child",
      "id": "hot_pursuit_tut_tut_child",
      "playcount": 23362
    },
    {
      "match": 0.184,
      "name": "Night Rider (feat. Phoebe Ray)",
      "artist": "Draper",
      "id": "night_rider_feat_phoebe_ray_draper",
      "playcount": 49972
    },
    {
      "match": 0.169,
      "name": "Truth (Dabin Remix)",
      "artist": "Tristam",
      "id": "truth_dabin_remix_tristam",
      "playcount": 35677
    },
    {
      "match": 0.169,
      "name": "Dream Catcher (feat. Charlotte Haining)",
      "artist": "Rameses B",
      "id": "dream_catcher_feat_charlotte_haining_rameses_b",
      "playcount": 24641
    },
    {
      "match": 0.169,
      "name": "Once Again",
      "artist": "Tristam",
      "id": "once_again_tristam",
      "playcount": 119158
    },
    {
      "match": 0.165,
      "name": "The Scarlet Dawn",
      "artist": "Varien",
      "id": "the_scarlet_dawn_varien",
      "playcount": 31185
    },
    {
      "match": 0.129,
      "name": "Battle Cry",
      "artist": "DotExe",
      "id": "battle_cry_dotexe",
      "playcount": 20066
    },
    {
      "match": 0.126,
      "name": "Quantum (Virtual Riot Remix)",
      "artist": "Astronaut",
      "id": "quantum_virtual_riot_remix_astronaut",
      "playcount": 19599
    },
    {
      "match": 0.92,
      "name": "Rattlesnake",
      "artist": "Rogue",
      "id": "rattlesnake_rogue",
      "playcount": 25891
    },
    {
      "match": 0.319,
      "name": "Phosphor (feat. Miyoki)",
      "artist": "Feint",
      "id": "phosphor_feat_miyoki_feint",
      "playcount": 60701
    },
    {
      "match": 0.289,
      "name": "Here It Comes",
      "artist": "Pegboard Nerds",
      "id": "here_it_comes_pegboard_nerds",
      "playcount": 58484
    },
    {
      "match": 0.234,
      "name": "Homebound",
      "artist": "Feint",
      "id": "homebound_feint",
      "playcount": 67780
    },
    {
      "match": 0.193,
      "name": "Utopia (ft. Holly Drummond)",
      "artist": "Rameses B",
      "id": "utopia_ft_holly_drummond_rameses_b",
      "playcount": 6327
    },
    {
      "match": 0.156,
      "name": "The Phantom (feat. High Maintenance)",
      "artist": "Muzzy",
      "id": "the_phantom_feat_high_maintenance_muzzy",
      "playcount": 27574
    },
    {
      "match": 0.135,
      "name": "Surge",
      "artist": "Noisestorm",
      "id": "surge_noisestorm",
      "playcount": 30321
    },
    {
      "match": 0.133,
      "name": "Born",
      "artist": "MitiS",
      "id": "born_mitis",
      "playcount": 66091
    },
    {
      "match": 0.12,
      "name": "Spirit Of Life",
      "artist": "Blackmill",
      "id": "spirit_of_life_blackmill",
      "playcount": 362771
    },
    {
      "match": 0.116,
      "name": "Sandblast",
      "artist": "Fox Stevenson",
      "id": "sandblast_fox_stevenson",
      "playcount": 54809
    },
    {
      "match": 0.116,
      "name": "Believe (feat. Connor Zwetsch)",
      "artist": "Trivecta",
      "id": "believe_feat_connor_zwetsch_trivecta",
      "playcount": 30324
    },
    {
      "match": 0.115,
      "name": "Follow Me",
      "artist": "Tristam",
      "id": "follow_me_tristam",
      "playcount": 95067
    },
    {
      "match": 0.114,
      "name": "Let It Be (Feat. Veela)",
      "artist": "Blackmill",
      "id": "let_it_be_feat_veela_blackmill",
      "playcount": 424359
    },
    {
      "match": 0.474,
      "name": "Carry Me Away",
      "artist": "Rootkit",
      "id": "carry_me_away_rootkit",
      "playcount": 31075
    },
    {
      "match": 0.383,
      "name": "Far Away",
      "artist": "Tristam",
      "id": "far_away_tristam",
      "playcount": 26493
    },
    {
      "match": 0.328,
      "name": "Too Late",
      "artist": "Rootkit",
      "id": "too_late_rootkit",
      "playcount": 25435
    },
    {
      "match": 0.276,
      "name": "Try This",
      "artist": "Pegboard Nerds",
      "id": "try_this_pegboard_nerds",
      "playcount": 47570
    },
    {
      "match": 0.259,
      "name": "Bassline Kickin",
      "artist": "Pegboard Nerds",
      "id": "bassline_kickin_pegboard_nerds",
      "playcount": 23716
    },
    {
      "match": 0.245,
      "name": "Out on a Limb (feat. Jonny Rose)",
      "artist": "Mr FijiWiji",
      "id": "out_on_a_limb_feat_jonny_rose_mr_fijiwiji",
      "playcount": 21736
    },
    {
      "match": 0.243,
      "name": "Breathe (feat. Danyka Nadeau)",
      "artist": "Tut Tut Child",
      "id": "breathe_feat_danyka_nadeau_tut_tut_child",
      "playcount": 33437
    },
    {
      "match": 0.237,
      "name": "Maelstrom",
      "artist": "Tut Tut Child",
      "id": "maelstrom_tut_tut_child",
      "playcount": 33979
    },
    {
      "match": 0.224,
      "name": "Bad Boy",
      "artist": "Razihel",
      "id": "bad_boy_razihel",
      "playcount": 35158
    },
    {
      "match": 0.216,
      "name": "My Friend",
      "artist": "Tristam",
      "id": "my_friend_tristam",
      "playcount": 34261
    },
    {
      "match": 0.215,
      "name": "Breakdown VIP",
      "artist": "Noisestorm",
      "id": "breakdown_vip_noisestorm",
      "playcount": 71115
    },
    {
      "match": 0.21,
      "name": "Wanna Know You (feat. Holly Drummond)",
      "artist": "Direct",
      "id": "wanna_know_you_feat_holly_drummond_direct",
      "playcount": 21071
    },
    {
      "match": 0.204,
      "name": "Blossom",
      "artist": "Au5",
      "id": "blossom_au5",
      "playcount": 33672
    },
    {
      "match": 0.82,
      "name": "Fugitive",
      "artist": "Case & Point",
      "id": "fugitive_case__point",
      "playcount": 16482
    },
    {
      "match": 0.46,
      "name": "The Girl (feat. Cozi Zuehlsdorff)",
      "artist": "Hellberg",
      "id": "the_girl_feat_cozi_zuehlsdorff_hellberg",
      "playcount": 84422
    },
    {
      "match": 0.361,
      "name": "Bring the Madness (feat. Mayor Apeshit)",
      "artist": "Excision",
      "id": "bring_the_madness_feat_mayor_apeshit_excision",
      "playcount": 14833
    },
    {
      "match": 0.316,
      "name": "Moving On (feat. EMEL)",
      "artist": "StoneBank",
      "id": "moving_on_feat_emel_stonebank",
      "playcount": 21342
    },
    {
      "match": 0.221,
      "name": "The Other Day",
      "artist": "Insan3lik3",
      "id": "the_other_day_insan3lik3",
      "playcount": 29731
    },
    {
      "match": 0.204,
      "name": "Lonely (feat. Bijou)",
      "artist": "Rezonate",
      "id": "lonely_feat_bijou_rezonate",
      "playcount": 28267
    },
    {
      "match": 0.203,
      "name": "So What",
      "artist": "Pegboard Nerds",
      "id": "so_what_pegboard_nerds",
      "playcount": 24571
    },
    {
      "match": 0.193,
      "name": "Ashes (Burn Your Love) [feat. Danyka Nadeau]",
      "artist": "Hellberg",
      "id": "ashes_burn_your_love_feat_danyka_nadeau_hellberg",
      "playcount": 16462
    },
    {
      "match": 0.188,
      "name": "FTW",
      "artist": "Lets Be Friends",
      "id": "ftw_lets_be_friends",
      "playcount": 36107
    },
    {
      "match": 0.178,
      "name": "Airwaves",
      "artist": "Noisestorm",
      "id": "airwaves_noisestorm",
      "playcount": 62560
    },
    {
      "match": 0.171,
      "name": "Run Away From Me",
      "artist": "DotExe",
      "id": "run_away_from_me_dotexe",
      "playcount": 71020
    },
    {
      "match": 0.169,
      "name": "Dat Voices",
      "artist": "Insan3lik3",
      "id": "dat_voices_insan3lik3",
      "playcount": 29044
    },
    {
      "match": 0.161,
      "name": "Moonlight (feat. Aloma Steele)",
      "artist": "Varien",
      "id": "moonlight_feat_aloma_steele_varien",
      "playcount": 27392
    },
    {
      "match": 0.808,
      "name": "Night After Night",
      "artist": "Rogue",
      "id": "night_after_night_rogue",
      "playcount": 24118
    },
    {
      "match": 0.625,
      "name": "From the Dust",
      "artist": "Rogue",
      "id": "from_the_dust_rogue",
      "playcount": 41122
    },
    {
      "match": 0.303,
      "name": "I Remember",
      "artist": "Tristam",
      "id": "i_remember_tristam",
      "playcount": 141248
    },
    {
      "match": 0.102,
      "name": "One Click Headshot",
      "artist": "Feed Me",
      "id": "one_click_headshot_feed_me",
      "playcount": 463525
    },
    {
      "match": 0.077,
      "name": "Can't Control Myself",
      "artist": "Krewella",
      "id": "cant_control_myself_krewella",
      "playcount": 167373
    },
    {
      "match": 0.077,
      "name": "Vancouver Beatdown",
      "artist": "Zomboy",
      "id": "vancouver_beatdown_zomboy",
      "playcount": 118365
    },
    {
      "match": 0.071,
      "name": "Bullseye",
      "artist": "KDrew",
      "id": "bullseye_kdrew",
      "playcount": 127600
    },
    {
      "match": 0.264,
      "name": "Dance To It",
      "artist": "Tut Tut Child",
      "id": "dance_to_it_tut_tut_child",
      "playcount": 49622
    },
    {
      "match": 0.104,
      "name": "The Seahorse",
      "artist": "Au5",
      "id": "the_seahorse_au5",
      "playcount": 3262
    },
    {
      "match": 0.097,
      "name": "Drum 'N' Vodka",
      "artist": "Quba",
      "id": "drum_n_vodka_quba",
      "playcount": 2525
    },
    {
      "match": 0.092,
      "name": "Fractals",
      "artist": "Seven Lions",
      "id": "fractals_seven_lions",
      "playcount": 95290
    },
    {
      "match": 0.088,
      "name": "The Mentalist",
      "artist": "Mr FijiWiji",
      "id": "the_mentalist_mr_fijiwiji",
      "playcount": 42189
    },
    {
      "match": 0.086,
      "name": "Apollo (Dodge & Fuski Remix)",
      "artist": "Astronaut",
      "id": "apollo_dodge__fuski_remix_astronaut",
      "playcount": 3832
    },
    {
      "match": 0.084,
      "name": "VM3000",
      "artist": "501",
      "id": "vm3000_501",
      "playcount": 4349
    },
    {
      "match": 0.083,
      "name": "Phoenix Down",
      "artist": "Meta",
      "id": "phoenix_down_meta",
      "playcount": 14884
    },
    {
      "match": 0.083,
      "name": "Falling Skies",
      "artist": "501",
      "id": "falling_skies_501",
      "playcount": 49686
    },
    {
      "match": 0.081,
      "name": "Choose Me II",
      "artist": "Xilent",
      "id": "choose_me_ii_xilent",
      "playcount": 127158
    },
    {
      "match": 0.078,
      "name": "Lunar VIP",
      "artist": "Rudebrat",
      "id": "lunar_vip_rudebrat",
      "playcount": 962
    },
    {
      "match": 0.077,
      "name": "Starscream",
      "artist": "Meta",
      "id": "starscream_meta",
      "playcount": 5952
    },
    {
      "match": 0.077,
      "name": "Rims",
      "artist": "Quba",
      "id": "rims_quba",
      "playcount": 879
    },
    {
      "match": 0.992,
      "name": "Pendulum",
      "artist": "Haywyre",
      "id": "pendulum_haywyre",
      "playcount": 9462
    },
    {
      "match": 0.311,
      "name": "7th Dimension",
      "artist": "KOAN Sound",
      "id": "7th_dimension_koan_sound",
      "playcount": 39829
    },
    {
      "match": 0.232,
      "name": "Funk Blaster",
      "artist": "KOAN Sound",
      "id": "funk_blaster_koan_sound",
      "playcount": 111950
    },
    {
      "match": 0.213,
      "name": "Time for Myself",
      "artist": "Feed Me",
      "id": "time_for_myself_feed_me",
      "playcount": 13034
    },
    {
      "match": 0.206,
      "name": "Alarm Clock",
      "artist": "Feed Me",
      "id": "alarm_clock_feed_me",
      "playcount": 13542
    },
    {
      "match": 0.202,
      "name": "Earth Calls",
      "artist": "Rameses B",
      "id": "earth_calls_rameses_b",
      "playcount": 26100
    },
    {
      "match": 0.191,
      "name": "Frainbreeze",
      "artist": "Pegboard Nerds",
      "id": "frainbreeze_pegboard_nerds",
      "playcount": 36600
    },
    {
      "match": 0.187,
      "name": "Thumbs Up",
      "artist": "Kill the Noise",
      "id": "thumbs_up_kill_the_noise",
      "playcount": 94979
    },
    {
      "match": 0.186,
      "name": "Shadow in the Rose Garden",
      "artist": "The M Machine",
      "id": "shadow_in_the_rose_garden_the_m_machine",
      "playcount": 83152
    },
    {
      "match": 0.183,
      "name": "Two",
      "artist": "Culprate",
      "id": "two_culprate",
      "playcount": 16087
    },
    {
      "match": 0.175,
      "name": "She Was",
      "artist": "Seven Lions",
      "id": "she_was_seven_lions",
      "playcount": 53311
    },
    {
      "match": 0.168,
      "name": "Awesome To The Max",
      "artist": "Ephixa",
      "id": "awesome_to_the_max_ephixa",
      "playcount": 45788
    },
    {
      "match": 0.162,
      "name": "Black Magic (Kill The Noise Pt. 2)",
      "artist": "Kill the Noise",
      "id": "black_magic_kill_the_noise_pt_2_kill_the_noise",
      "playcount": 54368
    },
    {
      "match": 0.632,
      "name": "Break Them (feat. Anna Yvette)",
      "artist": "Aero Chord",
      "id": "break_them_feat_anna_yvette_aero_chord",
      "playcount": 43517
    },
    {
      "match": 0.3,
      "name": "Atlas",
      "artist": "Feint",
      "id": "atlas_feint",
      "playcount": 77060
    },
    {
      "match": 0.187,
      "name": "Breathe",
      "artist": "TwoThirds",
      "id": "breathe_twothirds",
      "playcount": 26956
    },
    {
      "match": 0.105,
      "name": "Tonight (feat. Holly Drummond)",
      "artist": "TwoThirds",
      "id": "tonight_feat_holly_drummond_twothirds",
      "playcount": 35636
    },
    {
      "match": 0.099,
      "name": "Solace Album Mix",
      "artist": "Monstercat",
      "id": "solace_album_mix_monstercat",
      "playcount": 26091
    },
    {
      "match": 0.088,
      "name": "Touch Sound",
      "artist": "Xilent",
      "id": "touch_sound_xilent",
      "playcount": 54102
    },
    {
      "match": 0.08,
      "name": "Firestorm",
      "artist": "Far Too Loud",
      "id": "firestorm_far_too_loud",
      "playcount": 48338
    },
    {
      "match": 0.079,
      "name": "Hoedown",
      "artist": "Zomboy",
      "id": "hoedown_zomboy",
      "playcount": 101394
    },
    {
      "match": 0.076,
      "name": "Nuclear (Hands Up)",
      "artist": "Zomboy",
      "id": "nuclear_hands_up_zomboy",
      "playcount": 174911
    },
    {
      "match": 0.074,
      "name": "Breakdown",
      "artist": "Document One",
      "id": "breakdown_document_one",
      "playcount": 35368
    },
    {
      "match": 0.074,
      "name": "Splinter (Original Mix)",
      "artist": "Savant",
      "id": "splinter_original_mix_savant",
      "playcount": 25121
    },
    {
      "match": 0.073,
      "name": "Blu",
      "artist": "MitiS & MaHi",
      "id": "blu_mitis__mahi",
      "playcount": 67728
    },
    {
      "match": 0.072,
      "name": "Superhuman - Titchimoto Remix",
      "artist": "Virtual Riot",
      "id": "superhuman__titchimoto_remix_virtual_riot",
      "playcount": 24046
    },
    {
      "match": 0.585,
      "name": "Against the Sun (feat. Anna Yvette)",
      "artist": "Rootkit",
      "id": "against_the_sun_feat_anna_yvette_rootkit",
      "playcount": 77716
    },
    {
      "match": 0.519,
      "name": "Valkyrie (feat. Laura Brehm)",
      "artist": "Varien",
      "id": "valkyrie_feat_laura_brehm_varien",
      "playcount": 52375
    },
    {
      "match": 0.36,
      "name": "Flight",
      "artist": "Tristam & Braken",
      "id": "flight_tristam__braken",
      "playcount": 55003
    },
    {
      "match": 0.326,
      "name": "To the Stars",
      "artist": "Braken",
      "id": "to_the_stars_braken",
      "playcount": 79211
    },
    {
      "match": 0.296,
      "name": "With You (feat. Alby Hobbs)",
      "artist": "Draper",
      "id": "with_you_feat_alby_hobbs_draper",
      "playcount": 15264
    },
    {
      "match": 0.149,
      "name": "Give It Up",
      "artist": "Knife Party",
      "id": "give_it_up_knife_party",
      "playcount": 195997
    },
    {
      "match": 0.145,
      "name": "Internet Friends",
      "artist": "Knife Party",
      "id": "internet_friends_knife_party",
      "playcount": 796597
    },
    {
      "match": 0.106,
      "name": "Mind Control",
      "artist": "Zomboy",
      "id": "mind_control_zomboy",
      "playcount": 57758
    },
    {
      "match": 0.105,
      "name": "The Giant Eyeball (Original Mix)",
      "artist": "Figure",
      "id": "the_giant_eyeball_original_mix_figure",
      "playcount": 1085
    },
    {
      "match": 0.105,
      "name": "The Devil",
      "artist": "Figure",
      "id": "the_devil_figure",
      "playcount": 614
    },
    {
      "match": 0.097,
      "name": "First of the Year (Equinox)",
      "artist": "Skrillex",
      "id": "first_of_the_year_equinox_skrillex",
      "playcount": 2621967
    },
    {
      "match": 0.094,
      "name": "Unison (Knife Party Remix)",
      "artist": "Porter Robinson",
      "id": "unison_knife_party_remix_porter_robinson",
      "playcount": 548183
    },
    {
      "match": 0.088,
      "name": "Scary Monsters and Nice Sprites",
      "artist": "Skrillex",
      "id": "scary_monsters_and_nice_sprites_skrillex",
      "playcount": 3519264
    },
    {
      "match": 0.295,
      "name": "Self Destruct",
      "artist": "Pegboard Nerds",
      "id": "self_destruct_pegboard_nerds",
      "playcount": 142884
    },
    {
      "match": 0.208,
      "name": "Way Too Deep",
      "artist": "Grabbitz",
      "id": "way_too_deep_grabbitz",
      "playcount": 12835
    },
    {
      "match": 0.083,
      "name": "Rave On!",
      "artist": "Karetus",
      "id": "rave_on_karetus",
      "playcount": 3204
    },
    {
      "match": 0.076,
      "name": "Gem Shards",
      "artist": "MUST DIE!",
      "id": "gem_shards_must_die",
      "playcount": 29189
    },
    {
      "match": 0.147,
      "name": "404",
      "artist": "Knife Party",
      "id": "404_knife_party",
      "playcount": 90076
    },
    {
      "match": 0.093,
      "name": "Gorilla March",
      "artist": "Zomboy",
      "id": "gorilla_march_zomboy",
      "playcount": 62202
    },
    {
      "match": 0.091,
      "name": "Allow It",
      "artist": "Lets Be Friends",
      "id": "allow_it_lets_be_friends",
      "playcount": 7012
    },
    {
      "match": 0.756,
      "name": "This Is Forever (feat. Danyka Nadeau)",
      "artist": "Hellberg",
      "id": "this_is_forever_feat_danyka_nadeau_hellberg",
      "playcount": 28686
    },
    {
      "match": 0.16,
      "name": "Below Us (feat. Shaz Sparks)",
      "artist": "Seven Lions",
      "id": "below_us_feat_shaz_sparks_seven_lions",
      "playcount": 27371
    },
    {
      "match": 0.155,
      "name": "Onstuh",
      "artist": "Feed Me",
      "id": "onstuh_feed_me",
      "playcount": 33560
    },
    {
      "match": 0.147,
      "name": "Here To Stay",
      "artist": "Zomboy",
      "id": "here_to_stay_zomboy",
      "playcount": 38367
    },
    {
      "match": 0.146,
      "name": "Space Forest",
      "artist": "Kill Paris",
      "id": "space_forest_kill_paris",
      "playcount": 7237
    },
    {
      "match": 0.146,
      "name": "Slap Me",
      "artist": "Kill Paris",
      "id": "slap_me_kill_paris",
      "playcount": 47134
    },
    {
      "match": 0.128,
      "name": "Ready to Go",
      "artist": "Klaypex",
      "id": "ready_to_go_klaypex",
      "playcount": 71624
    },
    {
      "match": 0.128,
      "name": "Stars (feat. Sara Kay)",
      "artist": "Klaypex",
      "id": "stars_feat_sara_kay_klaypex",
      "playcount": 26704
    },
    {
      "match": 0.123,
      "name": "And You",
      "artist": "Gemini",
      "id": "and_you_gemini",
      "playcount": 91201
    },
    {
      "match": 0.105,
      "name": "Blue",
      "artist": "Gemini",
      "id": "blue_gemini",
      "playcount": 436768
    },
    {
      "match": 0.098,
      "name": "Monstercat Podcast Ep. 055",
      "artist": "Monstercat",
      "id": "monstercat_podcast_ep_055_monstercat",
      "playcount": 606
    },
    {
      "match": 0.095,
      "name": "Circles",
      "artist": "KDrew",
      "id": "circles_kdrew",
      "playcount": 34798
    },
    {
      "match": 0.089,
      "name": "Let This Go (Original Mix)",
      "artist": "Fox Stevenson",
      "id": "let_this_go_original_mix_fox_stevenson",
      "playcount": 282
    }
  ],
  "links": [
    {
      "source": "insight_haywyre",
      "target": "stronger_feat_emel_stonebank"
    },
    {
      "source": "insight_haywyre",
      "target": "pressure_feat_laura_brehm_draper"
    },
    {
      "source": "insight_haywyre",
      "target": "mountains_feat_veela_rameses_b"
    },
    {
      "source": "insight_haywyre",
      "target": "i_cant_tut_tut_child"
    },
    {
      "source": "insight_haywyre",
      "target": "dads_in_space_stephen_walking"
    },
    {
      "source": "insight_haywyre",
      "target": "atlantic_rogue"
    },
    {
      "source": "insight_haywyre",
      "target": "snowblind_feat_tasha_baxter_au5"
    },
    {
      "source": "insight_haywyre",
      "target": "sculpted_haywyre"
    },
    {
      "source": "insight_haywyre",
      "target": "sentinel_noisestorm"
    },
    {
      "source": "insight_haywyre",
      "target": "emergency_pegboard_nerds"
    },
    {
      "source": "insight_haywyre",
      "target": "here_with_you_now_grabbitz"
    },
    {
      "source": "insight_haywyre",
      "target": "here_it_comes_snavs__toby_green_remix_pegboard_nerds"
    },
    {
      "source": "insight_haywyre",
      "target": "canvas_rezonate"
    },
    {
      "source": "pressure_feat_laura_brehm_draper",
      "target": "insight_haywyre"
    },
    {
      "source": "pressure_feat_laura_brehm_draper",
      "target": "children_of_the_night_razihel"
    },
    {
      "source": "pressure_feat_laura_brehm_draper",
      "target": "turn_around_grabbitz"
    },
    {
      "source": "pressure_feat_laura_brehm_draper",
      "target": "skybreaker_razihel"
    },
    {
      "source": "pressure_feat_laura_brehm_draper",
      "target": "gunmetal_black_varien"
    },
    {
      "source": "pressure_feat_laura_brehm_draper",
      "target": "hot_pursuit_tut_tut_child"
    },
    {
      "source": "pressure_feat_laura_brehm_draper",
      "target": "night_rider_feat_phoebe_ray_draper"
    },
    {
      "source": "pressure_feat_laura_brehm_draper",
      "target": "truth_dabin_remix_tristam"
    },
    {
      "source": "pressure_feat_laura_brehm_draper",
      "target": "dream_catcher_feat_charlotte_haining_rameses_b"
    },
    {
      "source": "pressure_feat_laura_brehm_draper",
      "target": "once_again_tristam"
    },
    {
      "source": "pressure_feat_laura_brehm_draper",
      "target": "the_scarlet_dawn_varien"
    },
    {
      "source": "pressure_feat_laura_brehm_draper",
      "target": "battle_cry_dotexe"
    },
    {
      "source": "pressure_feat_laura_brehm_draper",
      "target": "quantum_virtual_riot_remix_astronaut"
    },
    {
      "source": "mountains_feat_veela_rameses_b",
      "target": "rattlesnake_rogue"
    },
    {
      "source": "mountains_feat_veela_rameses_b",
      "target": "phosphor_feat_miyoki_feint"
    },
    {
      "source": "mountains_feat_veela_rameses_b",
      "target": "here_it_comes_pegboard_nerds"
    },
    {
      "source": "mountains_feat_veela_rameses_b",
      "target": "homebound_feint"
    },
    {
      "source": "mountains_feat_veela_rameses_b",
      "target": "utopia_ft_holly_drummond_rameses_b"
    },
    {
      "source": "mountains_feat_veela_rameses_b",
      "target": "the_phantom_feat_high_maintenance_muzzy"
    },
    {
      "source": "mountains_feat_veela_rameses_b",
      "target": "surge_noisestorm"
    },
    {
      "source": "mountains_feat_veela_rameses_b",
      "target": "born_mitis"
    },
    {
      "source": "mountains_feat_veela_rameses_b",
      "target": "spirit_of_life_blackmill"
    },
    {
      "source": "mountains_feat_veela_rameses_b",
      "target": "sandblast_fox_stevenson"
    },
    {
      "source": "mountains_feat_veela_rameses_b",
      "target": "believe_feat_connor_zwetsch_trivecta"
    },
    {
      "source": "mountains_feat_veela_rameses_b",
      "target": "follow_me_tristam"
    },
    {
      "source": "mountains_feat_veela_rameses_b",
      "target": "let_it_be_feat_veela_blackmill"
    },
    {
      "source": "i_cant_tut_tut_child",
      "target": "carry_me_away_rootkit"
    },
    {
      "source": "i_cant_tut_tut_child",
      "target": "far_away_tristam"
    },
    {
      "source": "i_cant_tut_tut_child",
      "target": "too_late_rootkit"
    },
    {
      "source": "i_cant_tut_tut_child",
      "target": "try_this_pegboard_nerds"
    },
    {
      "source": "i_cant_tut_tut_child",
      "target": "bassline_kickin_pegboard_nerds"
    },
    {
      "source": "i_cant_tut_tut_child",
      "target": "out_on_a_limb_feat_jonny_rose_mr_fijiwiji"
    },
    {
      "source": "i_cant_tut_tut_child",
      "target": "breathe_feat_danyka_nadeau_tut_tut_child"
    },
    {
      "source": "i_cant_tut_tut_child",
      "target": "maelstrom_tut_tut_child"
    },
    {
      "source": "i_cant_tut_tut_child",
      "target": "bad_boy_razihel"
    },
    {
      "source": "i_cant_tut_tut_child",
      "target": "my_friend_tristam"
    },
    {
      "source": "i_cant_tut_tut_child",
      "target": "breakdown_vip_noisestorm"
    },
    {
      "source": "i_cant_tut_tut_child",
      "target": "wanna_know_you_feat_holly_drummond_direct"
    },
    {
      "source": "i_cant_tut_tut_child",
      "target": "blossom_au5"
    },
    {
      "source": "dads_in_space_stephen_walking",
      "target": "fugitive_case__point"
    },
    {
      "source": "dads_in_space_stephen_walking",
      "target": "the_girl_feat_cozi_zuehlsdorff_hellberg"
    },
    {
      "source": "dads_in_space_stephen_walking",
      "target": "bring_the_madness_feat_mayor_apeshit_excision"
    },
    {
      "source": "dads_in_space_stephen_walking",
      "target": "moving_on_feat_emel_stonebank"
    },
    {
      "source": "dads_in_space_stephen_walking",
      "target": "the_other_day_insan3lik3"
    },
    {
      "source": "dads_in_space_stephen_walking",
      "target": "lonely_feat_bijou_rezonate"
    },
    {
      "source": "dads_in_space_stephen_walking",
      "target": "so_what_pegboard_nerds"
    },
    {
      "source": "dads_in_space_stephen_walking",
      "target": "ashes_burn_your_love_feat_danyka_nadeau_hellberg"
    },
    {
      "source": "dads_in_space_stephen_walking",
      "target": "ftw_lets_be_friends"
    },
    {
      "source": "dads_in_space_stephen_walking",
      "target": "airwaves_noisestorm"
    },
    {
      "source": "dads_in_space_stephen_walking",
      "target": "run_away_from_me_dotexe"
    },
    {
      "source": "dads_in_space_stephen_walking",
      "target": "dat_voices_insan3lik3"
    },
    {
      "source": "dads_in_space_stephen_walking",
      "target": "moonlight_feat_aloma_steele_varien"
    },
    {
      "source": "atlantic_rogue",
      "target": "night_after_night_rogue"
    },
    {
      "source": "atlantic_rogue",
      "target": "from_the_dust_rogue"
    },
    {
      "source": "atlantic_rogue",
      "target": "i_remember_tristam"
    },
    {
      "source": "atlantic_rogue",
      "target": "one_click_headshot_feed_me"
    },
    {
      "source": "atlantic_rogue",
      "target": "cant_control_myself_krewella"
    },
    {
      "source": "atlantic_rogue",
      "target": "vancouver_beatdown_zomboy"
    },
    {
      "source": "atlantic_rogue",
      "target": "bullseye_kdrew"
    },
    {
      "source": "snowblind_feat_tasha_baxter_au5",
      "target": "dance_to_it_tut_tut_child"
    },
    {
      "source": "snowblind_feat_tasha_baxter_au5",
      "target": "the_seahorse_au5"
    },
    {
      "source": "snowblind_feat_tasha_baxter_au5",
      "target": "drum_n_vodka_quba"
    },
    {
      "source": "snowblind_feat_tasha_baxter_au5",
      "target": "fractals_seven_lions"
    },
    {
      "source": "snowblind_feat_tasha_baxter_au5",
      "target": "the_mentalist_mr_fijiwiji"
    },
    {
      "source": "snowblind_feat_tasha_baxter_au5",
      "target": "apollo_dodge__fuski_remix_astronaut"
    },
    {
      "source": "snowblind_feat_tasha_baxter_au5",
      "target": "vm3000_501"
    },
    {
      "source": "snowblind_feat_tasha_baxter_au5",
      "target": "phoenix_down_meta"
    },
    {
      "source": "snowblind_feat_tasha_baxter_au5",
      "target": "falling_skies_501"
    },
    {
      "source": "snowblind_feat_tasha_baxter_au5",
      "target": "choose_me_ii_xilent"
    },
    {
      "source": "snowblind_feat_tasha_baxter_au5",
      "target": "lunar_vip_rudebrat"
    },
    {
      "source": "snowblind_feat_tasha_baxter_au5",
      "target": "starscream_meta"
    },
    {
      "source": "snowblind_feat_tasha_baxter_au5",
      "target": "rims_quba"
    },
    {
      "source": "sculpted_haywyre",
      "target": "pendulum_haywyre"
    },
    {
      "source": "sculpted_haywyre",
      "target": "7th_dimension_koan_sound"
    },
    {
      "source": "sculpted_haywyre",
      "target": "funk_blaster_koan_sound"
    },
    {
      "source": "sculpted_haywyre",
      "target": "time_for_myself_feed_me"
    },
    {
      "source": "sculpted_haywyre",
      "target": "alarm_clock_feed_me"
    },
    {
      "source": "sculpted_haywyre",
      "target": "earth_calls_rameses_b"
    },
    {
      "source": "sculpted_haywyre",
      "target": "frainbreeze_pegboard_nerds"
    },
    {
      "source": "sculpted_haywyre",
      "target": "thumbs_up_kill_the_noise"
    },
    {
      "source": "sculpted_haywyre",
      "target": "shadow_in_the_rose_garden_the_m_machine"
    },
    {
      "source": "sculpted_haywyre",
      "target": "two_culprate"
    },
    {
      "source": "sculpted_haywyre",
      "target": "she_was_seven_lions"
    },
    {
      "source": "sculpted_haywyre",
      "target": "awesome_to_the_max_ephixa"
    },
    {
      "source": "sculpted_haywyre",
      "target": "black_magic_kill_the_noise_pt_2_kill_the_noise"
    },
    {
      "source": "sentinel_noisestorm",
      "target": "break_them_feat_anna_yvette_aero_chord"
    },
    {
      "source": "sentinel_noisestorm",
      "target": "atlas_feint"
    },
    {
      "source": "sentinel_noisestorm",
      "target": "breathe_twothirds"
    },
    {
      "source": "sentinel_noisestorm",
      "target": "tonight_feat_holly_drummond_twothirds"
    },
    {
      "source": "sentinel_noisestorm",
      "target": "solace_album_mix_monstercat"
    },
    {
      "source": "sentinel_noisestorm",
      "target": "touch_sound_xilent"
    },
    {
      "source": "sentinel_noisestorm",
      "target": "firestorm_far_too_loud"
    },
    {
      "source": "sentinel_noisestorm",
      "target": "hoedown_zomboy"
    },
    {
      "source": "sentinel_noisestorm",
      "target": "nuclear_hands_up_zomboy"
    },
    {
      "source": "sentinel_noisestorm",
      "target": "breakdown_document_one"
    },
    {
      "source": "sentinel_noisestorm",
      "target": "splinter_original_mix_savant"
    },
    {
      "source": "sentinel_noisestorm",
      "target": "blu_mitis__mahi"
    },
    {
      "source": "sentinel_noisestorm",
      "target": "superhuman__titchimoto_remix_virtual_riot"
    },
    {
      "source": "emergency_pegboard_nerds",
      "target": "against_the_sun_feat_anna_yvette_rootkit"
    },
    {
      "source": "emergency_pegboard_nerds",
      "target": "valkyrie_feat_laura_brehm_varien"
    },
    {
      "source": "emergency_pegboard_nerds",
      "target": "flight_tristam__braken"
    },
    {
      "source": "emergency_pegboard_nerds",
      "target": "to_the_stars_braken"
    },
    {
      "source": "emergency_pegboard_nerds",
      "target": "with_you_feat_alby_hobbs_draper"
    },
    {
      "source": "emergency_pegboard_nerds",
      "target": "give_it_up_knife_party"
    },
    {
      "source": "emergency_pegboard_nerds",
      "target": "internet_friends_knife_party"
    },
    {
      "source": "emergency_pegboard_nerds",
      "target": "mind_control_zomboy"
    },
    {
      "source": "emergency_pegboard_nerds",
      "target": "the_giant_eyeball_original_mix_figure"
    },
    {
      "source": "emergency_pegboard_nerds",
      "target": "the_devil_figure"
    },
    {
      "source": "emergency_pegboard_nerds",
      "target": "first_of_the_year_equinox_skrillex"
    },
    {
      "source": "emergency_pegboard_nerds",
      "target": "unison_knife_party_remix_porter_robinson"
    },
    {
      "source": "emergency_pegboard_nerds",
      "target": "scary_monsters_and_nice_sprites_skrillex"
    },
    {
      "source": "here_with_you_now_grabbitz",
      "target": "self_destruct_pegboard_nerds"
    },
    {
      "source": "here_with_you_now_grabbitz",
      "target": "way_too_deep_grabbitz"
    },
    {
      "source": "here_with_you_now_grabbitz",
      "target": "rave_on_karetus"
    },
    {
      "source": "here_with_you_now_grabbitz",
      "target": "gem_shards_must_die"
    },
    {
      "source": "here_it_comes_snavs__toby_green_remix_pegboard_nerds",
      "target": "404_knife_party"
    },
    {
      "source": "here_it_comes_snavs__toby_green_remix_pegboard_nerds",
      "target": "gorilla_march_zomboy"
    },
    {
      "source": "here_it_comes_snavs__toby_green_remix_pegboard_nerds",
      "target": "allow_it_lets_be_friends"
    },
    {
      "source": "canvas_rezonate",
      "target": "this_is_forever_feat_danyka_nadeau_hellberg"
    },
    {
      "source": "canvas_rezonate",
      "target": "below_us_feat_shaz_sparks_seven_lions"
    },
    {
      "source": "canvas_rezonate",
      "target": "onstuh_feed_me"
    },
    {
      "source": "canvas_rezonate",
      "target": "here_to_stay_zomboy"
    },
    {
      "source": "canvas_rezonate",
      "target": "space_forest_kill_paris"
    },
    {
      "source": "canvas_rezonate",
      "target": "slap_me_kill_paris"
    },
    {
      "source": "canvas_rezonate",
      "target": "ready_to_go_klaypex"
    },
    {
      "source": "canvas_rezonate",
      "target": "stars_feat_sara_kay_klaypex"
    },
    {
      "source": "canvas_rezonate",
      "target": "and_you_gemini"
    },
    {
      "source": "canvas_rezonate",
      "target": "blue_gemini"
    },
    {
      "source": "canvas_rezonate",
      "target": "monstercat_podcast_ep_055_monstercat"
    },
    {
      "source": "canvas_rezonate",
      "target": "circles_kdrew"
    },
    {
      "source": "canvas_rezonate",
      "target": "let_this_go_original_mix_fox_stevenson"
    }
  ]
}
