{
"id" : "map",
    "map": {
        "dragging" : true,
        "touchZoom" : false,
        "scrollWheelZoom" : true,
        "doubleClickZoom" : true,
        "boxzoom" : true,
        "trackResize" : true,
        "worldCopyJump" : true,
        "closePopupOnClick" : true,
        "keyboard" : true,
        "keyboardPanOffset" : 80,
        "keyboardZoomOffset" : 1,
        "inertia" : false,
        "inertiaDeceleration" : 3000,
        "inertiaMaxSpeed" : 1500,
        "zoomControl" : true
    },
    "tileLayer" : {
        "url" : "https://{s}.tiles.mapbox.com/v3/andy-rutkowski.odbodjfo/{z}/{x}/{y}.png",

        "opts" : {
            "minZoom" : 0,
            "maxZoom" : 15,
            "errorTileUrl" : "img/error-tile-image.png",
            "attribution" : "<a target=\"_blank\" href=\"http://www.mapbox.com\">MapBox</a>",
            "subdomains" : ["a", "b", "c", "d"],
            "detectRetina" : true
        }
    },
    "scale" : {
        "position" : "bottomleft",
        "maxWidth" : 100,
        "metric" : true,
        "imperial" : true,
        "updateWhenIdle" : false
    },
    "control" : {
        "layers" : {
            "options" : {
                "autoZIndex" : true,
                "collapsed"  : true,
                "position"   : "topleft"
            }
        }
    },
    "geojson" : {
        "cache" : true
    },
    "features" : {
        "popup" : {
            "maxWidth" : 300,
            "minWidth" : 250,
            "maxHeight" : 400,
            "autoPan" : true,
            "closeButton" : true,
            "autoPanPadding" : [5, 5]
        },
        "icon" : {
            "iconSize" : [62, 77],
            "iconAnchor" : [17, 36],
            "popupAnchor" : [-1, -32],
            "shadowSize" : [61, 61],
            "shadowAnchor" : [16, 43]
        },
        "opacity" : 1,
        "riseOnHover": true,
        "clickable" : true
    }
}
