{ "map"         : { "config"        : "config/map.json",
                    "hoverPopup"    : false             },
  "pages"       : { "pathBase"  : "../../pages/",
                    "home"      : "map-title",
                    "routes" : {
                        ""              : "page",
                        "article/:id"   : "article",
                        "page/:page"    : "page"
                    },
                    "router" : { "history" : true       },
                    "pages"     : {
                        "map-title" : [
                              { "view"    : "views/map"   }
                            , { "view"    : "views/issue" }
                            , { "partial" : { "el"   : "#article"
                                            , "page" : "title.html" } }
                            , { "view"    : "views/menu"  }
                        ],
                        "about"  : [
                              { "view"    : "views/issue" }
                            , { "view"    : "views/page" }
                            , { "view"    : "views/menu"  }
                            , { "partial" : { "el"   : "#article"
                                            , "page" : "title.html" } }
                            , { "partial" : { "el"   : "#page"
                                            , "page" : "about.html" } }
                        ],
                        "contrib"  : [
                              { "view"    : "views/issue" }
                            , { "view"    : "views/page" }
                            , { "view"    : "views/menu"  }
                            , { "partial" : { "el"   : "#article"
                                            , "page" : "title.html" } }
                            , { "partial" : { "el"   : "#page"
                                            , "page" : "contributors.html" } }
                        ],
                        "404"      : [
                              { "page" : { "el"   : "body"
                                         , "page" : "404.html" } }
                        ]
                    }},
  "menu"        : [
    {  "type"    : "page",
       "label"   : "Home",
       "href"    : "",
       "partial" : "partials/menu/page.html"     },

    {  "type"       : "menu",
       "label"      : "Articles",
       "collection" : "collections/articles",
       "partial"    : "partials/menu/submenu.html",
       "item": {
            "href"  : "article/:i"              }},

    {  "type"    : "page",
       "label"   : "About",
       "href"    : "page/about",
       "partial" : "partials/menu/page.html"     },

    {  "type"    : "page",
       "label"    : "Contributors",
       "href"    : "page/contrib",
       "partial" : "partials/menu/page.html"     }
  ],
  "articles" : {
    "pathBase"  : "articles/",
    "files"     : [
        "andy.xml",
        "barrio.xml",
        "student1a.xml",
        "student1b.xml",
        "student1c.xml",
        "student1d.xml",
        "student1e.xml",
        "student2a.xml",
        "student2b.xml",
        "student2c.xml",
        "student2d.xml",
        "student2e.xml",
        "student3a.xml",
        "student3b.xml",
        "student3c.xml",
        "student3d.xml",
        "student3e.xml",
        "student4a.xml",
        "student4b.xml",
        "student4c.xml",
        "student4d.xml",
        "student4e.xml",
        "student5a.xml",
        "student5b.xml",
        "student5c.xml",
        "student5d.xml",
        "student5e.xml",
        "student6a.xml",
        "student6b.xml",
        "student6c.xml",
        "student6d.xml",
        "student6e.xml",
        "student7a.xml",
        "student7b.xml",
        "student7c.xml",
        "student7d.xml",
        "student7e.xml",
        "student8a.xml",
        "student8b.xml",
        "student8c.xml",
        "student8d.xml",
        "student8e.xml",
        "student9a.xml",
        "student9b.xml",
        "student9c.xml",
        "student9d.xml",
        "student9e.xml",
        "student10a.xml",
        "student10b.xml",
        "student10c.xml",
        "student10d.xml",
        "student10e.xml",
        "student11a.xml",
        "student11b.xml",
        "student11c.xml",
        "student11d.xml",
        "student11e.xml",
        "student12a.xml",
        "student12b.xml",
        "student12c.xml",
        "student12d.xml",
        "student12e.xml",
        "student13a.xml",
        "student13b.xml",
        "student13c.xml",
        "student13d.xml",
        "student13e.xml",
        "student14a.xml",
        "student14e.xml",
        "student15a.xml",
        "student15b.xml",
        "student15c.xml",
        "student15d.xml",
        "student15e.xml",
        "student16a.xml",
        "student16b.xml",
        "student16c.xml",
        "student16d.xml",
        "student16e.xml",
        "student17a.xml",
        "student17b.xml",
        "student17c.xml",
        "student17d.xml",
        "student17e.xml"
    ]
   }
  , "markers" : {
        "icons" : [
            { "dir"   : "app/icons/",
              "files" : [
                "noun_33862_cc_aqua.svg"   ,
                "noun_33862_cc_black.svg"  ,
                "noun_33862_cc_blue.svg"   ,
                "noun_33862_cc_green.svg"  ,
                "noun_33862_cc_orange.svg" ,
                "noun_33862_cc_pink.svg"   ,
                "noun_33862_cc_plum.svg"   ,
                "noun_33862_cc_purple.svg" ,
                "noun_33862_cc_red.svg"    ,
                "noun_33862_cc_rose.svg"   ,
                "noun_33862_cc_teal.svg"
            ]}]
   }
  , "controls" : {
        "timeline" : {
          "enable" : false
      }
      , "placetype" : {
          "enable" : true
      }
  }
}
