<?xml version="1.0" encoding="UTF-8"?>
<?xml-model href="http://www.tei-c.org/release/xml/tei/custom/schema/relaxng/tei_all.rng" type="application/xml" schematypens="http://relaxng.org/ns/structure/1.0"?>
<?xml-model href="http://www.tei-c.org/release/xml/tei/custom/schema/relaxng/tei_all.rng" type="application/xml"
	schematypens="http://purl.oclc.org/dsdl/schematron"?>
<TEI xmlns="http://www.tei-c.org/ns/1.0">
   <teiHeader>
      <fileDesc>
         <titleStmt>
            <title>Lynwood,CA</title>
            <author>Alberto Loaiza</author>
         </titleStmt>
         <publicationStmt>
            <publisher></publisher>
            <date when="2015">Winter 2016</date>
         </publicationStmt>
         <notesStmt>
            <relatedItem>
               <bibl>
                  <author></author>
               </bibl>
            </relatedItem>
         </notesStmt>
         <sourceDesc>
            <bibl/>
         </sourceDesc>
      </fileDesc>
   </teiHeader>
   
   <text>
      
      <body>
         <div type="article"><!-- Enclose each paragraph of your text in a new <p></p> tag. -->
            <p>Lynwood is located 10 miles South East of Downtown Los Angeles. The city once described as “Lily White” Lynwood now has a boosting population of 82 % Latina/o and 13% Black according to “Mapping LA. The drastic change happened because Watts is directly adjunct to the city experienced huge riots in 1965 and Cal Trans fought to split the city in half with the 8 lane 105 freeway. Those experiences led to “white flight”, which in turn created housing opportunity for minorities previously restricted to red lined zones in Los Angeles. It is currently going through a cultural revival due to the opening of Plaza Mexico, which bringing opportunities for Latina/o cultural exchange and celebration. A city that once prohibited people of color walking on their streets now has “Angel de la Independencia” just like Monten Alban in Mexico City sitting at its center.</p>
         </div>
      </body>
      
      <back>
         
         <note type="mapmarker"><!-- this will be the title & text in your map marker pop-up -->
            <placeName type="Alberto Loaiza">Alberto Loaiza Lynwood, CA</placeName>
            <geo>-118.20361760000003 33.925215751561346</geo><!-- geocoordinates here. !! enter in the lattitude first, then the longitude !! you can look up coordinates here: http://www.gps-coordinates.net -->
            <p>Lynwood is a small working class suburb south east of Downtown LA with a majority Latino/a population. In recent years it has become a center of Mexican and Latina/o celebration.</p>
         </note>
         
         <div type="bibliography">
            <listBibl>
               <bibl>20, August. "Empty Houses, Dreams : Lynwood: Downhill on the Freeway." Los Angeles Times. Los Angeles Times, 20 Aug. 1989. Web. 27 Jan. 2016.</bibl>
               <bibl>"Lynwood." Mapping L.A. LA Times, 2000. Web. 27 Jan. 2016.</bibl>
               <bibl>Irazábal, Clara. Transbordering Latin Americas: Liminal Places, Cultures, and Powers (t)here. N.p.: Routledge, 2013, n.d. Print</bibl>
            </listBibl>
         </div>
         
         <div type="images">
            <figure xml:id="fig1">
               <graphic url="boxlink.jpg"/>
               <head></head>
               <note type="attribution">CREATOR, Lauren Devon, 10 February 2016, Courtesy of AirBnB</note>
               <figDesc></figDesc>
            </figure>
            
         </div>
      </back>
   </text>
</TEI>
