<?xml version="1.0" encoding="UTF-8"?>
<?xml-model href="http://www.tei-c.org/release/xml/tei/custom/schema/relaxng/tei_all.rng" type="application/xml" schematypens="http://relaxng.org/ns/structure/1.0"?>
<?xml-model href="http://www.tei-c.org/release/xml/tei/custom/schema/relaxng/tei_all.rng" type="application/xml"
	schematypens="http://purl.oclc.org/dsdl/schematron"?>
<TEI xmlns="http://www.tei-c.org/ns/1.0">
   <teiHeader>
      <fileDesc>
         <titleStmt>
            <title>HIGHLAND PARK</title>
            <author>Monica Rodas</author>
         </titleStmt>
         <publicationStmt>
            <publisher></publisher>
            <date when="2015">Winter 2016</date>
         </publicationStmt>
         <notesStmt>
            <relatedItem>
               <bibl>
                  <author></author>
               </bibl>
            </relatedItem>
         </notesStmt>
         <sourceDesc>
            <bibl/>
         </sourceDesc>
      </fileDesc>
   </teiHeader>
   
   <text>
      
      <body>
         <div type="article"><!-- Enclose each paragraph of your text in a new <p></p> tag. -->
            <p>Highland Park is located in the Northeast L.A. region, surrounded by similar Latino suburbs and other affluent neighborhoods. Its built environment consists of various recreational centers, popular main streets, historic buildings and easy access to transportation (i.e. Pasadena Freeway).  Highland Park began as a predominantly white neighborhood with a small amount of minorities segregated into underdeveloped spaces. Over time, it has evolved into a predominantly Latino suburb with 74 percent of its residents being of Latino origin. Its close proximity to Downtown Los Angeles also offers an escape from city life and allows Highland Park’s Latino community to preserve a space that reflects their values and cultures; the ability to commute helps maintain a connection with job sites and other Latino communities. The spatial transformation of this Latino enclave faces a challenge on preserving Latino culture and welcoming different racial groups to the spaces that Latinos struggled to gain access to.</p>
         </div>
      </body>
      
      <back>
         
         <note type="mapmarker"><!-- this will be the title & text in your map marker pop-up -->
            <placeName type="Monica Rodas">Monica Rodas Highland Park</placeName>
            <geo>-118.1981 34.1119</geo><!-- geocoordinates here. !! enter in the lattitude first, then the longitude !! you can look up coordinates here: http://www.gps-coordinates.net -->
            <p>Located within close proximity to DTLA and 74 percent Latino residents, Highland Park became a Latino suburb in result of Chicana/o urbanism in L.A.</p>
         </note>
         
         <div type="bibliography">
            <listBibl>
               <bibl>Diaz, David R. Barrio Urbanism: Chicanos, Planning, and American Cities. New York: Routledge, 2005.</bibl>
               <bibl>"Highland Park." Mapping L.A. Los Angeles Times. Web. 27 Jan. 2016.</bibl>
               <bibl>"Highland Park (Historical GIS)." T-RACES: Demo. Sustainable Archives and Leveraging Technologies. Web. 27 Jan. 2016.</bibl>
            </listBibl>
         </div>
         
         <div type="images">
            <figure xml:id="fig1">
               <graphic url="boxlink.jpg"/>
               <head></head>
               <note type="attribution">Monica Rodas, 8 February 2016, Courtesy of Calisphere</note>
               <figDesc></figDesc>
            </figure>
            
         </div>
      </back>
   </text>
</TEI>
