<?xml version="1.0" encoding="UTF-8"?>
<?xml-model href="http://www.tei-c.org/release/xml/tei/custom/schema/relaxng/tei_all.rng" type="application/xml" schematypens="http://relaxng.org/ns/structure/1.0"?>
<?xml-model href="http://www.tei-c.org/release/xml/tei/custom/schema/relaxng/tei_all.rng" type="application/xml"
	schematypens="http://purl.oclc.org/dsdl/schematron"?>
<TEI xmlns="http://www.tei-c.org/ns/1.0">
   <teiHeader>
      <fileDesc>
         <titleStmt>
            <title>Boyle Heights</title>
            <author>Bernice Andrade</author>
         </titleStmt>
         <publicationStmt>
            <publisher></publisher>
            <date when="2015">Winter 2016</date>
         </publicationStmt>
         <notesStmt>
            <relatedItem>
               <bibl>
                  <author></author>
               </bibl>
            </relatedItem>
         </notesStmt>
         <sourceDesc>
            <bibl/>
         </sourceDesc>
      </fileDesc>
   </teiHeader>
   
   <text>
      
      <body>
         <div type="article"><!-- Enclose each paragraph of your text in a new <p></p> tag. -->
            <p>Boyle Heights is a product of race-based exclusionary practices in city planning and urban policy coupled with the actions of local officials and the federal government to economically, politically, and socially repress the multiracial community that once characterized this East Los Angeles neighborhood in the early twentieth century. Today Boyle Heights is home to a predominantly Mexican-American working class, but it was not always this way. Before becoming more ethnically homogenous, Boyle Heights was a haven for diverse ethnic groups such as the Jewish, Mexicans, Japanese, Italians, Armenians, African Americans, and Russian Molokans; all of whom learned to coexist by their common experiences of exclusion from the developing middle-class American-born Anglo communities on the west side. However, by way of multiracial organizing and advocacy toward social and racial justice, the Boyle Heights community was able to combat some of the obstacles they faced. Today, it remains a site of resistance.</p>
         </div>
      </body>
      
      <back>
         
         <note type="mapmarker"><!-- this will be the title & text in your map marker pop-up -->
            <placeName type="Bernice Andrade">Bernice Andrade, Boyle Heights</placeName>
            <geo>-118.21281160000001 34.0443542</geo><!-- geocoordinates here. !! enter in the lattitude first, then the longitude !! you can look up coordinates here: http://www.gps-coordinates.net -->
            <p>Boyle Heights is a product of socio-economic, political, and ethnic discrimination and a site of resistance and cultural wealth.</p>
         </note>
         
         <div type="bibliography">
            <listBibl>
               <bibl>Diaz, David R. Barrio Urbanism: Chicanos, Planning, and American Cities. New York: 
Routledge, 2005. Print.</bibl>
               <bibl>Sanchez, George J. “What's Good for Boyle Heights Is Good for the Jews": Creating 
Multiracialism on the Eastside during the 1950s.” American Quarterly 56.3 (2004): 633–661. Print.</bibl>
               <bibl>“Boyle Heights.” Mapping L.A. n.p., n.d. Web. 8 Feb. 2016. 
http://maps.latimes.com/neighborhoods/</bibl>
            </listBibl>
         </div>
         
         <div type="images">
            <figure xml:id="fig1">
               <graphic url="boxlink.jpg"/>
               <head></head>
               <note type="attribution">Map by Marciano, Mckeon, Goldberg, and Hou, Courtesy of T-RACES: Testbed for the Redlining Archives of California’s Exclusionary Spaces, http://salt.umd.edu/T-RACES/collaborate.html </note>
               <figDesc></figDesc>
            </figure>
            
         </div>
      </back>
   </text>
</TEI>
