<?xml version="1.0" encoding="UTF-8"?>
<?xml-model href="http://www.tei-c.org/release/xml/tei/custom/schema/relaxng/tei_all.rng" type="application/xml" schematypens="http://relaxng.org/ns/structure/1.0"?>
<?xml-model href="http://www.tei-c.org/release/xml/tei/custom/schema/relaxng/tei_all.rng" type="application/xml"
	schematypens="http://purl.oclc.org/dsdl/schematron"?>
<TEI xmlns="http://www.tei-c.org/ns/1.0">
   <teiHeader>
      <fileDesc>
         <titleStmt>
            <title>InNOutBaldwinCA</title>
            <author>Gonzalez</author>
         </titleStmt>
         <publicationStmt>
            <publisher></publisher>
            <date when="2015">Winter 2016</date>
         </publicationStmt>
         <notesStmt>
            <relatedItem>
               <bibl>
                  <author></author>
               </bibl>
            </relatedItem>
         </notesStmt>
         <sourceDesc>
            <bibl/>
         </sourceDesc>
      </fileDesc>
   </teiHeader>
   
   <text>
      
      <body>
         <div type="article"><!-- Enclose each paragraph of your text in a new <p></p> tag. -->
            <p>In the photo we see a replica of a the original In-N-Out. The original In-N-Out was first established in Baldwin Park and now there are over 300 restaurants across the West Coast. The first In-N-Out had to be demolished in 1954 becayse the I-10 was constructed literally over the restaurant. When the first restaurant was demolished another was built adjacent to teh first one and it remained open until 2004. Later on it was this replica of the first In-N-Out that was built in Baldwin Park.</p>
         </div>
      </body>
      
      <back>
         
         <note type="mapmarker"><!-- this will be the title & text in your map marker pop-up -->
            <placeName type="Gonzalez">Charles Hathaway In-N-Out Baldwin Park</placeName>
            <geo>-117.975 34.0689</geo><!-- geocoordinates here. !! enter in the lattitude first, then the longitude !! you can look up coordinates here: http://www.gps-coordinates.net -->
            <p>The replica of the original 1948 In-N-Out Hamburger stand was built.</p>
         </note>
         
         <div type="bibliography">
            <listBibl>
               <bibl>Hathaway, Charles. In-N-Out Burger Baldwin Park, CA. 2014. Photograph. Baldwin Park, CA.</bibl>
               <bibl>Citation 2...</bibl>
               <bibl>Citation 3...</bibl>
            </listBibl>
         </div>
         
         <div type="images">
            <figure xml:id="fig1">
               <graphic url="boxlink.jpg"/>
               <head></head>
               <note type="attribution">Charles Hathaway, 28 October 2014, Courtesy of Charles Hathaway</note>
               <figDesc></figDesc>
            </figure>
            
         </div>
      </back>
   </text>
</TEI>
