<?xml version="1.0" encoding="UTF-8"?>
<?xml-model href="http://www.tei-c.org/release/xml/tei/custom/schema/relaxng/tei_all.rng" type="application/xml" schematypens="http://relaxng.org/ns/structure/1.0"?>
<?xml-model href="http://www.tei-c.org/release/xml/tei/custom/schema/relaxng/tei_all.rng" type="application/xml"
	schematypens="http://purl.oclc.org/dsdl/schematron"?>
<TEI xmlns="http://www.tei-c.org/ns/1.0">
   <teiHeader>
      <fileDesc>
         <titleStmt>
            <title>San Fernando Mission</title>
            <author>Mario Rodriguez</author>
         </titleStmt>
         <publicationStmt>
            <publisher></publisher>
            <date when="2015">Winter 2016</date>
         </publicationStmt>
         <notesStmt>
            <relatedItem>
               <bibl>
                  <author></author>
               </bibl>
            </relatedItem>
         </notesStmt>
         <sourceDesc>
            <bibl/>
         </sourceDesc>
      </fileDesc>
   </teiHeader>
   
   <text>
      
      <body>
         <div type="article"><!-- Enclose each paragraph of your text in a new <p></p> tag. -->
            <p>San Fernando Rey de España Misson represents the origin of the Spanish urban form in San Fernando. Mexican Independence in 1821 would disrupt the administration and communication to the territories in Alta California. The secularization of the missions would allow Mexican elites to purchase large tracts of land for agricultural production and cattle grazing. These characteristics would provide the cultural foundation for American suburban development which occurred following the American-Mexican War of 1848. Newly ceded territory of California was a big attraction for anglo expansion. In 1847, Charles Maclay and George Porter formed a partnership and purchased 56,000 acres of North San Fernando Valley (Wanamaker, 20). This land acquisition designates a formal transition to the suburbaniziation project of San Fernando Valley. San Fernando’s development in the 20th century was characterized as an agroburb an economy based on agriculture products such as citrus and olives that required Mexican migrant labor.</p>
         </div>
      </body>
      
      <back>
         
         <note type="mapmarker"><!-- this will be the title & text in your map marker pop-up -->
            <placeName type="Mario Rodriguez">San Fernando Rey de España Mission</placeName>
            <geo>-118.46124680000003 34.27324216359048</geo><!-- geocoordinates here. !! enter in the lattitude first, then the longitude !! you can look up coordinates here: http://www.gps-coordinates.net -->
            <p>Legacy of San Fernando is founded on the creation of the Mission. The social, political, and economic transformations that occurred because of this early settlement.</p>
         </note>
         
         <div type="bibliography">
            <listBibl>
               <bibl>Wanamaker, Marc. San Fernando Valley. Charleston, SC: Arcadia Pub., 2011. Print.</bibl>
               <bibl>Security Pacific National Bank Collection. Early families in front of San Fernando Rey de España Mission. 18?? LA Public Library, Los Angeles. Web. 9 Feb 2016.</bibl>
               <bibl>Citation 3...</bibl>
            </listBibl>
         </div>
         
         <div type="images">
            <figure xml:id="fig1">
               <graphic url="http://jpg1.lapl.org/00081/00081939.jpg"/>
               <head></head>
               <note type="attribution">Mario Rodriguez, 9 February 2016, Courtesy of LA Public Library, http://jpg1.lapl.org/00081/00081939.jpg</note>
               <figDesc></figDesc>
            </figure>
            
         </div>
      </back>
   </text>
</TEI>
