<?xml version="1.0" encoding="UTF-8"?>
<?xml-model href="http://www.tei-c.org/release/xml/tei/custom/schema/relaxng/tei_all.rng" type="application/xml" schematypens="http://relaxng.org/ns/structure/1.0"?>
<?xml-model href="http://www.tei-c.org/release/xml/tei/custom/schema/relaxng/tei_all.rng" type="application/xml"
	schematypens="http://purl.oclc.org/dsdl/schematron"?>
<TEI xmlns="http://www.tei-c.org/ns/1.0">
   <teiHeader>
      <fileDesc>
         <titleStmt>
            <title>Euclid Avenue, Ontario CA</title>
            <author>Kathya Rodriguez</author>
         </titleStmt>
         <publicationStmt>
            <publisher></publisher>
            <date when="2015">Winter 2016</date>
         </publicationStmt>
         <notesStmt>
            <relatedItem>
               <bibl>
                  <author></author>
               </bibl>
            </relatedItem>
         </notesStmt>
         <sourceDesc>
            <bibl/>
         </sourceDesc>
      </fileDesc>
   </teiHeader>
   
   <text>
      
      <body>
         <div type="article"><!-- Enclose each paragraph of your text in a new <p></p> tag. -->
            <p>Euclid Avenue was and still is a vibrant part of Ontario, CA. When settling the colony, George Chaffey made sure that all of the colony's wealth and amenities were evident as soon as visitors arrived. A strip was placed in the center of the avenue to allow the trolley to circulate. This trolley not only allowed settlers to travel from downtown to the citrus yards but it also showed visitors the complex and unique hydroelectric system offered by the colony. Trees were also planted along the strip as part of the beautification projects that place in order to show the colony's prosperity.</p>
         </div>
      </body>
      
      <back>
         
         <note type="mapmarker"><!-- this will be the title & text in your map marker pop-up -->
            <placeName type="Kathya Rodriguez">Kathya Rodriguez Euclid Avenue, Ontario CA</placeName>
            <geo>-117.65073589999997 34.0081345693387</geo><!-- geocoordinates here. !! enter in the lattitude first, then the longitude !! you can look up coordinates here: http://www.gps-coordinates.net -->
            <p>Euclid Avenue showed all the amenities the colony offered its settlers, such as a complex hydroelectric system and prosperity.</p>
         </note>
         
         <div type="bibliography">
            <listBibl>
               <bibl>Euclid Ave. Ontario. [ca. 1885]. Photograph. Los Angeles Public Library. Calisphere. 26 Jan 2016. http://jpg3.lapl.org/pics07/00023253.jpg</bibl>
               <bibl>Citation 2...</bibl>
               <bibl>Citation 3...</bibl>
            </listBibl>
         </div>
         
         <div type="images">
            <figure xml:id="fig1">
               <graphic url="http://jpg3.lapl.org/pics07/00023253.jpg"/>
               <head></head>
               <note type="attribution">1885,Image Courtesy of Los Angles Public Library, http://jpg3.lapl.org/pics07/00023253.jpg</note>
               <figDesc></figDesc>
            </figure>
            
         </div>
      </back>
   </text>
</TEI>
