<?xml version="1.0" encoding="UTF-8"?>
<?xml-model href="http://www.tei-c.org/release/xml/tei/custom/schema/relaxng/tei_all.rng" type="application/xml" schematypens="http://relaxng.org/ns/structure/1.0"?>
<?xml-model href="http://www.tei-c.org/release/xml/tei/custom/schema/relaxng/tei_all.rng" type="application/xml"
	schematypens="http://purl.oclc.org/dsdl/schematron"?>
<TEI xmlns="http://www.tei-c.org/ns/1.0">
   <teiHeader>
      <fileDesc>
         <titleStmt>
            <title>Santa Ana Water Tower</title>
            <author>Jorge Enrique Quiroz Moreno</author>
         </titleStmt>
         <publicationStmt>
            <publisher></publisher>
            <date when="2015">Winter 2016</date>
         </publicationStmt>
         <notesStmt>
            <relatedItem>
               <bibl>
                  <author></author>
               </bibl>
            </relatedItem>
         </notesStmt>
         <sourceDesc>
            <bibl/>
         </sourceDesc>
      </fileDesc>
   </teiHeader>
   
   <text>
      
      <body>
         <div type="article"><!-- Enclose each paragraph of your text in a new <p></p> tag. -->
            <p>Santa Ana’s late transformation from a historically exclusive Majority White Conservative city in Republican dominated Orange County into a Barrio Suburb. A historically agricultural region Orange County controlled Chicano/a’s through social repression, through economic, educational, and housing control. Diaz describes Chicano/a’s as, “relegated to second-tier status…the community resided in small agricultural encampments or segregated barrios”(Diaz 265). The transformation from an agriburb that enforced a colonial economy to an industrial and working class suburb changed the dynamics of the cities population. Diaz’s book Barrio Urbanism Chicanos, Planning,and American Cities, details how capitalism’s globalization contributed to the need for service oriented labor, therefore, an influx of Mexican American, and Mexican immigrants filled in the void of low wage workers described as, “ suburbanization started in the late 1960’s the regional economy restructured into real estate, banking, tourism (led by Disneyland), services, retail, and limited industrial development”(Diaz 85).</p>
         </div>
      </body>
      
      <back>
         
         <note type="mapmarker"><!-- this will be the title & text in your map marker pop-up -->
            <placeName type="Jorge E. Quiroz Moreno">Jorge E. Quiroz Moreno Santa Ana Water Tower</placeName>
            <geo>-117.86173577724611 33.7570861592983</geo><!-- geocoordinates here. !! enter in the lattitude first, then the longitude !! you can look up coordinates here: http://www.gps-coordinates.net -->
            <p>Santa Ana water tower on 14th and Poinsettia Streets. It has the words Santa Ana on it. It was built in 1928 and holds one million gallons.</p>
         </note>
         
         <div type="bibliography">
            <listBibl>
               <bibl>Diaz, David R. Barrio Urbanism: Chicanos, Planning, and American Cities. New York: Routledge, 2005. Print.</bibl>
               <bibl>Calisphere. Web. 27 Jan. 2016.</bibl>
               <bibl>Santa Ana water tower on 14th and Poinsettia Streets. (n.d.). Retrieved February 10, 2016, from http://www.oac.cdlib.org/ark:/13030/kt058008g7/?order=1.</bibl>
            </listBibl>
         </div>
         
         <div type="images">
            <figure xml:id="fig1">
               <graphic url="http://www.oac.cdlib.org/ark:/13030/kt058008g7/hi-res.jpg"/>
               <head></head>
               <note type="attribution">Santa Ana Public Library, 10 February 2016, Courtesy of Santa Ana Public Library http://www.oac.cdlib.org/ark:/13030/kt058008g7/?order=1</note>
               <figDesc></figDesc>
            </figure>
            
         </div>
      </back>
   </text>
</TEI>
