{
	"synonyms":{
		"don't":["dont"],
		"can't":["cant"],
		"won't":["wont"],
		"remember":["recollect","recall"],
		"dreamed":["dreamt"],
		"dream":["dreams"],
		"perhaps":["maybe"],
		"yes":["certainly","true"],
		"computer":["machine","machines","computers"],
		"was":["were"],
		"you are":["you're","u are", "u r"],
		"i am":["i'm"]
	},
	"filler":["actually","so","well","look","#"],
	"categories":{
		"alike":["same","identical","equivalent"],
		"amazing":["incredible", "unbelievable", "improbable", "fabulous", "wonderful", "fantastic", "astonishing", "astounding", "extraordinary"],
		"anger":["enrage", "infuriate", "arouse", "nettle", "exasperate", "inflame", "madden"],
		"angry":["mad", "furious", "enraged", "excited", "wrathful", "indignant", "exasperated", "aroused", "inflamed"],
		"answer":["reply", "respond", "retort", "acknowledge"],
		"ask":["question", "inquire of", "seek information from", "put a question to", "demand", "request", "expect", "inquire", "query", "interrogate", "examine", "quiz"],
		"awful":["dreadful", "terrible", "abominable", "bad", "poor", "unpleasant"],
		"bad":["evil", "immoral", "wicked", "corrupt", "sinful", "depraved", "rotten", "contaminated", "spoiled", "tainted", "harmful", "injurious", "unfavorable", "defective", "inferior", "imperfect", "substandard", "faulty", "improper", "inappropriate", "unsuitable", "disagreeable", "unpleasant", "cross", "nasty", "unfriendly", "irascible", "horrible", "atrocious", "outrageous", "scandalous", "infamous", "wrong", "noxious", "sinister", "putrid", "snide", "deplorable", "dismal", "gross", "heinous", "nefarious", "base", "obnoxious", "detestable", "despicable", "contemptible", "foul", "rank", "ghastly", "execrable"],
		"be": ["am", "is", "are", "was","were"],
		"beautiful":["pretty", "lovely", "handsome", "attractive", "gorgeous", "dazzling", "splendid", "magnificent", "comely", "fair", "ravishing", "graceful", "elegant", "fine", "exquisite", "aesthetic", "pleasing", "shapely", "delicate", "stunning", "glorious", "heavenly", "resplendent", "radiant", "glowing", "blooming", "sparkling"],
		"begin":["start", "open", "launch", "initiate", "commence", "inaugurate", "originate"],
		"belief": ["feel", "think", "believe", "wish"],
		"big":["enormous", "huge", "immense", "gigantic", "vast", "colossal", "gargantuan", "large", "sizable", "grand", "great", "tall", "substantial", "mammoth", "astronomical", "ample", "broad", "expansive", "spacious", "stout", "tremendous", "titanic", "mountainous"],
		"brave":["courageous", "fearless", "dauntless", "intrepid", "plucky", "daring", "heroic", "valorous", "audacious", "bold", "gallant", "valiant", "doughty", "mettlesome"],
		"break":["fracture", "rupture", "shatter", "smash", "wreck", "crash", "demolish", "atomize"],
		"bright":["shining", "shiny", "gleaming", "brilliant", "sparkling", "shimmering", "radiant", "vivid", "colorful", "lustrous", "luminous", "incandescent", "intelligent", "knowing", "quick-witted", "smart", "intellectual"],
		"calm":["quiet", "peaceful", "still", "tranquil", "mild", "serene", "smooth", "composed", "collected", "unruffled", "level-headed", "unexcited", "detached", "aloof"],
		"cannot": ["can't"],
		"come":["approach", "advance", "near", "arrive", "reach"],
		"cool":["chilly", "cold", "frosty", "wintry", "icy", "frigid"],
		"crooked":["bent", "twisted", "curved", "hooked", "zigzag"],
		"cry":["shout", "yell", "yowl", "scream", "roar", "bellow", "weep", "wail", "sob", "bawl"],
		"cut":["gash", "slash", "prick", "nick", "sever", "slice", "carve", "cleave", "slit", "chop", "crop", "lop", "reduce"],
		"dangerous":["perilous", "hazardous", "risky", "uncertain", "unsafe"],
		"dark":["shadowy", "unlit", "murky", "gloomy", "dim", "dusky", "shaded", "sunless", "black", "dismal", "sad"],
		"decide":["determine", "settle", "choose", "resolve"],
		"definite":["certain", "sure", "positive", "determined", "clear", "distinct", "obvious"],
		"delicious":["savory", "delectable", "appetizing", "luscious", "scrumptious", "palatable", "delightful", "enjoyable", "toothsome", "exquisite"],
		"describe":["portray", "characterize", "picture", "narrate", "relate", "recount", "represent", "report", "record"],
		"desire": ["want", "need"],
		"destroy":["ruin", "demolish", "raze", "waste", "kill", "slay", "end", "extinguish"],
		"difference":["disagreement", "inequity", "contrast", "dissimilarity", "incompatibility"],
		"do":["execute", "enact", "carry out", "finish", "conclude", "effect", "accomplish", "achieve", "attain"],
		"dull":["boring", "tiring", "tiresome", "uninteresting", "slow", "dumb", "stupid", "unimaginative", "lifeless", "dead", "insensible", "tedious", "wearisome", "listless", "expressionless", "plain", "monotonous", "humdrum", "dreary"],
		"eager":["keen", "fervent", "enthusiastic", "involved", "interested", "alive to"],
		"end":["stop", "finish", "terminate", "conclude", "close", "halt", "cessation", "discontinuance"],
		"enjoy":["appreciate", "delight in", "be pleased", "indulge in", "luxuriate in", "bask in", "relish", "devour", "savor", "like"],
		"everyone": ["everybody", "nobody", "noone"],
		"explain":["elaborate", "clarify", "define", "interpret", "justify", "account for"],
		"fair":["just", "impartial", "unbiased", "objective", "unprejudiced", "honest"],
		"fall":["drop", "descend", "plunge", "topple", "tumble"],
		"false":["fake", "fraudulent", "counterfeit", "spurious", "untrue", "unfounded", "erroneous", "deceptive", "groundless", "fallacious"],
		"family": ["mother", "mom", "father", "dad", "sister", "brother", "wife", "children", "child"],
		"famous":["well-known", "renowned", "celebrated", "famed", "eminent", "illustrious", "distinguished", "noted", "notorious"],
		"fast":["quick", "rapid", "speedy", "fleet", "hasty", "snappy", "mercurial", "swiftly", "rapidly", "quickly", "snappily", "speedily", "lickety-split", "posthaste", "hastily", "expeditiously", "like a flash"],
		"fat":["stout", "corpulent", "fleshy", "beefy", "paunchy", "plump", "full", "rotund", "tubby", "pudgy", "chubby", "chunky", "burly", "bulky", "elephantine"],
		"fear":["fright", "dread", "terror", "alarm", "dismay", "anxiety", "scare", "awe", "horror", "panic", "apprehension"],
		"fly":["soar", "hover", "flit", "wing", "flee", "waft", "glide", "coast", "skim", "sail", "cruise"],
		"funny":["humorous", "amusing", "droll", "comic", "comical", "laughable", "silly"],
		"get":["acquire", "obtain", "secure", "procure", "gain", "fetch", "find", "score", "accumulate", "win", "earn", "rep", "catch", "net", "bag", "derive", "collect", "gather", "glean", "pick up", "accept", "come by", "regain", "salvage"],
		"go":["recede", "depart", "fade", "disappear", "move", "travel", "proceed"],
		"good":["excellent", "fine", "superior", "wonderful", "marvelous", "qualified", "suited", "suitable", "apt", "proper", "capable", "generous", "kindly", "friendly", "gracious", "obliging", "pleasant", "agreeable", "pleasurable", "satisfactory", "well-behaved", "obedient", "honorable", "reliable", "trustworthy", "safe", "favorable", "profitable", "advantageous", "righteous", "expedient", "helpful", "valid", "genuine", "ample", "salubrious", "estimable", "beneficial", "splendid", "great", "noble", "worthy", "first-rate", "top-notch", "grand", "sterling", "superb", "respectable", "edifying"],
		"great":["noteworthy", "worthy", "distinguished", "remarkable", "grand", "considerable", "powerful", "much", "mighty"],
		"gross":["improper", "rude", "coarse", "indecent", "crude", "vulgar", "outrageous", "extreme", "grievous", "shameful", "uncouth", "obscene", "low"],
		"happy": ["better", "pleased", "contented", "satisfied", "delighted", "elated", "joyful", "cheerful", "ecstatic", "jubilant", "gay", "tickled", "gratified", "glad", "blissful", "overjoyed"],
		"hate":["despise", "loathe", "detest", "abhor", "disfavor", "dislike", "disapprove", "abominate"],
		"have":["hold", "possess", "own", "contain", "acquire", "gain", "maintain", "believe", "bear", "beget", "occupy", "absorb", "fill", "enjoy"],
		"help":["aid", "assist", "support", "encourage", "back", "wait on", "attend", "serve", "relieve", "succor", "benefit", "befriend", "abet"],
		"hide":["conceal", "cover", "mask", "cloak", "camouflage", "screen", "shroud", "veil"],
		"hurry":["rush", "run", "speed", "race", "hasten", "urge", "accelerate", "bustle"],
		"hurt":["damage", "harm", "injure", "wound", "distress", "afflict", "pain"],
		"idea":["thought", "concept", "conception", "notion", "understanding", "opinion", "plan", "view", "belief"],
		"important":["necessary", "vital", "critical", "indispensable", "valuable", "essential", "significant", "primary", "principal", "considerable", "famous", "distinguished", "notable", "well-known"],
		"interesting":["fascinating", "engaging", "sharp", "keen", "bright", "intelligent", "animated", "spirited", "attractive", "inviting", "intriguing", "provocative", "though-provoking", "challenging", "inspiring", "involving", "moving", "titillating", "tantalizing", "exciting", "entertaining", "piquant", "lively", "racy", "spicy", "engrossing", "absorbing", "consuming", "gripping", "arresting", "enthralling", "spellbinding", "curious", "captivating", "enchanting", "bewitching", "appealing"],
		"keep":["hold", "retain", "withhold", "preserve", "maintain", "sustain", "support"],
		"kill":["slay", "execute", "assassinate", "murder", "destroy", "cancel", "abolish"],
		"lazy":["indolent", "slothful", "idle", "inactive", "sluggish"],
		"little":["tiny", "small", "diminutive", "shrimp", "runt", "miniature", "puny", "exiguous", "dinky", "cramped", "limited", "itsy-bitsy", "microscopic", "slight", "petite", "minute"],
		"look":["gaze", "see", "glance", "watch", "survey", "study", "seek", "search for", "peek", "peep", "glimpse", "stare", "contemplate", "examine", "gape", "ogle", "scrutinize", "inspect", "leer", "behold", "observe", "view", "witness", "perceive", "spy", "sight", "discover", "notice", "recognize", "peer", "eye", "gawk", "peruse", "explore"],
		"love":["like", "admire", "esteem", "fancy", "care for", "cherish", "adore", "treasure", "worship", "appreciate", "savor"],
		"make":["create", "originate", "invent", "beget", "form", "construct", "design", "fabricate", "manufacture", "produce", "build", "develop", "do", "effect", "execute", "compose", "perform", "accomplish", "earn", "gain", "obtain", "acquire", "get"],
		"mark":["label", "tag", "price", "ticket", "impress", "effect", "trace", "imprint", "stamp", "brand", "sign", "note", "heed", "notice", "designate"],
		"mischievous":["prankish", "playful", "naughty", "roguish", "waggish", "impish", "sportive"],
		"move":["plod", "go", "creep", "crawl", "inch", "poke", "drag", "toddle", "shuffle", "trot", "dawdle", "walk", "traipse", "mosey", "jog", "plug", "trudge", "slump", "lumber", "trail", "lag","run", "sprint", "trip", "bound", "hotfoot", "high-tail", "streak", "stride", "tear", "breeze", "whisk", "rush", "dash", "dart", "bolt", "fling", "scamper", "scurry", "skedaddle", "scoot", "scuttle", "scramble", "race", "chase", "hasten", "hurry", "hump", "gallop", "lope", "accelerate", "stir", "budge", "travel", "wander", "roam", "journey", "trek", "ride", "spin", "slip", "glide", "slide", "slither", "coast", "flow", "sail", "saunter", "hobble", "amble", "stagger", "paddle", "slouch", "prance", "straggle", "meander", "perambulate", "waddle", "wobble", "pace", "swagger", "promenade", "lunge"],
		"moody":["temperamental", "changeable", "short-tempered", "glum", "morose", "sullen", "mopish", "irritable", "testy", "peevish", "fretful", "spiteful", "sulky", "touchy"],
		"neat":["clean", "orderly", "tidy", "trim", "dapper", "natty", "smart", "elegant", "well-organized", "super", "desirable", "spruce", "shipshape", "well-kept", "shapely"],
		"new":["fresh", "unique", "original", "unusual", "novel", "modern", "current", "recent"],
		"old":["feeble", "frail", "ancient", "weak", "aged", "used", "worn", "dilapidated", "ragged", "faded", "broken-down", "former", "old-fashioned", "outmoded", "passe", "veteran", "mature", "venerable", "primitive", "traditional", "archaic", "conventional", "customary", "stale", "musty", "obsolete", "extinct"],
		"part":["portion", "share", "piece", "allotment", "section", "fraction", "fragment"],
		"place":["space", "area", "spot", "plot", "region", "location", "situation", "position", "residence", "dwelling", "set", "site", "station", "status", "state"],
		"plan":["plot", "scheme", "design", "draw", "map", "diagram", "procedure", "arrangement", "intention", "device", "contrivance", "method", "way", "blueprint"],
		"popular":["well-liked", "approved", "accepted", "favorite", "celebrated", "common", "current"],
		"predicament":["quandary", "dilemma", "pickle", "problem", "plight", "spot", "scrape", "jam"],
		"put":["place", "set", "attach", "establish", "assign", "keep", "save", "set aside", "effect", "achieve", "do", "build"],
		"quiet":["silent", "still", "soundless", "mute", "tranquil", "peaceful", "calm", "restful"],
		"right":["correct", "accurate", "factual", "true", "good", "just", "honest", "upright", "lawful", "moral", "proper", "suitable", "apt", "legal", "fair"],
		"run":["race", "speed", "hurry", "hasten", "sprint", "dash", "rush", "escape", "elope", "flee"],
		"say":["inform", "notify", "advise", "relate", "recount", "narrate", "explain", "reveal", "disclose", "divulge", "declare", "command", "order", "bid", "enlighten", "instruct", "insist", "teach", "train", "direct", "issue", "remark", "converse", "speak", "affirm", "suppose", "utter", "negate", "express", "verbalize", "voice", "articulate", "pronounce", "deliver", "convey", "impart", "assert", "state", "allege", "mutter", "mumble", "whisper", "sigh", "exclaim", "yell", "sing", "yelp", "snarl", "hiss", "grunt", "snort", "roar", "bellow", "thunder", "boom", "scream", "shriek", "screech", "squawk", "whine", "philosophize", "stammer", "stutter", "lisp", "drawl", "jabber", "protest", "announce", "swear", "vow", "content", "assure", "deny", "dispute"],
		"sad": ["unhappy", "depressed", "sick"],
		"scared":["afraid", "frightened", "alarmed", "terrified", "panicked", "fearful", "unnerved", "insecure", "timid", "shy", "skittish", "jumpy", "disquieted", "worried", "vexed", "troubled", "disturbed", "horrified", "terrorized", "shocked", "petrified", "haunted", "timorous", "shrinking", "tremulous", "stupefied", "paralyzed", "stunned", "apprehensive"],
		"show":["display", "exhibit", "present", "note", "indicate", "explain", "reveal", "prove", "demonstrate", "expose"],
		"slow":["unhurried", "gradual", "leisurely", "late", "behind", "tedious", "slack"],
		"stop":["cease", "halt", "stay", "pause", "discontinue", "conclude", "end", "finish", "quit"],
		"story":["tale", "myth", "legend", "fable", "yarn", "account", "narrative", "chronicle", "epic", "sage", "anecdote", "record", "memoir"],
		"strange":["odd", "peculiar", "unusual", "unfamiliar", "uncommon", "queer", "weird", "outlandish", "curious", "unique", "exclusive", "irregular"],
		"take":["hold", "catch", "seize", "grasp", "win", "capture", "acquire", "pick", "choose", "select", "prefer", "remove", "steal", "lift", "rob", "engage", "bewitch", "purchase", "buy", "retract", "recall", "assume", "occupy", "consume"],
		"tell":["disclose", "reveal", "show", "expose", "uncover", "relate", "narrate", "inform", "advise", "explain", "divulge", "declare", "command", "order", "bid", "recount", "repeat"],
		"think":["judge", "deem", "assume", "believe", "consider", "contemplate", "reflect", "mediate"],
		"trouble":["distress", "anguish", "anxiety", "worry", "wretchedness", "pain", "danger", "peril", "disaster", "grief", "misfortune", "difficulty", "concern", "pains", "inconvenience", "exertion", "effort"],
		"true":["accurate", "right", "proper", "precise", "exact", "valid", "genuine", "real", "actual", "trusty", "steady", "loyal", "dependable", "sincere", "staunch"],
		"ugly":["hideous", "frightful", "frightening", "shocking", "horrible", "unpleasant", "monstrous", "terrifying", "gross", "grisly", "ghastly", "horrid", "unsightly", "plain", "homely", "evil", "repulsive", "repugnant", "gruesome"],
		"unhappy":["miserable", "uncomfortable", "wretched", "heart-broken", "unfortunate", "poor", "downhearted", "sorrowful", "depressed", "dejected", "melancholy", "glum", "gloomy", "dismal", "discouraged", "sad"],
		"use":["employ", "utilize", "exhaust", "spend", "expend", "consume", "exercise"],
		"wrong":["incorrect", "inaccurate", "mistaken", "erroneous", "improper", "unsuitable"]
	},
	"multi":{
		"intro":["There might be several right answers..."],
		"within":["As an alternative answer I would suggest..."]
	},
	"superfluous": [
		"tell me", "can you", "can you tell me", "do you know"
	],
	"begin": {
		"ask":["for", "about"], "begin":["with"], "do":[], "launch":["with"], "load":["with"],
		"open":["with"], "play":["with"], "resume":["with"], "run":["with"], "start":["with"], "start playing":["with"],
		"talk to":["about"], "tell":["about"], "use":["with"],
		"the":["for"], "about":["with"],
		"what is the":["for"], "what's the":["for"],
		"give me the":["for"], "tell me the":["for"]
	}
}
