"","flying_links.source","flying_links.target"
"1","never_catch_me_flying_lotus","siren_song_flying_lotus"
"2","never_catch_me_flying_lotus","confessions_pt_ii_feat_colin_stetson_badbadnotgood"
"3","never_catch_me_flying_lotus","confessions_pt_ii_badbadnotgood"
"4","never_catch_me_flying_lotus","forever_1__cashmere_cat_remix_hudson_mohawke"
"5","never_catch_me_flying_lotus","wngs_knxwledge"
"6","never_catch_me_flying_lotus","afraid_of_us_jonwayne"
"7","never_catch_me_flying_lotus","homewards_mndsgn"
"8","never_catch_me_flying_lotus","green_light_jonwayne"
"9","confessions_pt_ii_feat_colin_stetson_badbadnotgood","lavender_feat_kaytranada_badbadnotgood"
"10","confessions_pt_ii_feat_colin_stetson_badbadnotgood","walkin_thundercat"
"11","confessions_pt_ii_feat_colin_stetson_badbadnotgood","never_catch_me_flying_lotus"
"12","confessions_pt_ii_feat_colin_stetson_badbadnotgood","a_love_supreme_pt_i__acknowledgement_john_coltrane"
"13","confessions_pt_ii_feat_colin_stetson_badbadnotgood","sultans_request_flying_lotus"
"14","confessions_pt_ii_feat_colin_stetson_badbadnotgood","no_one_could_ever_hudson_mohawke"
"15","confessions_pt_ii_feat_colin_stetson_badbadnotgood","experience_badbadnotgood__ghostface_killah"
"16","confessions_pt_ii_feat_colin_stetson_badbadnotgood","a_love_supreme_pt_ii__resolution_john_coltrane"
"17","confessions_pt_ii_feat_colin_stetson_badbadnotgood","paper_jonwayne"
"18","confessions_pt_ii_feat_colin_stetson_badbadnotgood","still_talking_to_you_nujabes"
"19","confessions_pt_ii_feat_colin_stetson_badbadnotgood","residual_tingles_the_gaslamp_killer"
"20","confessions_pt_ii_feat_colin_stetson_badbadnotgood","introduction_madlib"
"21","confessions_pt_ii_feat_colin_stetson_badbadnotgood","knickers_turned_madlib"
"22","confessions_pt_ii_badbadnotgood","lavender_badbadnotgood"
"23","forever_1__cashmere_cat_remix_hudson_mohawke","make_you_wanna_taku"
"24","forever_1__cashmere_cat_remix_hudson_mohawke","playing_with_fire_redinho"
"25","forever_1__cashmere_cat_remix_hudson_mohawke","see_more_than_just_stars_feat_helado_negro_prefuse_73"
"26","forever_1__cashmere_cat_remix_hudson_mohawke","ryderz_hudson_mohawke"
"27","forever_1__cashmere_cat_remix_hudson_mohawke","put_it_down_feat_anderson_paak__krne_tokimonsta"
"28","forever_1__cashmere_cat_remix_hudson_mohawke","andrew_jonwayne"
"29","forever_1__cashmere_cat_remix_hudson_mohawke","see_you_leave_rjd2"
"30","forever_1__cashmere_cat_remix_hudson_mohawke","im_waiting_tokimonsta"
"31","forever_1__cashmere_cat_remix_hudson_mohawke","gold_coat_feat_cuushe_iglooghost"
"32","forever_1__cashmere_cat_remix_hudson_mohawke","meet_in_the_middle_taku"
"33","forever_1__cashmere_cat_remix_hudson_mohawke","dont_mind_me_feat_whoarei_nosaj_thing"
"34","forever_1__cashmere_cat_remix_hudson_mohawke","juju_ras_g"
"35","forever_1__cashmere_cat_remix_hudson_mohawke","italy_samiyam"
"36","wngs_knxwledge","ontome_knxwledge"
"37","wngs_knxwledge","spectrum_ohbliv"
"38","wngs_knxwledge","luvpoem_ohbliv"
"39","wngs_knxwledge","try_this_peppermint_soap_mndsgn"
"40","wngs_knxwledge","legwarmrs_mndsgn"
"41","wngs_knxwledge","3_way_mirrors_dibiase"
"42","wngs_knxwledge","this_l_samiyam"
"43","wngs_knxwledge","lumberjack_dibiase"
"44","wngs_knxwledge","makinglists_devonwho"
"45","wngs_knxwledge","french_vanilla_elaquent"
"46","wngs_knxwledge","cushion_samiyam"
"47","wngs_knxwledge","hereiswhere_bahwee"
"48","wngs_knxwledge","peach_flavored_bahwee"
"49","afraid_of_us_jonwayne","rainbow_jonwayne"
"50","afraid_of_us_jonwayne","popeye_quelle_chris"
"51","afraid_of_us_jonwayne","buddies_quelle_chris"
"52","afraid_of_us_jonwayne","nnge_oddisee"
"53","afraid_of_us_jonwayne","worlds_to_run_featuring_milo_anderson_paak_busdriver"
"54","afraid_of_us_jonwayne","feelin_knxwledge"
"55","homewards_mndsgn","camelblues_mndsgn"
"56","homewards_mndsgn","thtbodi_knxwledge"
"57","homewards_mndsgn","onlijournitro_knxwledge"
"58","homewards_mndsgn","think_process_juj"
"59","homewards_mndsgn","filmstrip_ackryte"
"60","homewards_mndsgn","creep_juj"
"61","homewards_mndsgn","going_ackryte"
"62","homewards_mndsgn","olivia_shigeto"
"63","homewards_mndsgn","four_days_alone_blewis"
"64","homewards_mndsgn","tuesday_afta1"
"65","green_light_jonwayne","minerals__gems_jonwayne"
"66","green_light_jonwayne","love_lost_taku"
"67","green_light_jonwayne","announcement_samiyam"
"68","green_light_jonwayne","moving_on_taku"
"69","green_light_jonwayne","forget_it_samiyam"
"70","green_light_jonwayne","antibodies_monopoly"
"71","green_light_jonwayne","yuumshit_ras_g"
"72","green_light_jonwayne","with_me_now_flako"
