"","h_links.source","h_links.target"
"1","insight_haywyre","stronger_feat_emel_stonebank"
"2","insight_haywyre","pressure_feat_laura_brehm_draper"
"3","insight_haywyre","mountains_feat_veela_rameses_b"
"4","insight_haywyre","i_cant_tut_tut_child"
"5","insight_haywyre","dads_in_space_stephen_walking"
"6","insight_haywyre","atlantic_rogue"
"7","insight_haywyre","snowblind_feat_tasha_baxter_au5"
"8","insight_haywyre","sculpted_haywyre"
"9","insight_haywyre","sentinel_noisestorm"
"10","insight_haywyre","emergency_pegboard_nerds"
"11","insight_haywyre","here_with_you_now_grabbitz"
"12","insight_haywyre","here_it_comes_snavs__toby_green_remix_pegboard_nerds"
"13","insight_haywyre","canvas_rezonate"
"14","pressure_feat_laura_brehm_draper","insight_haywyre"
"15","pressure_feat_laura_brehm_draper","children_of_the_night_razihel"
"16","pressure_feat_laura_brehm_draper","turn_around_grabbitz"
"17","pressure_feat_laura_brehm_draper","skybreaker_razihel"
"18","pressure_feat_laura_brehm_draper","gunmetal_black_varien"
"19","pressure_feat_laura_brehm_draper","hot_pursuit_tut_tut_child"
"20","pressure_feat_laura_brehm_draper","night_rider_feat_phoebe_ray_draper"
"21","pressure_feat_laura_brehm_draper","truth_dabin_remix_tristam"
"22","pressure_feat_laura_brehm_draper","dream_catcher_feat_charlotte_haining_rameses_b"
"23","pressure_feat_laura_brehm_draper","once_again_tristam"
"24","pressure_feat_laura_brehm_draper","the_scarlet_dawn_varien"
"25","pressure_feat_laura_brehm_draper","battle_cry_dotexe"
"26","pressure_feat_laura_brehm_draper","quantum_virtual_riot_remix_astronaut"
"27","mountains_feat_veela_rameses_b","rattlesnake_rogue"
"28","mountains_feat_veela_rameses_b","phosphor_feat_miyoki_feint"
"29","mountains_feat_veela_rameses_b","here_it_comes_pegboard_nerds"
"30","mountains_feat_veela_rameses_b","homebound_feint"
"31","mountains_feat_veela_rameses_b","utopia_ft_holly_drummond_rameses_b"
"32","mountains_feat_veela_rameses_b","the_phantom_feat_high_maintenance_muzzy"
"33","mountains_feat_veela_rameses_b","surge_noisestorm"
"34","mountains_feat_veela_rameses_b","born_mitis"
"35","mountains_feat_veela_rameses_b","spirit_of_life_blackmill"
"36","mountains_feat_veela_rameses_b","sandblast_fox_stevenson"
"37","mountains_feat_veela_rameses_b","believe_feat_connor_zwetsch_trivecta"
"38","mountains_feat_veela_rameses_b","follow_me_tristam"
"39","mountains_feat_veela_rameses_b","let_it_be_feat_veela_blackmill"
"40","i_cant_tut_tut_child","carry_me_away_rootkit"
"41","i_cant_tut_tut_child","far_away_tristam"
"42","i_cant_tut_tut_child","too_late_rootkit"
"43","i_cant_tut_tut_child","try_this_pegboard_nerds"
"44","i_cant_tut_tut_child","bassline_kickin_pegboard_nerds"
"45","i_cant_tut_tut_child","out_on_a_limb_feat_jonny_rose_mr_fijiwiji"
"46","i_cant_tut_tut_child","breathe_feat_danyka_nadeau_tut_tut_child"
"47","i_cant_tut_tut_child","maelstrom_tut_tut_child"
"48","i_cant_tut_tut_child","bad_boy_razihel"
"49","i_cant_tut_tut_child","my_friend_tristam"
"50","i_cant_tut_tut_child","breakdown_vip_noisestorm"
"51","i_cant_tut_tut_child","wanna_know_you_feat_holly_drummond_direct"
"52","i_cant_tut_tut_child","blossom_au5"
"53","dads_in_space_stephen_walking","fugitive_case__point"
"54","dads_in_space_stephen_walking","the_girl_feat_cozi_zuehlsdorff_hellberg"
"55","dads_in_space_stephen_walking","bring_the_madness_feat_mayor_apeshit_excision"
"56","dads_in_space_stephen_walking","moving_on_feat_emel_stonebank"
"57","dads_in_space_stephen_walking","the_other_day_insan3lik3"
"58","dads_in_space_stephen_walking","lonely_feat_bijou_rezonate"
"59","dads_in_space_stephen_walking","so_what_pegboard_nerds"
"60","dads_in_space_stephen_walking","ashes_burn_your_love_feat_danyka_nadeau_hellberg"
"61","dads_in_space_stephen_walking","ftw_lets_be_friends"
"62","dads_in_space_stephen_walking","airwaves_noisestorm"
"63","dads_in_space_stephen_walking","run_away_from_me_dotexe"
"64","dads_in_space_stephen_walking","dat_voices_insan3lik3"
"65","dads_in_space_stephen_walking","moonlight_feat_aloma_steele_varien"
"66","atlantic_rogue","night_after_night_rogue"
"67","atlantic_rogue","from_the_dust_rogue"
"68","atlantic_rogue","i_remember_tristam"
"69","atlantic_rogue","one_click_headshot_feed_me"
"70","atlantic_rogue","cant_control_myself_krewella"
"71","atlantic_rogue","vancouver_beatdown_zomboy"
"72","atlantic_rogue","bullseye_kdrew"
"73","snowblind_feat_tasha_baxter_au5","dance_to_it_tut_tut_child"
"74","snowblind_feat_tasha_baxter_au5","the_seahorse_au5"
"75","snowblind_feat_tasha_baxter_au5","drum_n_vodka_quba"
"76","snowblind_feat_tasha_baxter_au5","fractals_seven_lions"
"77","snowblind_feat_tasha_baxter_au5","the_mentalist_mr_fijiwiji"
"78","snowblind_feat_tasha_baxter_au5","apollo_dodge__fuski_remix_astronaut"
"79","snowblind_feat_tasha_baxter_au5","vm3000_501"
"80","snowblind_feat_tasha_baxter_au5","phoenix_down_meta"
"81","snowblind_feat_tasha_baxter_au5","falling_skies_501"
"82","snowblind_feat_tasha_baxter_au5","choose_me_ii_xilent"
"83","snowblind_feat_tasha_baxter_au5","lunar_vip_rudebrat"
"84","snowblind_feat_tasha_baxter_au5","starscream_meta"
"85","snowblind_feat_tasha_baxter_au5","rims_quba"
"86","sculpted_haywyre","pendulum_haywyre"
"87","sculpted_haywyre","7th_dimension_koan_sound"
"88","sculpted_haywyre","funk_blaster_koan_sound"
"89","sculpted_haywyre","time_for_myself_feed_me"
"90","sculpted_haywyre","alarm_clock_feed_me"
"91","sculpted_haywyre","earth_calls_rameses_b"
"92","sculpted_haywyre","frainbreeze_pegboard_nerds"
"93","sculpted_haywyre","thumbs_up_kill_the_noise"
"94","sculpted_haywyre","shadow_in_the_rose_garden_the_m_machine"
"95","sculpted_haywyre","two_culprate"
"96","sculpted_haywyre","she_was_seven_lions"
"97","sculpted_haywyre","awesome_to_the_max_ephixa"
"98","sculpted_haywyre","black_magic_kill_the_noise_pt_2_kill_the_noise"
"99","sentinel_noisestorm","break_them_feat_anna_yvette_aero_chord"
"100","sentinel_noisestorm","atlas_feint"
"101","sentinel_noisestorm","breathe_twothirds"
"102","sentinel_noisestorm","tonight_feat_holly_drummond_twothirds"
"103","sentinel_noisestorm","solace_album_mix_monstercat"
"104","sentinel_noisestorm","touch_sound_xilent"
"105","sentinel_noisestorm","firestorm_far_too_loud"
"106","sentinel_noisestorm","hoedown_zomboy"
"107","sentinel_noisestorm","nuclear_hands_up_zomboy"
"108","sentinel_noisestorm","breakdown_document_one"
"109","sentinel_noisestorm","splinter_original_mix_savant"
"110","sentinel_noisestorm","blu_mitis__mahi"
"111","sentinel_noisestorm","superhuman__titchimoto_remix_virtual_riot"
"112","emergency_pegboard_nerds","against_the_sun_feat_anna_yvette_rootkit"
"113","emergency_pegboard_nerds","valkyrie_feat_laura_brehm_varien"
"114","emergency_pegboard_nerds","flight_tristam__braken"
"115","emergency_pegboard_nerds","to_the_stars_braken"
"116","emergency_pegboard_nerds","with_you_feat_alby_hobbs_draper"
"117","emergency_pegboard_nerds","give_it_up_knife_party"
"118","emergency_pegboard_nerds","internet_friends_knife_party"
"119","emergency_pegboard_nerds","mind_control_zomboy"
"120","emergency_pegboard_nerds","the_giant_eyeball_original_mix_figure"
"121","emergency_pegboard_nerds","the_devil_figure"
"122","emergency_pegboard_nerds","first_of_the_year_equinox_skrillex"
"123","emergency_pegboard_nerds","unison_knife_party_remix_porter_robinson"
"124","emergency_pegboard_nerds","scary_monsters_and_nice_sprites_skrillex"
"125","here_with_you_now_grabbitz","self_destruct_pegboard_nerds"
"126","here_with_you_now_grabbitz","way_too_deep_grabbitz"
"127","here_with_you_now_grabbitz","rave_on_karetus"
"128","here_with_you_now_grabbitz","gem_shards_must_die"
"129","here_it_comes_snavs__toby_green_remix_pegboard_nerds","404_knife_party"
"130","here_it_comes_snavs__toby_green_remix_pegboard_nerds","gorilla_march_zomboy"
"131","here_it_comes_snavs__toby_green_remix_pegboard_nerds","allow_it_lets_be_friends"
"132","canvas_rezonate","this_is_forever_feat_danyka_nadeau_hellberg"
"133","canvas_rezonate","below_us_feat_shaz_sparks_seven_lions"
"134","canvas_rezonate","onstuh_feed_me"
"135","canvas_rezonate","here_to_stay_zomboy"
"136","canvas_rezonate","space_forest_kill_paris"
"137","canvas_rezonate","slap_me_kill_paris"
"138","canvas_rezonate","ready_to_go_klaypex"
"139","canvas_rezonate","stars_feat_sara_kay_klaypex"
"140","canvas_rezonate","and_you_gemini"
"141","canvas_rezonate","blue_gemini"
"142","canvas_rezonate","monstercat_podcast_ep_055_monstercat"
"143","canvas_rezonate","circles_kdrew"
"144","canvas_rezonate","let_this_go_original_mix_fox_stevenson"
