{"freq":{"D":4197,"E":6232,"F":3169,"G":6172,"A":11736,"B":9621,"C":6059,"L":5259,"M":7896,"N":3931,"O":1684,"H":4028,"I":4207,"J":2162,"K":6749,"U":5511,"T":3855,"W":1494,"V":2500,"Q":172,"P":6579,"S":9102,"R":4212,"Y":1003,"X":512,"Z":488,"f":8875,"g":61989,"d":78008,"e":313803,"b":31588,"c":24054,"Fed":26,"a":272837,"n":176116,"o":149856,"l":87783,"Fei":28,"m":47338,"j":4813,"Fel":48,"k":50019,"h":76286,"i":117218,"w":12251,"v":50149,"Fer":128,"u":89344,"t":103349,"s":73080,"r":187209,"q":653,"p":29670,"z":76339,"y":13415,"x":1593,"²":87,"É":103,"Æ":28,"Á":35,"ß":56,"Ö":36,"Fil":72,"ï":72,"î":145,"Fin":82,"í":410,"ì":30,"ë":83,"ê":3087,"Fir":91,"é":1358,"è":308,"ç":177,"æ":55,"å":31,"ä":104,"ã":91,"â":320,"á":471,"à":154,"ü":417,"ú":104,"û":28,"ø":33,"ù":12711,"ö":186,"ô":883,"ò":64,"ó":303,"ð":41,"ñ":13114,"ē":47,"ā":179,"ı":57,"ī":94,"œ":24,"ł":28,"ō":129,"ŋ":29,"š":64,"ū":60,"Fas":33,"Fal":52,"Far":46,"Fao":28,"Ere":25,"Eri":80,"Ess":28,"Est":94,"ɪ":92,"Eti":95,"Ern":44,"ɑ":37,"ɔ":56,"ə":176,"Esk":29,"ɛ":92,"Eus":234,"Eur":413,"Evi":62,"Eve":178,"ʲ":56,"Etr":88,"ʁ":32,"ʃ":63,"Eug":29,"ʒ":27,"ˈ":252,"ː":126,"El ":42,"Eil":157,"Eis":24,"̪":34,"́":93,"En ":194,"Ele":79,"μ":110,"ν":272,"ο":341,"Eng":26,"θ":54,"ι":256,"Ene":282,"κ":130,"λ":194,"δ":108,"ε":164,"η":171,"α":367,"β":37,"γ":77,"έ":64,"ά":97,"Emr":46,"ί":114,"ή":58,"Τ":24,"Emi":47,"Π":49,"Σ":33,"Ema":198,"Emb":80,"Μ":29,"Κ":60,"Emg":113,"Δ":26,"Ε":25,"Α":38,"Eli":87,"Er ":626,"Eos":308,"ω":68,"ώ":38,"ύ":56,"ό":91,"σ":144,"Enn":75,"ς":295,"ρ":254,"Eno":35,"π":118,"χ":49,"φ":41,"υ":86,"τ":173,"ь":74," l":8798," m":10929," n":4691," o":10291,"я":110," h":33728,"ш":32," i":6397," j":591," k":16456,"ы":48," d":33789," e":65040,"х":29," f":3147,"ц":29," g":22398,"ч":83,"р":242," a":67851,"с":221," b":15502,"т":159," c":6570,"у":98," y":7164," x":75," z":11510," u":16972," t":10075," w":4118," v":14078," q":70," p":14721," s":18295," r":10530,"К":52,"М":37,"П":37,"Б":35,"А":40,"В":28," J":2150," K":6707,"Gel":33," H":4011,"Gem":30," I":4197," N":3921," O":1674," L":5228," M":7864," B":9590," C":6014,"Р":27," A":11706,"С":33," F":3158," G":6126," D":4174," E":6209,"л":194," Z":483,"к":212,"й":67," Y":1001," X":511,"и":383,"п":52,"Gev":46,"о":298,"н":235,"м":105," S":9083,"г":57,"Ger":233," R":4196,"в":187," Q":170,"б":58," P":6551,"а":436,"Geo":116," W":1492,"з":42," V":2493,"Gen":420," U":5507,"е":253," T":3831,"д":87," à":46," é":34,"Gla":87,"Gha":39," Á":35," Æ":28,"Gio":61,"Gin":304," É":99,"Gil":36,"Gir":54," Ö":36,"Giu":33,"Öst":25,"ա":37,"ה":46,"ו":58,"ד":24,"א":35,"ב":25,"מ":26,"ל":40,"י":72,"נ":26,"ש":34,"ר":42,"ת":30,"Gan":365,"Gal":400,"Gau":32,"Gar":135,"Gai":41,"Gae":31,"Gab":63,"و":95,"ي":184,"ف":25,"ق":36,"ل":178,"م":124,"ن":112,"ه":24,"Ful":27,"د":75,"ج":40,"ح":59,"ت":33,"ب":101,"ة":62,"ا":268,"ع":53,"ش":34,"س":58,"ز":26,"ر":129,"Fro":29," ˈ":146," Κ":60," Μ":29," Α":37," Ε":25," Δ":26,"Flo":56,"Fla":330," А":40," Б":35," В":28,"Fra":928," К":52,"Fri":125," М":37,"Fre":98," П":37,"A ":488," τ":29," σ":25,"Fon":41,"For":176,"Fou":55," Σ":33," Π":49,"F ":73,"Da":716,"Cu":144,"Cy":124,"Cl":234,"Co":885,"Cr":171,"Ce":272,"Ch":926,"Ci":142,"G ":58,"Ec":91,"Ed":137,"Ea":89,"Eb":325,"Du":515,"Dy":40,"Do":666,"Dr":253,"De":778,"Dj":30,"Di":924,"Dh":31,"Fe":317,"H ":28,"Fa":315,"Ez":36,"Eu":755,"Ev":284,"Ex":30,"Er":901,"Et":209,"Es":214,"En":714,"Em":545,"Ep":30,"Eo":336,"Ei":245,"El":312,"Ek":28,"Eg":106,"Ge":937,"Ga":1188,"I ":590,"Fu":93,"Fr":1205,"Fo":347,"Bé":40,"Fl":420,"Fi":321,"B ":138," Р":27," С":33,"II ":397,"C ":1616,"Av":131,"Au":241,"Ar":3352,"IIv":103,"Aq":24,"At":426,"As":207,"D ":116,"Ba":1056,"Az":390,"Ay":27,"Ae":93,"Af":391,"Ag":119,"Ah":33,"Ab":268,"Ac":90,"Ad":209,"Am":688,"An":2172,"Ao":672,"Ap":114,"Ai":113,"Ak":96,"Al":1482,"Hir":30,"Hit":39,"His":54,"Bu":358,"Br":4619,"Hiz":25,"Ca":1444,"E ":930,"Bh":52,"Bi":459,"Be":1718,"Hil":64,"Bo":882,"Him":29,"Bl":208,"Hip":24,"Ku":315,"Ky":42,"Kn":26,"Kl":164,"Kr":780,"Ko":1315,"Le":1264,"Li":865,"N ":201,"La":1228,"Lu":362,"Ly":48,"Hé":41,"Ll":170,"Lo":978,"Me":1994,"Mi":714,"া":34,"O ":130,"Ma":3078,"Mc":41,"My":178,"Mu":254,"Mo":1332,"Ni":470,"Ne":1118,"Na":820,"P ":94,"Hel":244,"Ny":33,"Hei":53,"Nu":54,"No":1155,"Hea":31,"Ok":98,"Ol":141,"Om":48,"Kê":117,"On":29,"Og":35,"Oi":37,"Heo":48,"Oc":47,"Od":68,"Hem":56,"Of":58,"Hen":313,"Hes":59,"Oa":47,"Her":732,"Ob":101,"Gi":574,"Gh":58,"Gl":175,"Gr":739,"Go":862,"Gu":340,"Gy":27,"Gw":1133,"J ":134,"क":25,"Ha":1093,"He":1705,"Hi":350,"Ho":415,"न":34,"Hu":232,"म":31,"Hy":84,"र":42,"K ":222,"Ib":34,"Ia":195,"Id":60,"Ic":25,"Ie":25,"ि":28,"Ig":31,"ा":67,"Io":60,"Ip":79,"Im":319,"In":1032,"Il":240,"ी":28,"Iw":209,"Iv":208,"्":59,"Is":368,"It":343,"Ir":161,"Ja":558,"L ":80,"Iz":313,"Ji":84,"Je":437,"Jo":529,"Had":25,"Haa":25,"Hab":131,"Ju":263,"Hal":46,"Ka":2038,"Hai":67,"Han":276,"M ":61,"Ham":53,"Kh":46,"Har":175,"Ki":287,"Haw":72,"Ke":1388,"Hau":54,"Ut":31,"Ur":2997,"Un":1813,"Uk":44,"Ul":286,"Uh":133,"Ty":53,"Tu":261,"Tr":772,"Pê":43,"To":427,"Th":476,"Ti":378,"Te":503,"Ta":643,"Tc":179,"V ":168,"Sw":47,"Sy":84,"St":1759,"Sv":127,"Su":798,"Wo":96,"Wi":335,"Sã":44,"Wh":28,"Wa":422,"We":489,"Vv":57,"Y ":42,"Vo":153,"Rí":30,"Vr":262,"Vu":27,"Vi":641,"Vl":43,"Ré":29,"X ":71,"Va":400,"Ve":664,"Mé":39,"Qi":24,"Pt":32," م":36,"Pu":130,"Pr":893,"Gus":31,"Ps":36,"Guy":41,"S ":168,"Py":52,"Pe":1224,"Gua":82,"Pf":25,"Pa":1933,"Gue":50,"Gui":57,"Lé":26,"Pl":487,"Po":937," ع":30,"Pi":432,"Ph":183,"Os":107,"Ot":70,"Ou":210," ا":123,"Op":33,"Or":316,"R ":57," ب":27,"Ow":50,"Kö":34,"Se":618,"Sc":261,"Si":922,"Sh":171,"Sm":46,"Sl":65,"Sk":511,"Sr":25,"Sp":346,"So":664,"Ru":420,"U ":31,"Sa":2188,"Gwy":105,"Gwe":600,"Re":1198,"Gwa":119,"Ri":358,"Rh":169,"Ro":1382,"Gwi":279,"Qu":112,"T ":45,"Ra":453,"Mü":57,"Gre":245,"Gri":43,"Gra":263,"Wü":24,"b ":1746,"Gru":58,"Gro":111,"a ":60184,"Ye":198,"Ya":330,"Yo":220,"Yv":36,"Yu":107,"Ys":24,"Gle":29,"Wy":25,"Glo":28,"Xa":37,"Xi":32,"Xv":91,"Gon":36,"Got":28,"Gou":537,"Gor":76,"Za":103,"Ze":159,"Zi":46,"Zo":34,"Zu":68,"Vî":53,"i ":7854,"fy":71,"gd":123,"ge":7989,"ga":15000,"gb":76,"bé":25,"fl":324,"fg":36,"ff":279,"fi":1447,"Ini":174,"fr":1282,"fu":204,"ft":110,"Int":68,"fo":1405,"j ":410,"gy":86,"gw":1619,"hd":50,"Ipa":70,"he":10707,"hc":25,"ha":23155,"gn":2093,"gm":47,"gl":848,"gk":33,"gi":2102,"gh":734,"gg":126,"gu":2092,"Ion":24,"gt":232,"gs":102,"gr":2162,"go":4456,"dt":122,"du":4207,"dv":101,"dw":187,"dy":171,"dz":34,"g ":20767,"ea":2356,"eb":1541,"ec":3453,"ed":9236,"de":16457,"Ili":95,"dd":600,"dg":78,"df":47,"di":9920,"dh":144,"dk":37,"dj":268,"dm":38,"dl":101,"do":5797,"dn":55,"dp":25,"ds":337,"dr":5697,"ew":376,"ex":279,"eu":16675,"añ":10099,"ev":9709,"ey":390,"ez":32964,"fa":1334,"h ":20209,"Ind":651,"fe":1499,"eh":357,"eg":13356,"ef":502,"ee":1354,"el":17644,"ek":11355,"ej":161,"ei":7025,"ep":3262,"eo":10164,"Imp":288,"en":41069,"em":6548,"et":30716,"es":7806,"aï":43,"er":32314,"aí":40,"eq":26,"ca":1129,"e ":52189,"bw":39,"by":108,"bs":76,"br":5995,"bu":921,"bn":37,"bo":2286,"bj":43,"bl":2570,"bh":95,"bi":1782,"bb":73,"bc":25,"bd":41,"be":10849,"db":36,"da":12451,"f ":728,"cy":83,"cu":421,"ct":371,"cs":66,"cq":94,"cr":201,"co":1158,"cm":65,"ck":578,"cl":127,"ci":937,"ch":6076,"ce":962,"cc":154,"c ":11462,"Il ":108,"az":3455,"ay":921,"ba":4699,"d ":20779,"at":6319,"as":6537,"ar":41906,"aq":80,"ax":163,"aw":608,"av":4883,"au":1374,"ak":2454,"al":17234,"ai":2830,"aj":361,"ao":6749,"ap":2035,"am":7774,"an":56453,"ac":2422,"ad":15598,"aa":848,"ab":3465,"ag":10609,"ah":821,"ae":5484,"af":819,"nu":699,"nt":21400,"ns":1811,"nr":251,"nq":24,"np":48,"no":7098,"nn":19156,"q ":55,"nz":429,"ny":637,"nw":203,"nv":5870,"oe":3732,"of":1198,"oc":1802,"od":2285,"oa":9317,"ob":1946,"om":6712,"on":16021,"kê":868,"ok":1528,"ol":8383,"oi":1324,"oj":257,"og":1807,"oh":346,"hō":59,"m²":87,"ot":2276,"os":3836,"ov":1541,"ou":23053,"op":1601,"oo":428,"or":10770,"oq":29,"r ":67149,"ox":54,"ow":323,"oz":3965,"oy":250,"pe":10529,"lá":71,"lâ":211,"pg":46,"pa":6028,"pl":2140,"lé":135,"pm":43,"lê":44,"pn":29,"po":2880,"ph":570,"JK ":124,"pi":1360,"pk":99,"lo":6423,"ln":63,"hê":112,"lm":544,"hé":48,"Ida":24,"ll":11038,"ls":344,"lr":74,"lp":246,"lw":139,"lv":1307,"lu":1154,"lt":965,"lz":374,"ly":435,"hô":24,"o ":32003,"md":124,"ma":12097,"mb":2996,"mg":320,"mh":71,"me":8356,"mf":56,"mk":42,"iè":109,"ml":68,"mi":2710,"mn":103,"iê":44,"mm":2195,"ié":44,"mp":2828,"mo":3261,"mr":185,"mt":73,"ms":373,"mv":54,"mu":2992,"iñ":2018,"ió":60,"mw":25,"mz":3729,"my":129,"p ":1373,"na":11870,"nb":331,"nc":1094,"nd":5068,"ne":23869,"nf":226,"ng":4164,"nh":269,"ni":8151,"nj":156,"nk":1557,"nl":441,"Iañ":171,"nm":245,"jv":61,"ju":124,"jp":52,"jo":305,"jk":39,"ki":2545,"kh":260,"kg":81,"kf":26,"ke":6882,"ka":6948,"m ":4186,"kw":151,"ky":90,"ks":726,"kt":473,"ku":843,"kv":64,"ko":9911,"kp":26,"kr":4134,"kk":98,"kl":851,"km":424,"gé":31,"gê":1037,"kn":60,"li":10539,"lh":850,"lk":281,"lj":172,"há":26,"le":14802,"ld":725,"lg":609,"lf":458,"hâ":37,"la":12823,"lc":685,"lb":380,"n ":59707,"hr":1218,"hs":140,"hp":166,"hv":118,"hw":571,"ht":657,"hu":1645,"hk":45,"hh":50,"hi":5476,"hn":188,"ho":10678,"hl":290,"dé":99,"hm":114,"id":3097,"ic":2459,"ib":1666,"ia":11918,"ih":739,"ig":3475,"if":619,"ie":9527,"hy":234,"k ":14348,"iq":109,"ir":3605,"is":9955,"it":5964,"iu":555,"eñ":707,"iv":5470,"iw":1706,"eó":29,"ix":145,"ii":261,"ij":2240,"ik":4708,"il":5550,"im":2753,"in":11502,"io":6614,"ip":861,"je":2425,"ji":570,"iz":11203,"iy":170,"l ":21633,"ja":657,"eü":82,"xi":170,"tê":725,"xo":25,"té":97,"tí":24,"xt":32,"wy":307,"ww":48,"z ":21079,"xa":108,"xe":71,"tá":25,"wg":44,"wi":1081,"wl":28,"sé":62,"wn":92,"wo":182,"wr":234,"ws":56,"wu":29,"ró":27,"vy":51,"y ":1750,"wa":5770,"wd":28,"wc":24,"we":3809,"vl":249,"rè":27,"ré":171,"vi":8261,"vu":454,"vr":4428,"vs":56,"rí":84,"vn":703,"vo":3736,"uz":3040,"uy":131,"ux":133,"uw":90,"uv":260,"uu":46,"rá":48,"ve":20616,"vc":54,"va":5019,"x ":1065,"ui":1518,"uj":140,"uk":544,"ul":3378,"ue":6663,"uf":196,"ug":1545,"uh":578,"uq":27,"ur":24906,"us":15250,"ut":2185,"um":4282,"un":10596,"uo":187,"up":344,"ty":255,"tz":187,"tu":2687,"tt":851,"tw":83,"tv":571,"ub":1283,"ua":3200,"ud":3820,"uc":669,"w ":395,"to":5713,"tn":87,"tm":65,"pé":34,"tl":859,"ts":475,"tr":9199,"tp":62,"tg":52,"tf":46,"te":12319,"td":69,"tk":150,"ti":7302,"th":2179,"où":12686,"v ":6249,"tb":27,"tc":753,"ta":12012,"su":1038,"oñ":231,"sv":158,"ss":1448,"st":12827,"sy":140,"sz":27,"sw":107,"sl":448,"sk":7635,"sn":138,"sm":219,"sp":1928,"so":3042,"sr":249,"sq":42,"sd":77,"sc":650,"sf":62,"se":5114,"sh":1087,"sg":84,"si":4429,"rz":4399,"u ":4057,"sa":6559,"sb":201,"rr":4376,"rs":928,"rt":3750,"ru":2612,"rv":3731,"rw":117,"nô":738,"rx":60,"ry":577,"rq":53,"rp":204,"ro":20230,"rn":4389,"rm":2207,"né":104,"rl":1174,"rk":1313,"nç":124,"rj":101,"ri":15929,"rh":211,"rg":1755,"rf":439,"re":30793,"ná":35,"rd":2128,"rc":2074,"rb":1039,"ra":14858,"t ":46228,"qu":495,"IXv":50,"mé":40,"má":30,"qa":26,"s ":25101,"px":514,"py":38,"pt":406,"pu":902,"pv":51,"pp":317,"lí":31,"pr":1879,"ps":278,"Huo":27,"Hun":82,"IX ":33,"IV ":67,"zz":96,"Hor":50,"zg":66,"zh":24600,"zi":3857,"Hou":36,"zb":56,"zd":80,"ze":9700,"Hog":24,"za":2558,"Hom":30,"Hon":65,"Hol":98,"zv":69,"zs":223,"vî":50,"zr":75,"zu":767,"zt":86,"zo":11706,"zn":961,"zp":33,"zk":64,"zm":26,"vé":27,"zl":48,"yg":40,"ye":6849,"yf":63,"uß":34,"yc":113,"yd":279,"ya":1435,"yb":30,"yw":102,"uñ":26,"yu":169,"yt":99,"ys":381,"yr":208,"yp":102,"yo":385,"yn":492,"ué":33,"ym":158,"yl":291,"yk":38,"yi":226,"Arg":47,"Are":40,"Arc":158,"Ard":33,"Ara":192,"Aro":63,"Arm":115,"Arn":27,"Ark":40,"Ari":62,"Apo":55,"Ate":49,"Ath":31,"Atl":295,"Ast":51,"Ass":62,"Arr":26,"Art":101,"Arv":191,"Arz":47,"Avi":58,"Ave":35,"Aus":28,"Aur":33,"Aug":87,"Aze":65,"Azg":34,"Azi":259,"Bag":26,"Bah":39,"Bai":39,"Bal":109,"Ban":147,"Bab":28,"Bac":26,"Bad":61,"Bae":28,"Bay":41,"Bar":222,"Bas":70,"Bav":68,"Bau":37,"ი":28,"ა":24,"Abe":71,"Aba":68,"Abd":28,"Ada":49,"Ado":41,"Ade":35,"Aet":37,"Aga":26,"Afr":330,"Afg":29,"Agn":27,"Air":36,"Al ":187,"Aka":25,"Ala":402,"Alb":169,"An ":1075,"Ali":70,"Alj":93,"Alc":41,"Ale":147,"Alf":49,"Alt":68,"All":74,"Alo":28,"Alp":44,"Ame":389,"Amb":31,"Ama":131,"Ams":36,"Ang":158,"Anj":44,"Ana":144,"And":189,"Anv":85,"Ant":227,"Ann":136,"Aod":213,"Aoz":43,"Ar ":2118,"Aos":340,"Bul":44,"Bun":25,"Bur":93,"Bue":26,"Bry":28,"Bru":240,"² ":87,"Cad":56,"Cae":102,"Cal":419,"Cam":89,"Cas":109,"Car":279,"Cat":102,"Can":103,"Cap":77,"Bea":77,"Bez":111,"Bev":81,"Bes":27,"Bet":78,"Ber":307,"Ben":164,"Bel":409,"Bei":28,"Beh":46,"Beg":25,"Bed":301,"Bib":28,"Bho":30,"Biz":33,"Bil":34,"Big":27,"Bih":155,"Bis":50,"Blo":51,"Ble":54,"Bla":69,"Bre":1870,"Bra":444,"Bro":1738,"Bri":270,"Bod":38,"Bob":30,"Boh":28,"Bol":142,"Bon":77,"Bor":114,"Bos":60,"Bot":49,"Bou":215,"Cyn":66,"Cun":40,"De ":65,"Der":69,"Des":46,"Dev":53,"Deu":57,"Dei":45,"Del":63,"Dem":103,"Den":92,"Dea":33,"Deg":26,"Da ":59,"Dam":34,"Dan":165,"Dao":76,"Dar":80,"Das":35,"Dav":72,"Dag":36,"Dal":37,"Cho":45,"Chr":125,"Che":89,"Chi":180,"Cia":24,"Chu":34,"án":119,"áp":29,"ái":34,"Cit":26,"ár":44,"ân":32,"ât":38,"âr":214,"ão":73,"Châ":25,"Cle":39,"Cla":74,"Cel":27,"Cen":52,"Cer":110,"à ":84,"á ":100,"ße":42,"Cha":389,"Cri":33,"Cra":30,"Cre":37,"Cro":36,"Clu":45,"Ös":26,"Cos":59,"Cor":145,"Com":218,"Col":101,"Coo":25,"Con":166,"Cou":45,"アアア":142,"ôg":720,"ôn":58,"ór":29,"ón":140,"ñs":2047,"ñv":891,"ó ":30,"ñc":70,"ña":31,"ñe":28,"ñj":75,"ñi":45,"ño":24,"ñ ":9866,"în":118,"Dyf":26,"ín":68,"ío":42,"ís":37,"ï ":28,"ía":79,"Egi":77,"í ":88,"êr":2927,"êt":62,"él":92,"éo":59,"ép":36,"ém":53,"én":95,"és":71,"ét":52,"ér":121,"év":46,"Edo":32,"éa":40,"éd":33,"éc":28,"ée":94,"Edw":28,"ég":45,"èn":34,"èr":89,"ès":41,"èg":41,"ê ":35,"Ecu":41,"Ech":27,"ço":86,"ça":53,"é ":426,"Ebr":307,"FE ":165,"Eas":54,"än":24,"ān":45,"Dia":97,"Dic":35,"Dis":208,"Dio":61,"Din":67,"Dim":39,"Dil":24,"Die":74,"Diz":31,"Diw":77,"Div":53,"Ἀ":34,"Dug":54,"Dub":25,"Dun":35,"Dul":31,"ể":119,"ün":95,"ül":25,"üs":76,"ür":103,"üt":25,"üh":27,"Dro":31,"ая ":51,"Du ":257,"ù ":12666,"Dre":155,"Dra":31,"ú ":25,"ör":30,"ön":34,"öl":28,"Dou":218,"Don":216,"Dom":60,"Dor":74,"Ned":28,"Nei":28,"Nev":419,"Neu":75,"Nes":32,"Ner":24,"Nep":142,"Ne ":61,"Nat":66,"Nav":46,"Naz":46,"Nij":37," Ἀ":34,"Nig":136,"Nie":35,"Nic":62,"Nis":25,"Nin":27,"Nik":43,"Nil":32,"New":165,"Mya":136,"Nao":129,"Nap":76,"Nar":28,"Nam":105,"Nan":35,"Nag":59,"Nac":31,"Naf":83,"Nou":26,"Nov":31,"Nor":936,"Not":36,"Nob":26,"Ofi":38,"Oki":39,"Oke":28,"PA ":54,"Obe":44,"Obl":33,"Ott":28,"Our":31,"Oug":38,"Ouz":52,"Owa":32,"ī ":39,"Oli":92,"Kêr":116,"Ore":54,"Ori":92,"Plo":191,"Ple":106,"Pla":137,"Pin":52,"Pis":27,"Pir":97,"Pie":124,"Pic":33,"Pho":45,"Phi":80,"Pha":29,"Peu":34,"Ped":27,"Per":261,"Pet":89,"Pem":45,"Pen":568,"Pep":35,"Pel":55,"Pat":67,"Pas":301,"Par":587,"Pau":112,"Pad":32,"Pan":90,"Pap":281,"Pao":63,"Pal":137,"Pak":62,"Pa ":68,"ōn":33,"ōg":26,"Pyr":31,"Pue":30,"Pro":300,"Pri":187,"Pre":189,"Pru":64,"Pra":117,"Poa":24,"Pob":66,"Pol":187,"Pom":34,"Pon":112,"Pot":43,"Pos":46,"Pou":45,"Pop":34,"Por":207,"Pow":35," ال":101,"Rac":24,"Rad":28,"Ram":45,"Ran":131,"Mün":49,"ū ":25,"Qui":31,"Que":38,"Isa":61,"Ita":306,"Isl":122,"Isr":84,"Ist":57,"Ira":83,"Iwe":203,"Ive":180,"Iza":28,"Ize":269,"Jaf":31,"Jac":102,"Jap":114,"Jan":80,"Jam":74,"Jak":53,"Jen":25,"Jer":130,"Jez":68,"Jea":161,"あ":41,"Jos":134,"Jor":74,"Jon":50,"ア":232,"Joh":156,"Joa":30,"Jud":39,"Jua":30,"Jus":24,"Jul":90,"Kad":30,"Kae":24,"Kab":38,"Kam":138,"Kal":163,"Kao":26,"Kan":725,"Kat":130,"Kas":218,"Kar":359,"Kaz":45,"Kav":60,"Kev":87,"Ker":517,"Ken":236,"Kel":56,"Kem":388,"Keb":26,"Kir":52,"Kin":57,"Kip":33,"Kim":33,"Klo":52,"Kle":50,"Kla":37,"Kon":258,"Kom":385,"Kol":122,"Kor":327,"Kou":52,"Koz":35,"Kre":355,"Kra":64," ア":26,"Kri":101,"Kro":256,"Kub":35,"Kum":133,"Kur":37,"Kuz":44,"Lev":68,"Les":97,"Leo":254,"Len":235,"Lem":27,"Lei":51,"Lee":34,"Lec":60,"Led":43,"Lau":43,"Lav":32,"Laz":27,"Le ":163,"Lak":70,"Lag":26,"Lat":40,"Lar":56,"Lao":55,"Lap":40,"Lam":58,"Lan":301,"Lad":25,"Lab":87,"La ":252,"Liè":30,"Lla":63,"Lly":57,"Lib":95,"Lia":47,"Lic":25,"Lig":265,"Lil":27,"Lim":38,"Lin":62,"Lis":51,"Lit":44,"Liv":31,"Leó":27,"Liz":35,"Lus":43,"Luk":34,"Lui":42,"Lun":30,"Lud":36,"Luc":61,"Lou":225,"Los":44,"Lot":45,"Loi":45,"Loe":103,"Lod":29,"Loc":62,"Lor":83,"Lop":24,"Lon":123,"Lom":37,"Lok":34,"Mei":50,"Men":173,"Mel":118,"Mes":68,"Mer":275,"Meu":589,"Met":52,"Mec":298,"Meg":27,"Med":94,"Mez":157,"Man":225,"Mao":80,"Mal":272,"Mar":1145,"Mas":64,"Mag":82,"Mad":169,"Mae":313,"Mak":35,"Mah":26,"Mai":71,"Mac":91,"Mab":145,"May":42,"Maz":26,"Mau":69,"Mat":103,"Mod":41,"Moh":29,"Mol":46,"Mon":319,"Mos":55,"Mor":620,"Mou":67,"Mik":53,"Mid":40,"Mig":28,"Mic":152,"Mir":97,"Mis":48,"Mil":93,"Min":123,"Mun":35,"Mur":34,"Mus":85,"çoi":70,"ège":37,"XXv":30,"Wor":34,"Wol":42,"Wil":179,"Win":40,"кая":36,"ère":70,"Wei":43,"Wel":28,"Wer":38,"Wes":242,"Wen":65,"São":44,"ène":27,"Was":35,"War":185,"Wat":32,"Wal":100,"ès ":37,"Vve":56,"ée ":61,"Vre":153,"Vro":82,"ées":30,"Vol":32,"Vis":41,"Vit":32,"Viê":40,"Vla":26,"éli":30,"éra":34,"éri":30,"éné":31,"Zel":58,"éon":34,"Zeu":41,"és ":43,"之":110,"並":62,"丘":32,"专":41,"三":151,"丁":73,"Yve":30,"Yun":35,"Yuz":30,"Yor":126,"You":64,"ə ":47,"ən":29,"Yan":129,"Yao":137,"êr ":2352,"на ":30,"êt ":44,"êrb":145,"êri":399,"Yez":130,"Xve":91,"Syl":30,"Stê":62,"Swa":35,"Sve":120,"Sur":43,"Sus":66,"Sum":29,"Sul":65,"Sun":33,"Sui":93,"Sua":196,"Str":447,"Stu":77,"Sti":57,"Sto":80,"Sta":876,"Ste":130,"Ten":39,"Tem":32,"Teo":30,"Tei":34,"Tel":40,"Tch":179,"ão ":72,"Tam":45,"Tan":101,"Tar":82,"Tai":60,"Tal":111,"Tad":57,"UA ":109,"Ski":27,"Sko":315,"Skr":81,"Ska":32,"Ske":30,"She":24,"Sha":39,"Sim":44,"Sil":48,"Sik":59,"Sig":31,"Sir":75,"Sin":458,"Sie":35,"Sib":58,"Sic":35,"Ser":108,"Set":39,"Sev":58,"Sen":87,"Sel":55,"Sei":79,"Sea":28,"Su ":163,"Spa":218,"Spi":30,"Spe":42,"Sok":47,"Soc":33,"Shō":35,"Sou":218,"Sov":76,"Sol":47,"Som":59,"Son":59,"Sor":31,"Slo":44,"Smi":34," 三":55,"Ruz":48,"Rus":272,"Sai":243,"Sak":41,"Sam":85,"Sal":156,"Sac":54,"Sab":28,"Sco":35,"Sci":29,"Sch":148,"Sav":198,"Sau":25,"Sar":106,"San":782,"Sao":292,"ови":34,"SI ":31,"Res":34,"Ret":176,"Reu":24,"Rev":40,"Rho":37,"Rhe":37,"Rio":64,"Riv":24,"Ric":118,"Rhy":27,"Rec":25,"Red":61,"Rei":69,"Reg":63,"Ren":134,"Rep":458,"Rol":26,"Roe":42,"Roa":103,"Rob":85,"Roc":84,"Rod":47,"Roy":27,"Rou":398,"Rot":44,"Ros":112,"Ron":40,"Rom":236,"Rop":51,"SS ":38," 之":38,"SO ":28,"Vel":35,"Ven":128,"ска":39,"Van":75,"Val":141,"Var":74,"Vig":36,"Vic":64,"Vie":116,"Vir":42,"Vil":82,"Vin":104,"Ver":120,"Veu":295,"Ul ":233,"Ukr":40,"Uhe":126,"VIv":68,"Una":1019,"Uni":82,"Unv":67,"Un ":607,"Uru":37,"Ur ":2862,"VI ":43,"Teu":28,"Tex":28,"Ter":100,"Tet":30,"Tes":38,"Tha":76,"The":234,"Thi":28,"Tho":61,"Tib":58,"Tie":85,"Tim":40,"Tin":33,"Tit":30,"Tir":57,"Pêr":43,"Tor":68,"Tol":28,"Tom":36,"Ton":31,"Tos":58,"Tou":94,"çai":30,"Tro":186,"Tri":158,"Tre":263,"Tra":119,"Tur":141,"Tun":31,"Tud":24,"ßen":37,"вич":50,"ああ":28,"bja":26,"bl ":407,"biz":216,"bis":45,"bit":50,"bio":107,"bir":75,"bik":31,"bil":84,"bin":157,"big":45,"bih":300,"bo ":54,"blo":711,"ble":426,"bli":615,"bla":374,"bod":104,"boa":63,"bob":195,"bok":24,"bol":151,"boe":45,"biñ":26,"br ":57,"bon":174,"bom":59,"bor":273,"bot":53,"bos":68,"bou":909,"be ":93,"bam":27,"ban":1032,"bak":29,"bal":315,"bai":138,"bag":46,"bah":28,"bae":46,"bac":146,"bad":553,"bab":75,"án ":76,"baz":28,"bay":39,"bau":28,"bat":179,"bas":257,"bar":1084,"bao":351,"bea":32,"bi ":70,"bei":36,"beg":400,"bed":495,"bec":37,"ber":2194,"bep":146,"ben":1724,"bem":27,"bel":314,"bek":240,"bez":495,"beu":260,"bev":173,"bes":62,"bet":4067,"ápa":25,"bia":300,"bic":30,"bid":59,"bie":109,"bha":32,"ca ":318,"car":108,"cas":148,"cat":71,"cau":32,"can":105,"cap":50,"cad":36,"cam":25,"cal":102,"ce ":316,"bri":446,"bro":1440,"bra":977,"bre":2698,"bu ":43,"bru":350,"bsb":24,"boù":29,"bua":43,"bur":380,"bul":68,"bun":41,"buh":76,"bug":103,"but":41,"bus":55,"by ":41,"bwe":29,"aka":732,"am ":551,"ake":317,"aki":154,"akh":42,"aji":29,"ajo":39,"al ":3797,"aja":58,"aje":72,"aii":42,"aik":32,"ail":319,"aim":51,"ain":893,"aio":50,"air":137,"ais":419,"ait":72,"aiw":30,"ak ":494,"aig":79,"aie":120,"aid":145,"aia":64,"ahi":68,"ahu":48,"ahr":32,"aho":95,"aj ":136,"ahe":52,"aha":329,"agg":35,"agh":38,"agi":75,"agr":25,"agu":180,"agn":1483,"ago":271,"aog":68,"aol":416,"aok":392,"aod":271,"aoe":315,"anv":4249,"anu":193,"anz":183,"any":89,"ano":519,"ann":3597,"anm":210,"ant":14921,"ans":274,"ane":6479,"anf":35,"ang":1077,"anh":35,"ani":1074,"anj":41,"ank":665,"ap ":252,"ana":1898,"anb":31,"anc":428,"and":2346,"amu":63,"amt":28,"amz":526,"amm":715,"amo":419,"amp":357,"ams":92,"amk":30,"amh":31,"ami":521,"amd":32,"ame":864,"amb":405,"ama":2994,"ao ":87,"alz":151,"alv":701,"alu":178,"alt":325,"als":46,"alp":40,"alo":509,"alm":105,"all":4383,"alk":84,"alg":71,"ali":1896,"alj":57,"alc":477,"ald":244,"ale":1440,"ala":2477,"alb":121,"an ":17839,"aks":123,"akr":86,"aku":87,"akt":174,"ako":115,"aba":962,"abe":777,"abi":225,"abj":25,"abl":133,"abo":381,"abr":134,"abs":38,"abu":59,"ae ":1012,"aca":108,"aaa":146,"aan":41,"aal":34,"aas":35,"aar":52,"aat":389,"ad ":6605,"ac ":497,"aa ":55,"ab ":625,"afo":34,"afr":170,"aff":71,"afe":127,"afi":38,"ai ":239,"aga":729,"agd":27,"age":701,"aen":254,"ael":271,"aes":112,"aer":1001,"aeg":510,"aed":61,"aek":374,"ah ":119,"âte":26,"afa":255,"aet":1430,"aez":325,"ado":1590,"adr":147,"adh":35,"adj":43,"adi":235,"add":93,"ade":2997,"ag ":6969,"adw":46,"ady":24,"ads":127,"adt":40,"adu":2557,"adv":56,"acq":55,"aco":101,"ack":112,"aci":183,"ach":1027,"ace":95,"acc":47,"ada":865,"af ":45,"âre":203,"act":55,"acu":55,"acr":44,"azo":96,"azi":660,"azt":49,"aze":890,"azh":640,"aza":204,"azz":51,"axi":40,"az ":790,"ayo":91,"aym":25,"ays":58,"aya":179,"aye":142,"ba ":235,"bc ":24,"aqu":35,"at ":1878,"arg":317,"arf":40,"are":2408,"ard":882,"arc":571,"arb":175,"ara":1504,"arp":87,"aro":893,"arn":1123,"arm":342,"arl":474,"anç":111,"ark":510,"ari":1893,"aru":121,"arv":1540,"arw":27,"arx":54,"arr":912,"ars":166,"art":2208,"au ":260,"asa":726,"ary":114,"arz":1296,"asi":144,"ash":125,"asc":74,"ase":577,"aso":106,"asp":56,"ask":546,"asm":40,"aon":341,"aoo":69,"aot":235,"aou":1726,"aor":81,"aos":156,"ar ":24115,"aoz":2346,"apa":418,"alá":31,"ape":187,"api":98,"aph":42,"apl":49,"apo":648,"app":89,"apr":28,"aps":87,"apt":56,"apu":61,"as ":2697,"ava":1022,"ax ":65,"aux":32,"aut":155,"arí":35,"avr":39,"avo":170,"avi":298,"ave":2923,"awe":103,"ay ":311,"awa":237,"awr":48,"awi":50,"av ":320,"aoù":110,"ata":1010,"asu":48,"aoñ":77,"ast":1024,"ass":241,"asy":30,"atl":96,"atr":172,"ato":465,"ate":653,"atc":36,"ati":1306,"ath":184,"aw ":56,"auc":67,"aub":40,"att":149,"ats":44,"atu":213,"aul":182,"aum":36,"aun":74,"aur":161,"aus":113,"aud":112,"aug":24,"νη":32,"νο":29,"ολ":24,"πο":32,"ος":144,"ια":35,"ιο":30,"λι":25,"λα":24,"μα":24,"Wür":24,"ει":25,"ος ":144,"ης":30,"αι":28,"αλ":29,"αν":33,"αρ":25,"ία":31,"ς ":295,"ν ":51,"ι ":25,"η ":101,"Zub":27,"Vîn":53,"α ":96,"アア":185,"ρος":25,"ий ":24,"ων":25,"ич ":51,"το":28,"στ":31,"σι":30,"ρα":33,"ρο":43,"jed":50,"jer":491,"jek":59,"jen":344,"jet":1133,"jañ":33,"jev":42,"ji ":46,"νη ":24,"jk ":28,"jad":45,"jab":30,"eüs":65,"jap":102,"jar":45,"jal":43,"jan":113,"je ":203,"jou":81,"jon":49,"jor":36,"jpg":45,"ск":72,"jio":97,"jin":152,"jik":26,"jie":63,"jia":71,"jib":29,"ти":34,"та":24,"ст":55,"jo ":26,"itl":152,"itr":124,"ito":200,"itu":156,"itt":128,"its":52,"itz":70,"ity":61,"isk":433,"ism":94,"isl":110,"iso":129,"isn":43,"isp":496,"iss":497,"isr":129,"isu":29,"ist":3083,"ioù":3206,"iv ":786,"ita":909,"itc":84,"ite":544,"ith":138,"iti":736,"ivr":37,"ivo":342,"ivy":27,"iwe":401,"iwa":1260,"ius":378,"iur":33,"ium":58,"eñv":618,"iva":1287,"ivc":49,"ix ":114,"ivi":262,"ive":2609,"ipr":52,"ipo":75,"ipp":126,"ipu":31,"ipt":148,"ipi":84,"ipl":28,"is ":2724,"ion":1454,"iop":130,"ior":153,"ios":108,"iot":56,"iou":688,"iog":34,"iol":67,"iom":41,"ipa":143,"ipe":76,"iov":38,"ir ":701,"iru":31,"irv":32,"irr":117,"iro":258,"irm":24,"iri":682,"isi":977,"ish":314,"ise":310,"isc":169,"isb":24,"isa":291,"eñ ":32,"iqu":102,"ire":787,"irg":98,"ira":461,"ird":151,"irc":108,"it ":2544,"ünc":44,"ja ":94,"iya":79,"iye":30,"iz ":5713,"eón":26,"iwo":27,"izu":26,"izo":212,"izi":1082,"izh":3028,"ize":643,"izd":61,"iza":353,"kig":118,"kim":79,"kil":109,"kia":534,"kic":156,"kib":31,"kie":104,"kiz":138,"kl ":27,"kin":273,"kip":95,"kir":270,"kis":131,"kit":175,"keñ":73,"km ":262,"ki ":169,"kgr":43,"kha":110,"kho":57,"kea":37,"ked":186,"kef":27,"keg":356,"kei":93,"kek":447,"kem":714,"kel":791,"keo":32,"ken":1794,"kes":29,"ker":582,"kañ":225,"keu":150,"ket":897,"kev":353,"kez":64,"ke ":191,"kra":328,"kre":866,"kt ":39,"ksa":52,"kse":61,"ku ":65,"kro":809,"kri":2084,"kr ":32,"koz":381,"kov":45,"km²":85,"kot":54,"kou":3139,"kos":289,"kor":683,"kop":87,"kon":591,"kom":3155,"kol":453,"kog":42,"koe":63,"kod":39,"ks ":105,"ể ":40,"klê":29,"kiñ":43,"kme":37,"koa":172,"kob":78,"kni":26,"gêr":1036,"kke":25,"kka":30,"ko ":451,"kle":274,"kla":324,"klo":157,"jus":37,"jvi":55,"joù":51,"ển":39,"kaz":128,"kav":240,"kay":33,"kat":219,"kar":717,"kas":328,"kap":68,"kan":1716,"kao":135,"kal":381,"kam":95,"kai":52,"kae":493,"kad":451,"kac":24,"kab":44,"kaa":150,"ka ":1336," Ga":1180," Ge":925," I ":68," Fo":346," Fu":93," Fr":1201," Fi":320," Fl":419," Bé":40," Ha":1090," He":1698," Gw":1125," Gy":27," J ":114," Go":857," Gr":735," Gu":336," Gh":58," Gi":573," Gl":175," Ig":31," Id":54," Ic":25," Ib":34," Ia":193," K ":68," Hy":84," Hu":232," Ho":413,"ha ":7925," Hi":350," Ji":83," Je":435," L ":45," Ja":555," Iz":312," Iv":30," Iw":209," Ir":161," Is":368," It":343," Im":318," In":1030," Io":58," Ip":79," Il":238,"ham":356,"han":1921," M ":27,"hao":51,"hap":104,"hai":128," Ka":2025,"hak":57,"hal":1676,"hau":60," Ke":1373,"hav":45," Ki":281,"har":1216,"has":180," Kh":45,"hat":349," Jo":527,"haf":27," Ju":260,"hae":120,"hag":6703,"hab":93,"had":772,"hac":45," N ":136," La":1222," Le":1251," Li":860," Kl":163," Kn":26," Ko":1313," Kr":777,"haz":119," Ku":314," Ky":42," Mc":41," Ma":3069," O ":70," Mi":710," Me":1982,"he ":1293," Lo":976," Hé":41," Ll":170," Ly":47," Lu":361," Ne":1118," P ":29,"а ":89," Na":819," Ni":468," Mo":1327," My":178," Mu":252,"hek":226,"hel":1281,"hei":155,"heg":164,"heh":30,"hee":27,"hef":31,"hec":228,"hed":545,"hea":87,"heb":137,"hez":301,"hev":363," A ":247,"hañ":1086,"heu":277,"het":353,"hes":174,"her":2530,"hep":235,"heo":107,"hen":1633,"hem":192,"hi ":652," B ":90," C ":1547," Ao":672," Ap":113," Am":685," An":2165," Ak":92," Al":1478," Ai":112,"hho":32," Ag":119," Ah":33," Ae":93," Af":391," Ac":90," Ad":207," Ab":268," Ba":1051," D ":80," Az":390," Ay":27," Av":131," Au":240," At":426," As":207," Ar":3347," Aq":24,"hig":75," Be":1711,"hie":591,"hid":70,"hic":42," Bi":459," Bh":52,"hia":407,"hip":35,"hio":751,"hin":985,"him":81," Bl":207," Bo":879,"hil":302,"hik":334," Br":4609,"heñ":300," Bu":358,"his":80,"hit":151,"hir":469," E ":710," Ca":1420,"hiz":309," Ce":271," Ci":142," Ch":923," Cl":231," Cr":170," Co":876," Cu":142," Cy":124," F ":30," Da":708,"dé ":30," Di":920," Dh":31," Dj":29," De":772," Dr":253," Do":662," Dy":40," Du":514," Ea":86,"hn ":80," Eb":324," Ec":91," Ed":137," G ":24,"hla":88,"hle":80," El":312," Ek":28," Ei":244,"hli":24," Eg":106," Et":209," Es":211," Er":900,"hlo":42," Ep":30," Eo":336," En":713," Em":541," Ez":35," Ex":30," Eu":753," Ev":283," Fe":315,"ho ":375,"hma":28," Fa":314,"gma":28,"go ":326," Xi":32,"glo":131," Xa":37,"к ":31,"gle":234," Wy":25,"gli":102,"gn ":547,"gla":326," Wo":96," Wi":334," Wh":28," Sã":44," We":489," Wa":422,"й ":42," Y ":37,"gog":60," Vî":53,"goe":139," Zu":66,"god":130,"gob":25,"goa":87," Zo":34,"gnu":34," Ze":158,"gno":502," Zi":46,"gni":42," Za":103," Ys":24,"gne":835," Yv":36," Yu":107,"gna":107," Yo":219," Ya":330,"giñ":44," Ye":198,"gs ":28," Wü":24,"goz":125,"gom":197,"н ":39,"gol":442,"gon":445,"gop":26,"gos":176,"gor":446,"gou":1457,"got":31,"gu ":30," a ":21743,"р ":30,"gro":187,"gra":972,"gri":140,"gre":811,"в ":40," Kö":34," Ow":50," Ou":210," Os":107,"gto":52," Ot":70," Or":316," Op":33," Po":935,"gui":62," Lé":26," Pl":484,"gum":1179," Pi":431,"gul":63," Ph":183," Pf":25,"gua":208," Pe":1214,"gue":151," Pa":1928," Ny":33," Nu":54," No":1153," Ol":141," Ok":98," Kê":117," On":29," Om":48," Og":35," Oi":37," Od":68," Oc":46," Of":53,"goù":281," Ob":100,"gta":158," Oa":47," Ra":453," Mü":57," Qu":112,"gwi":305," Ro":1377,"gwe":769," Re":1194,"gwa":450," Ri":357," Rh":169," Py":52,"guz":57," S ":53," Pr":893,"gur":63," Ps":36,"gus":176," Pt":32," Pu":129,"gun":35," Qi":24," Mé":39," Sy":84," Sw":45," Sv":127," Su":797," St":1757," Tc":179," Ta":642," V ":60," Th":473," Ti":377," Te":498," Tr":768," Pê":42," To":425,"gwr":80," Ru":419," Sa":2186," Sh":170," Si":919," Sc":261," Se":617," So":661," Sp":344," Sr":25," Sk":511," Sl":64," Sm":46," Va":397,"и ":29," Ve":661," Vi":639," Vl":43," Ré":29," Rí":30," Vo":153," Vu":27," Vr":262," Tu":257," Ty":52," Uh":133," Uk":44," Ul":286," Un":1810," Ur":2995," Ut":31," ja":187,"iak":59,"ь ":37," l ":123,"iam":250,"ial":435,"iao":55," iz":369,"ian":2252," ji":41,"ias":133,"iar":101," je":186,"iat":251,"iav":48," im":1409," in":589," il":111,"ic ":292," ij":104," iw":110," eñ":47,"iab":139,"iac":49," iv":1031,"iad":1539," is":1920," it":397,"iae":74,"iag":66," ir":67,"ibl":171,"ibi":176," ka":2835,"ibo":69," m ":227," kh":68,"ibr":42," ki":623,"ibu":38," ke":3570,"iaz":346," jo":32," jp":45,"id ":450,"iba":203,"ibe":842," ju":73," gw":1502," ha":17502," he":5230," gi":303," gl":364," gr":1597," go":1953," gu":1259,"ia ":5683," ib":41," id":83," hh":31,"ib ":56," hi":2337," hl":138," dé":33," ho":3333," hr":812," hs":28," ht":49," hu":259," hv":30," hw":461,"iet":779,"iañ":362,"ieu":132," ni":874,"iez":2096," ng":65," nd":30,"iel":957,"iem":34," ne":1817,"ien":1604," na":567," p ":133,"ier":945,"ies":635,"ied":391,"ieg":782,"iek":656," mu":464,"ig ":786," mo":1518," ok":126," ol":37," om":64," on":28," kê":858,"ifo":196," oc":81," of":821," oa":4658,"ifr":40," ob":921,"ife":146," ny":25,"ifi":60," nu":87," no":744,"ifa":82," le":3053,"icr":29,"ics":47,"ict":94,"icu":113," li":1853," n ":401,"ico":205,"ick":115," la":2328," ku":562,"ici":153,"ich":835,"icc":26,"ice":192," kw":51," gê":983," km":359,"ie ":398," kl":472,"ica":324," kr":1806," ko":5162," me":2877," mi":1053,"idu":47,"idt":41," o ":1644,"idr":25,"я ":78,"ido":268," ma":4658," mb":31,"idj":93," lu":242,"idi":732,"idg":33,"ide":470,"idd":28,"ida":806," lo":922," hê":99,"if ":38," ae":329," af":85," ag":91," aa":47," ab":707," ac":52,"iid":64," ad":591," am":775," an":17401," ao":767," ap":227," ai":30," ak":164," al":3609," av":170," au":58," aw":48," ar":20177," at":205," as":260," d ":4135," ba":1861," az":121," ay":27,"il ":1052,"ija":76," bi":786,"ije":1542," be":6354,"iji":263,"ijk":37," bo":1153," bl":938,"ijo":76," bu":368," br":3925," ca":216," e ":25254,"im ":142,"ika":1513,"igd":59,"ige":995,"iga":163,"ii ":140,"igl":24,"igh":464,"igi":116,"igu":89,"igr":67,"igo":308,"ign":346,"ij ":175," b ":27,"ihe":29,"iha":639,"ik ":1216," c ":4919," er":3046,"imo":147," et":1614,"imm":32," es":229," en":8597," em":1862,"imp":1483," eo":8201," ei":428," el":392,"ime":314," ek":63," ee":65,"imi":166," eg":182," fe":423,"ip ":40,"inc":134," h ":3324,"ind":570,"ina":1494,"inb":38," fa":598," ez":592,"imu":37," eu":10144," añ":114," ev":3777," fu":86,"inn":252,"ino":647," fr":528,"int":619," fo":762,"ins":144,"inf":56,"ine":1835," fl":235,"inh":55,"ing":949," fi":471,"ini":1294,"inl":79,"ink":143," ge":2883," ga":11426,"ioc":83,"iod":24,"inu":125," i ":72,"inv":58,"inw":47,"iny":86,"inz":27," cl":32,"iko":750," cm":63,"ikl":38," co":306," cr":36,"iki":142," ce":115," ch":782,"ike":750," ci":27,"ila":338,"ilb":25," da":8512,"in ":2762," cu":44,"ikt":69,"iku":27,"iks":110," do":1895,"ilo":265,"ill":771," dr":4372,"ilm":190,"ilh":762,"ilg":84," de":7284,"ili":920,"ild":111," dj":44," di":6211,"ile":746,"ima":192,"imb":131," g ":57,"ч ":54," ec":181," ed":82,"io ":457," ea":36," eb":166," du":1193,"ilt":54,"ilu":55,"ilv":37,"ль":30,"ми":24," zo":10353,"ла":32," zu":52,"hpe":153,"ле":32," vî":50," zr":49,"ли":31,"hok":47,"hol":1123,"hom":566,"hon":2468,"hog":52," za":226,"ко":31,"hos":71," ze":301,"hot":72,"hou":757,"hov":24,"hop":42," zi":383,"hor":720," yo":88,"ка":66," yi":44,"hoa":863," yu":97,"ки":34,"hof":24,"hoe":202,"hod":73,"hoc":104," ye":6259,"hno":26," ya":550," z ":116,"ин":40,"hmi":26,"ик":30,"ий":28,"ич":63,"ис":27,"ри":28,"hul":35,"hui":68,"hug":38,"ро":50,"hue":39,"hud":36,"hua":110,"htt":30,"htr":24,"hth":32,"hte":44,"hoù":3009,"ор":27,"hsk":47,"hse":48,"ол":26,"ом":26,"ов":76,"hu ":78,"но":24,"hro":118,"hre":688,"ни":34,"hri":212,"ht ":446,"на":57,"hra":123," ru":826," u ":26," sa":3355," se":1968," sc":29,"hya":32," si":1161," sh":141,"hyn":30," sl":74," sk":4322," sp":1119," so":1278," qu":41,"ви":64," t ":34," ra":3095," re":3577," ri":679," ro":2258," pu":120," pr":1459," s ":93," px":514,"hy ":25,"hwa":53,"hwe":448,"hwi":38," ot":171,"hum":675," ou":1145,"hun":195,"hus":124," op":32," or":427,"hur":95,"ан":44," r ":35,"huz":52," pe":8359," lâ":203,"hve":93," pa":1775,"ар":50," pl":522," po":1472,"ая":51," pi":232," ph":49," wa":3108," we":680," y ":92," wr":58," wo":36," wi":155," x ":44," va":783," ve":5168," vo":2288," vr":1722," vu":274," vi":3544," vl":184,"ес":33," tu":746," us":51," ur":9744," un":6030," uk":30," ul":727," ug":49," uh":238," ta":1167," tc":512," v ":32,"hys":42," sy":28," st":3800," sv":112," su":738,"ев":42," tr":3171," ts":55," to":979," th":740," ti":1088," te":1484,"ffu":30,"ffr":34,"fi ":42,"ffe":36,"ffa":40,"ffi":49,"feu":64,"fet":66,"fes":65,"fer":173,"fed":176,"fem":46,"fen":488,"fel":95,"fei":43,"faz":24,"fas":26,"far":201,"fam":247,"fan":218,"fal":202,"faf":76,"fae":67,"fad":24,"ff ":48,"fe ":207,"fa ":121,"euß":32,"eye":26,"exa":64,"ez ":11148,"exi":24,"ezv":39,"ezu":194,"eza":980,"ezo":388,"ezs":35,"eze":3326,"ezh":15689,"ezi":1049,"eta":840,"ete":2318,"etc":33,"eti":591,"eth":157,"etn":58,"etk":85,"esp":93,"esn":37,"eso":125,"est":1767,"ess":313,"esw":24,"eoù":227,"ev ":1299,"eua":81,"añc":45,"euc":54,"eub":98,"eue":418,"eud":347,"eui":37,"euk":25,"añj":24,"eum":58,"eul":367,"eun":223,"eto":294,"etr":1675,"ets":34,"ett":196,"etu":68,"ew ":174,"eve":3071,"eva":742,"evo":119,"evn":657,"evi":2428,"añv":131,"euv":34,"euw":32,"eut":225,"eur":2890,"añs":950,"eus":10810,"ex ":155,"euz":639,"eux":42,"ewi":41,"ewe":45,"evr":1345,"ey ":241,"ewa":59,"epe":148,"epi":164,"eph":135,"er ":13257,"epa":1461,"eou":101,"eot":99,"eos":32,"eor":152,"eom":25,"eol":459,"eop":50,"eon":456,"aï ":27,"es ":2160,"ept":42,"epu":540,"epk":92,"epm":31,"epp":25,"erk":270,"erl":341,"eri":3029,"erg":379,"erh":59,"ere":4269,"erf":51,"erc":973,"erd":244,"era":623,"erb":525,"et ":24274,"esk":805,"esl":29,"esh":133,"esi":729,"esb":38,"esc":99,"esd":28,"ese":255,"añ ":8904,"eu ":196,"esa":1077,"erz":1304,"ery":87,"erv":1357,"eru":118,"erw":40,"err":913,"ert":421,"ers":473,"ern":1502,"erm":1055,"ené":32,"erp":58,"ero":907,"eki":62,"ekk":24,"ekn":35,"eko":95,"ekr":46,"eks":87,"ekt":111,"eku":26,"ekv":40,"en ":13354,"elb":25,"ela":722,"eld":150,"elc":91,"elf":231,"ele":2592,"eli":634,"elg":331,"elh":32,"elm":94,"elk":40,"ell":2765,"elo":483,"elp":30,"elu":36,"elv":411,"els":97,"elt":214,"ely":60,"elw":63,"eo ":8202,"emb":1318,"ema":1014,"emg":174,"eme":1638,"emd":78,"emm":295,"emo":323,"emi":315,"eiñ":116,"emp":387,"emr":84,"ems":145,"ep ":539,"emz":52,"enf":38,"ene":2818,"enh":96,"eng":662,"enb":206,"ena":1493,"end":451,"enc":313,"eno":539,"enn":14198,"enk":534,"enl":51,"eni":918,"enw":44,"enu":60,"env":509,"ens":884,"ent":3408,"enr":123,"enz":173,"eny":79,"eog":63,"eof":24,"eod":154,"eoc":58,"ego":514,"ege":1345,"egg":36,"egi":351,"eha":29,"egr":44,"egu":61,"eho":118,"ehe":119,"ek ":10245,"eib":27,"eic":80,"eia":58,"eis":824,"eir":312,"eim":59,"eil":495,"ein":413,"eik":24,"eie":159,"eid":119,"eig":28,"eif":24,"eja":35,"el ":8480,"eiz":3938,"eit":125,"eke":323,"eka":196,"em ":600,"ejv":55,"gl ":37,"giz":64,"geñ":32,"git":101,"gis":73,"gir":65,"gil":150,"gim":29,"gip":131,"gin":251,"gio":137,"gid":69,"gie":386,"gia":396,"ght":390,"ghe":49,"gha":96,"ggi":48,"gge":26,"gga":25,"gi ":107,"gen":1791,"geo":127,"get":861,"geu":25,"gañ":198,"ger":1658,"ges":96,"gev":466,"gh ":112,"gez":763,"gea":34,"gee":129,"ged":397,"gei":27,"geg":174,"gef":25,"gem":219,"gel":631,"gek":101,"gda":29,"gde":64,"ge ":374,"gaz":228,"gab":25,"gac":227,"gad":295,"gae":60,"gai":52,"gas":335,"gar":551,"gau":35,"gat":92,"gaw":34,"gav":257,"gak":29,"gam":131,"gal":2464,"gao":44,"gan":9608,"ga ":256,"fyd":28,"fur":99,"foù":33,"fud":31,"ft ":72,"fra":395,"fre":158,"fri":574,"fro":118,"fou":46,"for":444,"fon":658,"fol":97,"fiñ":47,"fle":49,"fla":138,"flu":41,"flo":72,"fic":49,"fie":47,"fil":220,"fin":188,"fis":652,"fiz":82,"da ":6428,"dd ":287,"de ":2341,"dac":243,"dad":448,"dak":29,"dal":1050,"dai":58,"dag":91,"dah":25,"dae":431,"dat":150,"das":255,"dar":633,"dap":31,"dao":544,"dan":1203,"dam":247,"daz":25,"day":28,"dav":252,"dda":76,"dde":59,"ddi":92,"cul":78,"cum":26,"cua":46,"ctu":25,"cto":91,"cti":132,"cte":35,"cta":38,"cus":153,"cur":31,"cks":24,"cki":24,"ckh":38,"ckl":31,"cla":32,"cle":35,"co ":254,"ció":40," Ös":26,"coc":27,"con":207,"col":208,"com":88,"cor":91,"cos":24,"cop":59,"cot":43,"cou":64,"cs ":52,"cqu":76,"cre":28,"cra":43,"cri":37,"cro":75,"cci":49,"cch":32,"cca":25,"cea":54,"ch ":1041,"cer":68,"ces":90,"cen":91,"cep":71,"cel":179,"ci ":114," à ":31,"cha":1216,"chw":69,"chu":220,"chy":27,"cia":161,"ck ":309,"cie":45,"cid":63,"che":1551,"chl":55,"chi":619,"cho":838,"chm":39,"chn":35,"chs":66,"cht":150,"chr":27,"cil":43,"cis":63,"ciu":47,"cin":138,"cio":74,"cip":52,"cm ":60,"ckg":40,"cke":49,"ed ":5626,"eba":92,"ebe":535,"ebi":41,"ebl":61,"ebo":59,"ebr":613,"ebu":44,"ec ":2202,"eac":38,"eae":30,"ead":335,"eaj":43,"ean":370,"eal":95,"eam":25,"ear":95,"eas":306,"eat":155,"eau":133,"eb ":70,"ea ":600,"efi":24,"efl":30,"efo":31,"efa":48,"efe":192,"ei ":147,"ega":544,"efr":31,"eft":47,"eek":223,"een":103,"eel":114,"eeg":74,"eed":85,"eez":83,"eer":364,"eeu":74,"eañ":33,"eet":55,"edi":547,"edd":184,"ede":1648,"ône":24,"eda":435,"eg ":10353,"ης ":30,"edu":46,"edo":498,"edr":110,"eck":63,"ech":877,"eci":30,"eca":36,"ee ":124,"ef ":54,"ecu":28,"ect":87,"eco":53,"dwi":54,"dwa":71,"dy ":65,"dve":63,"dur":2497,"dus":115,"ôge":65,"ôg ":650,"dor":380,"don":562,"dom":53,"dol":90,"dok":40,"dov":47,"dou":1198,"dot":33,"dos":174,"dr ":37,"ds ":105,"diñ":81,"dne":34,"doa":651,"dob":26,"doc":36,"doe":85,"dof":83,"dog":66,"doù":1790,"dst":102,"dth":36,"dun":88,"dui":24,"dul":36,"due":53,"dug":195,"dua":33,"dud":657,"dri":262,"dra":338,"dt ":63,"dre":2258,"du ":415,"dro":2685,"dru":64,"dge":30,"dic":158,"did":92,"dia":1269,"dib":212,"dhi":25,"der":1355,"des":551,"det":713,"deu":1098,"dañ":173,"dev":161,"dez":1065,"dh ":36,"deb":164,"dea":43,"ded":268,"dec":29,"dee":39,"deh":79,"deg":839,"dei":311,"del":1180,"dek":575,"den":4056,"dem":143,"dep":1276,"deo":109,"di ":921,"dle":38,"dla":33,"do ":378,"dja":113,"dje":32,"div":643,"diu":39,"diw":1350,"diz":227,"dim":106,"din":658,"dio":629,"dir":425,"dis":1432,"dit":85,"die":331,"dif":129,"dig":697,"dij":34,"dik":146,"dil":186,"djo":47,"dji":63,"rgu":84,"rhe":42,"rha":43,"rho":37,"rga":269,"ri ":1054,"rgi":254,"rgh":25,"rge":313,"rgr":39,"rgo":143,"rgn":33,"ret":1781,"res":1419,"rev":451,"reu":637,"rañ":634,"rew":29,"rez":4363,"rey":46,"rfa":34,"rfe":82,"rfo":105,"rdu":42,"rds":36,"rdr":49,"rg ":501,"reb":334,"rea":765,"ree":432,"ref":61,"rec":185,"red":2063,"rei":3864,"reg":1192,"rem":696,"ren":3754,"rek":863,"rel":1453,"raí":24,"rer":622,"reo":489,"rep":96,"rf ":139,"rda":144,"rcu":51,"rct":28,"rdo":204,"rdi":421,"rde":436,"rdd":43,"re ":4982,"rbu":43,"rco":34,"rck":34,"rci":70,"rch":168,"rce":81,"rca":52,"raw":45,"rax":26,"ray":119,"raz":505,"rd ":675,"rao":698,"rap":82,"rar":100,"ras":1323,"rat":510,"rau":85,"rav":268,"rbi":84,"rbo":149,"rba":160,"rbe":368,"rc ":1530,"raj":38,"rai":247,"rah":111,"rag":290,"ran":3063,"ram":504,"ral":609,"rak":382,"rab":518,"raf":167,"rae":1511,"rad":877,"rac":186,"rs ":209,"rpe":55,"rpa":30,"rr ":2111,"rpi":29,"ror":29,"ros":301,"rot":175,"rom":591,"ron":1309,"roo":54,"rop":562,"roy":41,"roz":110,"rou":3431,"rov":876,"row":38,"rob":47,"roa":1313,"rod":180,"roc":330,"roi":658,"rol":1503,"rok":136,"rof":62,"roe":745,"rog":203,"rno":714,"rns":59,"rp ":29,"rna":543,"rne":675,"rni":416,"rmo":173,"rms":31,"riñ":374,"rmu":93,"ro ":7159,"rma":433,"rme":1192,"née":33,"rmi":74,"rlu":43,"rlo":138,"rli":304,"rle":290,"rla":227,"rn ":1159,"rkt":34,"rks":233,"rko":43,"nço":78,"rki":200,"rke":237,"nça":45,"rka":144,"rm ":168,"né ":43,"rji":52,"riy":25,"riz":637,"rix":34,"rl ":114,"rip":57,"rio":1388,"rit":468,"ris":758,"riv":1682,"reñ":136,"riu":84,"rig":797,"rij":35,"rii":29,"ril":176,"rik":1404,"rin":891,"rim":123,"ria":2221,"rib":276,"ric":406,"rid":500,"rie":2396,"rif":33,"rhy":25,"rk ":341,"rwe":28,"rwi":26,"rz ":165,"nôg":719,"rxi":44,"rya":37,"ryd":24,"rye":33,"ruj":46,"rui":38,"rug":115,"ruf":51,"rud":504,"ruc":43,"run":197,"rum":500,"ruz":176,"rus":640,"rut":37,"rva":250,"rvi":144,"rve":2286,"rvo":598,"rvu":116,"rwa":33,"ry ":297,"rsk":47,"rsi":111,"rso":78,"rsa":75,"rsh":36,"rse":187,"rta":1407,"rv ":292,"roù":324,"rst":71,"rsu":30,"rto":172,"rte":398,"rth":232,"rti":358,"rub":27,"rts":30,"rtr":52,"rtu":274,"rty":48,"rt ":661,"rqu":49,"rro":294,"rri":521,"rre":814,"rra":478,"ru ":88,"rry":64,"rnô":734,"rru":33,"saa":40,"sab":110,"sac":68,"sad":583,"sae":48,"sah":202,"sai":49,"sak":47,"sal":151,"sam":325,"sba":28,"sbe":56,"sao":1562,"san":655,"sau":75,"sat":83,"sas":62,"sar":136,"sav":1196,"sa ":294,"ón ":120,"rze":238,"rza":44,"rys":28,"ryn":36,"rzu":242,"rzo":285,"rzh":3355,"rzi":42,"sha":218,"sho":75,"she":193,"shi":238,"si ":134,"sga":31,"siz":115,"siv":61,"sie":664,"sid":67,"sic":44,"sia":1269,"sk ":453,"shu":43,"sit":87,"siu":25,"sir":71,"sis":396,"sip":30,"sin":816,"sio":143,"sil":161,"sim":118,"sik":81,"sif":26,"sig":38,"scu":28,"sde":25,"sbo":44,"sbu":48,"se ":1133,"sca":87,"sce":27,"sci":63,"sch":258,"sco":151,"sev":298,"sex":103,"sey":30,"ser":460,"ses":45,"set":371,"seu":286,"sañ":784,"sez":268,"sh ":215,"sfe":27,"sea":33,"sei":175,"seg":263,"see":27,"sed":76,"sec":35,"seb":48,"sep":184,"sen":385,"sem":202,"sel":465,"sek":164,"spo":97,"spr":39,"spe":713,"spl":66,"spi":316,"spa":666,"sot":45,"sou":522,"sov":37,"sol":98,"som":49,"son":1595,"sor":66,"sos":59,"sok":83,"soc":102,"su ":474,"oñ ":47,"sra":211,"st ":1732,"squ":36,"ss ":102,"slo":67,"sla":311,"sle":41,"ski":664,"skl":119,"sko":2999,"skr":1826,"skw":33,"sm ":26,"ska":795,"ske":666,"sno":26,"sne":81,"smo":24,"smu":27,"so ":138,"sma":85,"sme":47,"swi":31,"stê":656,"syl":43,"où ":12664,"sse":388,"ssa":244,"sso":146,"ssk":287,"ssi":196,"soñ":40,"soù":83,"ste":2322,"sth":144,"sta":2593,"sto":981,"sti":600,"stl":193,"stu":875,"str":2529,"sua":28,"sty":49,"sub":34,"oñi":37,"sul":41,"sum":35,"oñj":48,"suk":24,"sup":43,"sun":37,"oñs":58,"sus":65,"sur":177,"sve":118,"swa":45,"tai":326,"tak":108,"tal":1349,"tae":282,"taf":24,"tag":929,"taa":126,"tab":88,"tac":107,"tad":2010,"taz":91,"taw":31,"tav":87,"tau":39,"tat":200,"tas":62,"tar":434,"tap":82,"tao":273,"tan":1117,"tam":1603,"tch":742,"te ":835,"tde":54,"가":25,"ta ":886,"pa ":891,"pe ":5856,"ñs ":1564,"par":1873,"pat":120,"pas":123,"pav":27,"pac":192,"pad":413,"pab":42,"pag":683,"pak":52,"pal":693,"pai":106,"paj":24,"pao":79,"pap":202,"pan":368,"ñve":535,"phe":74,"pha":123,"ñvo":30,"phu":39,"phr":28,"pho":83,"phi":104,"pi ":45,"ñva":108,"ph ":70,"peu":284,"pev":140,"pez":279,"lâr":206,"pg ":46,"pea":32,"pec":47,"ñse":342,"ped":132,"ñso":78,"ñsk":24,"pen":1324,"pem":148,"pep":93,"peo":50,"per":657,"pet":110,"pes":749,"peg":57,"pei":35,"ñv ":186,"pel":375,"pek":88,"pla":359,"pli":1393,"ple":204,"plo":62,"plu":79,"lé ":29,"pke":90,"piz":28,"pl ":35,"phy":24,"pia":162,"pid":57,"pic":35,"pie":64,"pig":24,"pik":145,"pil":44,"pin":212,"pio":73,"pir":52,"pis":281,"pit":78,"poz":26,"por":318,"pop":53,"pou":712,"pot":112,"pos":143,"poi":42,"pon":117,"pol":852,"pob":151,"poe":85,"pod":72,"ps ":90,"ppi":46,"ppo":48,"ppa":34,"ppe":129,"pmu":27,"léo":25,"po ":44,"lêr":32,"poù":33,"pta":38,"pse":81,"psi":47,"pub":539,"pte":76,"pti":106,"pto":37,"pra":108,"pt ":114,"pri":323,"pre":639,"pro":765,"pur":73,"pus":78,"pun":48,"pui":25,"pul":44,"pve":49,"px ":512,"ñch":70,"ñie":36,"ñje":37,"qua":38,"que":308,"qui":93,"ra ":1887,"rb ":171,"ngo":851,"ngi":105,"ngl":237,"ngk":32,"ngu":135,"ngw":30,"ngr":91,"ngt":218,"ngs":57,"ni ":1357,"nge":730,"ngh":68,"nga":534,"nho":63,"ndé":24,"nha":101,"nhe":40,"neg":4522,"nei":121,"nel":551,"nek":2286,"nen":946,"nem":826,"nep":201,"neo":130,"ner":1985,"net":4017,"nes":379,"nev":416,"neu":170,"nañ":1277,"ndy":43,"ng ":876,"nea":366,"neb":309,"nec":60,"ned":1326,"nfo":32,"nfr":50,"ney":67,"nez":3411,"new":34,"nh ":31,"nfa":53,"nfe":39,"nct":33,"nco":81,"nci":162,"nce":259,"nch":229,"nca":55,"ne ":1685,"nbu":121,"ndu":84,"ndr":785,"nds":105,"ndo":360,"ndj":35,"ndh":32,"ndi":1021,"nde":859,"nda":686,"nak":317,"nal":306,"nam":483,"nan":2654,"nao":557,"nap":104,"nar":273,"nac":195,"nad":1521,"nae":258,"naf":53,"nag":110,"nai":155,"nc ":218,"nab":40,"naa":59,"nbo":33,"nbe":67,"nd ":930,"nba":62,"nav":633,"nau":104,"nat":458,"nas":202,"naz":46,"nay":25,"naw":28,"na ":1960,"mys":60,"mze":3020,"mza":29,"mzo":28,"ión":47,"mz ":627,"nya":139,"nye":172,"nyd":33,"nyi":90,"nwy":29,"nz ":54,"ny ":96,"nwe":103,"nwa":28,"nvi":206,"nvr":769,"nve":1542,"nva":229,"nuk":42,"num":58,"nun":42,"nus":273,"nut":34,"nuo":31,"nur":33,"nue":31,"ntv":525,"nto":1560,"ntu":79,"nts":43,"ntr":315,"nti":1416,"nth":89,"noù":2243,"nv ":3093,"nta":1595,"nte":2871,"nsu":30,"nso":629,"nst":225,"nse":99,"nsh":34,"nsi":150,"nsl":25,"nsk":93,"nsc":24,"nsa":96,"nu ":32,"nro":55,"nri":74,"nre":51,"nra":38,"nt ":12714,"ns ":309,"noc":89,"nod":56,"noa":38,"nob":77,"nog":78,"noe":57,"nol":692,"noi":46,"nop":48,"nom":155,"non":174,"not":100,"nos":158,"nor":724,"nov":93,"nou":960,"noz":603,"nne":3434,"nnf":24,"nng":83,"nna":2167,"nnb":29,"nnl":257,"nno":2232,"nni":788,"nnu":55,"nnw":29,"nnv":750,"nns":30,"nny":190,"nma":220,"niñ":141,"nn ":8975,"nla":142,"nle":246,"no ":590,"nke":412,"nkl":44,"nki":148,"nka":174,"nko":102,"nji":28,"nje":58,"nja":37,"nij":187,"nii":52,"nig":259,"nif":46,"nie":1515,"nid":227,"nic":163,"nib":35,"nia":931,"nk ":577,"niz":425,"niu":62,"niv":452,"nis":490,"nit":167,"nio":561,"nip":48,"nim":73,"nin":410,"nik":222,"nil":245,"ogr":98,"ogu":47,"ogw":32,"ogi":341,"ogh":25,"ogl":28,"ogo":182,"ogn":136,"oga":327,"oge":333,"oi ":52,"ohn":97,"oha":110,"ohe":80,"ois":208,"oir":111,"oit":33,"oio":472,"oin":74,"oic":40,"oid":101,"oie":65,"ok ":497,"oia":64,"oji":26,"oje":210,"ol ":836,"oce":86,"och":219,"oci":82,"ock":164,"oco":62,"oe ":1455,"oca":59,"ode":729,"odi":133,"odo":481,"odr":62,"îng":102,"of ":276,"oda":139,"oek":523,"oel":99,"oeg":409,"oei":96,"oer":123,"oet":567,"oen":280,"ody":27,"odu":112,"oed":76,"og ":209,"ofi":656,"ofo":33,"off":41,"ofe":71,"ofa":98,"oa ":4888,"ob ":87,"oc ":1030,"oan":167,"oal":46,"د ":37,"oad":1167,"oab":38,"oba":84,"oaz":875,"od ":515,"oav":413,"oar":1366,"oas":78,"oat":178,"obo":44,"obr":26,"obl":489,"obi":75,"obe":1082,"ة ":62,"nza":121,"nze":101,"nzi":83,"nzo":54,"oye":54,"oya":58,"ア ":34,"oz ":1606,"owy":28,"osé":34,"own":58,"owi":26,"ozn":946,"ozo":150,"oze":284,"ozh":546,"ozi":67,"oza":314,"oyo":26,"otu":34,"oud":1277,"oue":5169,"oub":196,"ouc":182,"oua":2059,"ow ":55,"oti":138,"oth":123,"ote":529,"ott":209,"ots":48,"otr":253,"oto":262,"ost":1461,"osu":49,"ota":312,"otc":28,"otd":52,"ov ":88,"osi":113,"osh":114,"osk":89,"ose":258,"oss":101,"osl":24,"oso":58,"oy ":63,"owa":47,"owe":66,"ovi":977,"ovo":29,"ouv":131,"ouz":1500,"ova":237,"ove":156,"oug":359,"ouf":27,"oui":317,"ouh":91,"ouk":182,"oum":209,"oul":878,"oun":651,"oup":85,"ous":409,"our":6950,"out":1285,"opo":193,"opi":160,"ope":218,"oph":160,"opa":474,"os ":1217,"opu":67,"opr":35,"opt":102,"ops":55,"ool":28,"ook":38,"ood":29,"or ":2242,"oou":106,"oot":29,"oor":62,"ork":157,"orl":90,"orm":333,"orn":1523,"oro":324,"orp":42,"orr":385,"orc":140,"ord":621,"ore":615,"orf":322,"org":321,"orh":51,"ori":818,"orj":52,"ou ":989,"osa":126,"osc":72,"ort":651,"ors":149,"orv":169,"oru":79,"orz":1153,"ory":50,"m² ":87,"ot ":217,"orb":59,"ora":374,"oqu":24,"ola":324,"old":111,"olc":37,"on ":5066,"oli":1224,"oll":2546,"olk":71,"olf":87,"ole":1214,"ols":36,"olt":143,"olm":61,"olo":1329,"olp":55,"oly":42,"olz":49,"olu":107,"oka":179,"om ":504,"oki":242,"oke":140,"okr":149,"oks":49,"oko":156,"oku":24,"ona":884,"ond":452,"onc":43,"onf":34,"one":3599,"ong":560,"oni":1468,"onk":97,"onn":763,"ono":501,"kêr":864,"onr":43,"ons":267,"ont":1954,"onu":48,"onv":33,"onw":26,"ony":75,"onz":24,"oma":931,"ome":375,"omb":242,"omi":259,"omm":204,"omp":243,"omo":225,"omt":26,"omu":437,"omy":53,"op ":79,"omz":3124,"la ":919,"ín ":37,"ío ":34,"le ":1172,"lch":45,"lf ":74,"lde":258,"lda":59,"ldo":59,"ldi":82,"lc ":543,"laa":65,"lab":398,"lac":162,"lad":1652,"lae":620,"lah":63,"lag":146,"laj":30,"lai":415,"lak":509,"lan":2333,"lam":1300,"lap":113,"lao":231,"lar":488,"lat":874,"las":665,"law":53,"lau":121,"lav":584,"lay":168,"laz":407,"lba":109,"ld ":178,"lbe":121,"lbi":34,"lbo":51,"lbr":32,"kve":49,"kuz":54,"kus":27,"kur":73,"kum":373,"kul":55,"kuk":29,"kwe":50,"kwa":63,"ky ":36,"kta":48,"kte":66,"koù":73,"kst":110,"ksi":64,"ksh":31,"kso":236,"kui":61,"ktr":79,"kti":78,"kto":145,"lpo":25,"llé":30,"lpe":41,"lph":43,"ls ":64,"lol":35,"lok":82,"lon":530,"lom":263,"lop":132,"lor":169,"lod":397,"loc":191,"loe":311,"log":539,"loi":42,"lpa":108,"los":243,"lot":351,"lou":939,"lov":116,"low":33,"loz":39,"loa":974,"lob":38,"hêr":108,"lmo":82,"lme":64,"lma":126,"liñ":39,"lth":34,"lti":120,"lto":44,"ltr":148,"ltu":28,"lud":25,"luc":61,"lub":38,"lua":26,"lue":102,"lsi":26,"lsk":38,"lso":26,"lsp":40,"lst":74,"lv ":131,"loù":329,"lta":234,"lte":150,"lu ":99,"ía ":69,"lre":43,"lt ":168,"lho":64,"lhe":195,"lha":164,"lgr":51,"lgo":96,"lge":35,"lgi":310,"li ":426,"lga":89,"lfr":35,"hât":29,"lfo":49,"lfi":33,"lfe":223,"lh ":403,"lez":1792,"ley":71,"lex":59,"leu":303,"lañ":440,"lev":593,"les":1142,"let":618,"ler":868,"leo":157,"lep":113,"lem":177,"len":2262,"lek":1292,"lel":46,"lei":313,"lej":65,"leg":1616,"lef":51,"lee":58,"led":429,"lec":1300,"leb":38,"lea":170,"llp":41,"lls":74,"llu":48,"llt":30,"llv":37,"lly":81,"lo ":582,"lla":2233,"lld":27,"lle":2420,"llg":38,"lli":505,"llk":31,"llo":648,"lko":32,"lka":49,"lke":60,"lki":37,"lm ":216,"lje":160,"ll ":4679,"lit":627,"lis":471,"lir":32,"lip":162,"lio":552,"lin":703,"lim":91,"liz":963,"liv":703,"leñ":35,"liu":80,"lic":150,"lid":231,"lia":1696,"lib":56,"lk ":62,"lik":678,"lil":31,"lij":1519,"lig":150,"lie":910,"lif":182,"ma ":1461,"mb ":591,"mac":81,"mab":327,"mah":35,"mai":110,"maj":31,"mak":56,"mad":427,"mae":311,"mag":364,"mar":2123,"mas":161,"mal":298,"mam":124,"man":3821,"mao":145,"maz":94,"may":26,"maw":44,"mat":618,"mba":789,"mbl":109,"mbi":183,"mbe":196,"mbr":812,"mbo":192,"me ":317,"mbu":84,"mde":59,"mdr":39,"med":147,"mee":66,"meg":191,"mea":32,"mañ":1356,"meu":785,"met":1513,"mes":334,"mer":2018,"mem":72,"mel":331,"meo":40,"men":1920,"mei":92,"mek":209,"mfe":26,"mez":216,"lva":154,"lve":509,"lvi":71,"luk":41,"lup":28,"lun":99,"lum":66,"lut":69,"lus":336,"lur":47,"ly ":109,"lwe":65,"lvo":48,"lvr":387,"lz ":240,"lwy":34,"lyd":32,"lzi":27,"lza":56,"lze":26,"lyw":60,"lym":32,"lyn":84,"mpi":89,"mph":46,"mpe":243,"mpr":173,"mpo":95,"mpl":1375,"mpv":50,"mps":40,"ms ":55,"mog":45,"moc":36,"moe":45,"mod":89,"mon":521,"mok":123,"moj":168,"mol":78,"mor":813,"mos":78,"mot":89,"mou":587,"mpa":496,"mre":137,"msa":83,"mu ":25,"iñ ":870,"ία ":28,"mst":158,"msk":28,"moù":263,"my ":29,"mur":71,"mus":152,"iñs":1025,"mut":27,"iñv":102,"mui":254,"mul":102,"mun":2223,"muz":74,"mgl":91,"mga":206,"mi ":131,"min":284,"mio":42,"mil":696,"mir":198,"mis":93,"mit":243,"miz":272,"mic":110,"mib":47,"mia":86,"mig":63,"mie":196,"mid":59,"mik":104,"mo ":123,"ièr":50,"ièg":36,"mka":24,"mm ":956,"moa":84,"iêt":40,"mno":39,"mp ":171,"mmu":105,"mmi":51,"mmo":164,"mma":602,"mme":253,"zre":26,"zro":39,"vîn":50,"zte":64,"zoù":296,"zu ":289,"zst":24,"zsk":181,"zve":38,"zue":58,"zul":186,"zun":25,"zuz":70,"zus":84,"zzo":29,"アア ":34,"zgi":47,"zi ":507,"zhi":1481,"zhe":1520,"zha":1503,"zed":202,"zeg":368,"zei":32,"zeb":38,"zdo":72,"zh ":14328,"zev":108,"zañ":742,"zeu":132,"zet":3672,"zes":33,"zez":352,"zen":1263,"zel":1371,"zek":305,"zer":980,"ze ":719,"zab":47,"zad":456,"zac":32,"zbe":30,"zam":89,"zan":193,"zak":37,"zal":175,"zar":107,"zao":47,"zap":54,"zas":136,"zat":105,"zoa":32,"zor":53,"zon":351,"zol":126,"zou":503,"ال":111,"zo ":10196,"ziñ":115,"zne":946,"vé ":24,"zka":30,"zhp":154,"zho":5307,"zhu":132,"zhs":28,"zhv":75,"zia":766,"zif":31,"zie":248,"zid":445,"zig":100,"zin":109,"zim":41,"zil":353,"zik":113,"zio":362,"zir":38,"zis":168,"zit":62,"ziv":302,"ziw":30,"yré":24,"yuz":72,"yth":46,"yst":49,"yso":29,"ysi":55,"yre":24,"ys ":180,"yr ":41,"you":78,"yot":24,"yon":122,"za ":184,"ywe":49,"ye ":71,"uße":32,"ych":49,"yde":28,"ydd":122,"yek":64,"yeg":55,"yer":66,"yen":76,"yez":6381,"yev":24,"ya ":614,"yd ":35,"yar":58,"yan":276,"yao":135,"yal":52,"yam":35,"yak":60,"yah":28,"yn ":147,"yla":30,"yle":56,"yli":31,"yll":66,"ylv":44,"yo ":48,"ymp":27,"ymo":24,"yna":31,"ync":35,"yne":111,"ر ":42,"yi ":39,"yin":88,"yie":31,"têr":714,"ي ":49,"ن ":50,"xi ":24,"té ":71,"xis":56,"xic":25,"xas":26,"xan":47,"wy ":42,"wys":53,"wyn":117,"wyd":57,"wiñ":39,"sé ":43,"wn ":51,"wre":95,"wri":41,"wor":37,"wol":24,"wr ":62,"we ":50,"wez":464,"wev":251,"wes":47,"wer":638,"weu":60,"wen":755,"wel":613,"wek":43,"wei":37,"weg":50,"wed":29,"wee":32,"wec":686,"wg ":36,"wi ":52,"wir":257,"wis":49,"wit":92,"wig":63,"wie":25,"wid":55,"wic":39,"win":99,"wil":166,"wia":38,"vye":26,"wa ":134,"wan":232,"wal":641,"wam":29,"wak":26,"way":43,"wat":35,"war":4112,"was":65,"waz":81,"wag":31,"wai":112,"wae":48,"wad":65,"ría":36,"vru":57,"vro":1897,"vri":160,"vre":1493,"vra":602,"vsk":45,"vus":30,"vuz":29,"vui":173,"vug":63,"vuh":82,"via":194,"vio":268,"vir":66,"vik":47,"vil":263,"vin":176,"vig":93,"vih":155,"vij":194,"vic":93,"vid":194,"vie":274,"viz":2997,"viv":29,"vit":2282,"vis":84,"ré ":55,"vn ":395,"vle":69,"vlo":168,"vo ":111,"rén":27,"viñ":739,"vne":256,"voa":40,"vod":80,"voe":1131,"vog":240,"voj":30,"voi":76,"vol":72,"von":458,"vor":641,"vot":54,"vos":31,"vou":673,"vr ":206,"vi ":33,"vez":7355,"ver":1988,"ves":130,"vet":4050,"veu":266,"vañ":660,"vev":1006,"vei":24,"veg":189,"ven":1240,"vel":2563,"vek":66,"vea":33,"vef":97,"vee":38,"ved":919,"ve ":570,"val":181,"vak":44,"van":668,"vam":45,"vao":84,"var":1289,"vat":272,"vas":122,"vc ":49,"vab":24,"vae":81,"vad":569,"vai":39,"vag":535,"va ":291,"uzu":185,"uzk":33,"uzi":114,"uzh":1308,"uze":459,"uzs":159,"uzo":65,"uza":122,"uzb":30,"uya":31,"uz ":475,"uwe":24,"ux ":103,"uvi":37,"uva":39,"uve":100,"uy ":40,"uvr":49,"usk":479,"ush":47,"usi":500,"use":355,"usc":41,"usa":194,"ust":519,"uss":119,"uso":25,"uth":105,"uti":264,"ute":147,"uta":215,"utt":43,"uts":71,"utu":47,"uto":157,"utr":26,"us ":12885,"ut ":1028,"urb":53,"ura":377,"urd":124,"urc":80,"ure":1465,"urh":24,"urg":533,"uri":1365,"url":187,"urk":288,"urm":291,"urn":83,"uro":614,"urr":1978,"urs":53,"urt":279,"uru":206,"urv":409,"ury":73,"urz":552,"uny":30,"uon":91,"upa":32,"ur ":15791,"upi":44,"upe":63,"upl":36,"umu":1652,"uiñ":100,"umi":41,"umm":904,"umo":35,"uma":310,"umb":711,"ume":152,"ulz":123,"unt":110,"uns":56,"unv":98,"unu":56,"unk":57,"uni":755,"uno":443,"unn":67,"unc":29,"und":259,"una":1290,"ung":318,"une":411,"up ":59,"uks":39,"ukr":56,"uku":44,"uko":46,"ukl":49,"uki":91,"uke":38,"um ":382,"uka":71,"ulv":25,"ulu":113,"ult":103,"uls":40,"ulo":116,"ulm":63,"ull":318,"uli":404,"ulg":56,"ule":376,"ulf":33,"ula":220,"un ":6539,"uid":76,"uie":35,"uig":40,"uik":27,"uil":155,"uin":77,"uio":78,"uis":287,"uk ":47,"uia":185,"uje":42,"uit":103,"uiz":66,"ul ":1239,"uja":41,"ugh":41,"ugi":31,"uge":364,"ugo":67,"ugl":36,"ui ":204,"uga":481,"uhe":503,"ugu":149,"ugr":53,"uha":28,"uco":39,"ucu":26,"uf ":24,"uda":492,"udd":57,"ude":1332,"udi":309,"ubo":31,"uca":58,"ue ":1086,"uce":33,"uci":47,"uch":262,"uck":41,"uet":1306,"uev":34,"uer":664,"ues":294,"uez":1264,"uff":67,"ufo":28,"udu":45,"udo":178,"ug ":229,"udw":33,"ueg":387,"uee":179,"ued":155,"uen":478,"uel":271,"uek":451,"ub ":86,"ua ":372,"uay":86,"uat":78,"uas":116,"uar":925,"uam":161,"ual":78,"uan":1051,"ubi":95,"ubl":610,"ube":190,"uba":184,"ud ":1278,"uai":32,"uaf":53,"uag":34,"uad":128,"uc ":83,"tze":26,"tyl":53,"ty ":132,"tve":544,"tur":438,"tus":231,"tut":38,"tul":25,"tun":47,"tum":651,"tua":71,"tud":498,"tug":248,"tz ":81,"twe":33,"ts ":141,"tre":2978,"tt ":64,"tra":1337,"tri":813,"tru":143,"tro":3557,"tu ":352,"tsa":33,"tse":38,"tsc":49,"tsi":40,"tsk":31,"tso":25,"tsu":28,"toù":279,"tta":120,"tte":308,"tti":121,"tto":83,"ttp":30,"tts":31,"to ":479,"tiñ":48,"tp ":30,"tna":56,"toe":80,"tod":25,"toc":284,"toi":54,"tog":32,"tou":859,"tov":27,"tos":326,"tot":83,"toz":55,"tow":30,"tom":159,"ton":1563,"tok":134,"tol":338,"tor":741,"top":94,"tr ":310,"til":274,"tik":947,"tif":26,"tie":481,"tig":104,"tir":140,"tiq":33,"tit":209,"tis":284,"tin":1250,"tim":79,"tio":509,"thy":51,"thu":684,"tia":703,"tib":461,"tic":184,"tid":98,"tiz":85,"tiu":34,"tiv":312,"tl ":113,"tka":29,"tke":102,"tla":426,"tle":255,"tem":281,"ten":1056,"teo":96,"tep":78,"tei":518,"tek":1918,"tel":1926,"tee":33,"tef":26,"teg":307,"tea":74,"tec":37,"ted":237,"th ":395,"tez":423,"tev":112,"teu":243,"tañ":1689,"tet":90,"tes":340,"ter":3607,"ti ":957,"tho":239,"thr":44,"the":408,"thi":81,"tha":171," アア":26,"並 ":30,"三 ":49,"üs ":59,"之 ":48},"n_words":[2305059,2819439,2226880],"name":"br","type":"latin"}