{"freq":{"Fe ":1539,"D":11333,"E":9591,"F":9129,"G":20345,"A":20881,"B":12687,"C":28561,"L":15711,"M":24164,"N":7579,"O":5361,"H":6663,"I":5301,"J":2920,"K":1955,"U":5682,"T":9914,"W":5139,"V":1175,"Q":331,"P":10920,"S":18433,"R":8785,"Y":6381,"X":156,"Z":358,"f":102454,"g":124045,"d":297794,"e":305845,"b":42206,"c":70455,"Fed":56,"a":340057,"n":303994,"o":193011,"Fei":80,"l":181438,"m":70473,"j":732,"Fel":228,"k":5358,"h":111415,"i":224421,"Fen":103,"w":133473,"v":3889,"u":84011,"Fer":95,"t":96401,"s":97156,"r":275486,"q":393,"p":27532,"z":1653,"y":272195,"x":1194,"Ffo":187,"Ffl":265,"Ffi":428,"Ffe":213,"Ffa":46,"Ffy":47,"Ffu":103,"Ffr":1430,"²":91,"Î":41,"É":51,"À":445,"Fil":43,"ï":652,"î":418,"Fin":48,"í":198,"ë":206,"ê":1481,"Fir":87,"é":1125,"è":159,"ç":67,"æ":50,"ä":70,"Fie":143,"â":2559,"á":343,"à":109,"ü":121,"ú":96,"ù":63,"ö":248,"ô":3067,"ò":62,"ó":166,"ē":42,"ā":208,"ī":83,"ō":123,"ŵ":1259,"ŷ":505,"ū":152,"Faw":386,"Fan":141,"Fal":84,"Far":105,"Fae":78,"Fac":114,"Fai":52,"Erb":44,"Eri":162,"Eth":197,"Eti":126,"Ers":44,"Ery":541,"Esg":154,"Eup":59,"Eur":69,"Eva":147,"Ewr":684,"ˈ":50,"Eit":40,"El ":81,"Eif":65,"Eig":43,"Eid":393,"Ein":91,"Eil":45,"Eis":204,"́":115,"Elf":104,"Ele":70,"μ":79,"ν":135,"ο":198,"Eng":69,"ι":95,"κ":64,"λ":95,"δ":38,"ε":83,"η":58,"α":182,"γ":42,"ά":48,"ί":75,"Emi":37,"Emm":39,"Eml":53,"Eli":163,"Ell":61,"Er ":143,"Enw":854,"ό":61,"σ":58,"ς":162,"ρ":107,"π":56,"Eni":89,"υ":45,"τ":85," l":10735,"ь":66," m":19257," n":29792," o":33276,"я":41," h":11620,"Cân":42," i":18800," j":98," k":864," d":30278," e":20097," f":18797," g":42173,"ч":59,"р":207," a":65561,"с":158," b":14900,"т":99," c":26227,"у":60," y":105922," u":7227," t":11355," w":8138," v":206," p":10362," s":19137," r":34831," J":2904," K":1945," H":6645,"Gel":559,"Gem":88," I":5291," N":7566," O":5351," L":15685,"Gei":1020," M":24137," B":12669," C":28504," A":20837,"С":45," F":9117," G":20264," D":11311," E":9519,"Gea":46,"л":170,"к":145," Z":352," Y":6373,"й":66," X":151,"и":260,"о":284,"н":180,"м":52,"г":58," S":18405,"Ger":213," R":8770,"в":159,"б":38," Q":329," P":10887,"а":295,"Geo":264," W":5129," V":1168,"Gen":357," U":5681,"е":260," T":9888,"д":81," â":1668," ô":1446,"Gla":300,"Gha":77," À":445," É":45," Î":41,"Gil":60," ŵ":72,"ה":41,"ו":50,"י":46,"Gaz":46,"Gan":372,"Gal":398,"Gam":70,"Gat":72,"Gar":516,"Gas":89,"Gai":99,"Gae":1402,"Gad":59,"Gab":57,"و":196,"ي":291,"ف":45,"ق":54,"ك":45,"ل":362,"م":201,"ن":219,"ه":67,"خ":38,"د":148,"ج":68,"ح":77,"ت":86,"ب":192,"ة":126,"ا":513,"أ":38,"ع":70,"ط":52,"ش":46,"س":144,"ز":53,"ر":230,"Fry":84,"Fro":64,"Fyn":271,"Fwy":63,"Flo":39,"Fla":61,"Fle":45,"Fra":319,"Fri":101,"Fre":191,"A ":1088,"Foo":73,"For":307,"Fou":44,"Foe":122,"F ":59,"Da":2498,"Cu":272,"Cw":585,"Cy":7372,"Cl":935,"Cn":42,"Co":2666,"Cr":1941,"Ce":3498,"Ch":2757,"Ci":277,"G ":104,"Ec":68,"Ed":412,"Ea":170,"Eb":590,"Dw":249,"Du":804,"Dy":1018,"Do":759,"Dr":592,"De":2160,"Dd":958,"Di":1824,"Dh":64,"Fe":2231,"H ":155,"Fa":1155,"Eu":257,"Ev":184,"Ew":725,"Ex":44,"Er":1074,"Et":355,"Es":277,"En":1155,"Em":230,"Ep":63,"Ei":1604,"El":634,"Ef":1230,"Eg":302,"Ge":2651,"Câ":42,"Ga":3313,"I ":676,"Fy":369,"Fw":115,"Fu":118,"Fr":789,"Fo":691,"Fl":182,"Fi":488,"Fh":75,"Ff":2731,"Hi ":175,"B ":244," С":45,"II ":307,"C ":911,"Av":93,"Au":228,"Aw":1145,"Ar":2753,"Aq":45,"At":330,"As":660,"D ":151,"Ba":2551,"Az":66,"Ay":58,"Ae":324,"Af":1863,"Ag":155,"Ab":1337,"Ac":626,"Ad":579,"Am":1812,"An":1298,"Ao":86,"Ap":230,"Ai":814,"Al":5324,"Hir":98,"By":401,"Bw":425,"His":66,"Bu":657,"Br":3063,"Ca":7250,"E ":255,"Bh":283,"Bi":359,"Be":2806,"Hig":55,"Bo":949,"Hil":184,"Him":44,"Bl":698,"Hin":102,"Ku":119,"Ky":127,"Kn":99,"Kr":62,"Ko":131,"Le":1967,"Li":730,"N ":179,"La":1295,"Lu":321,"Lw":47,"Ly":372,"Ll":8526,"Lo":2189,"Me":3068,"Iâ":58,"Mh":722,"Mi":742,"O ":337,"Dŷ":53,"Ma":14605,"Mc":91,"My":761,"Mw":171,"Mu":488,"Mr":121,"Mo":2328,"Nh":168,"Ni":590,"Ng":1975,"Ne":1732,"Na":1719,"P ":102,"Hel":181,"Ny":139,"Hei":49,"Nu":77,"Hed":82,"No":968,"Heb":135,"Hea":71,"Ol":406,"On":113,"Og":270,"Oh":42,"Oc":104,"Od":68,"Oe":2267,"Hen":857,"Of":86,"Hes":38,"Oa":53,"Ob":54,"Her":204,"Gi":265,"Gh":165,"Gl":1637,"Gr":2454,"Go":2441,"Gu":315,"Gy":1683,"Cô":47,"Gw":5026,"J ":134,"Ha":1868,"He":1744,"Hi":789,"Ho":750,"Hu":453,"Hw":138,"Hy":775,"र":40,"K ":39,"Ib":42,"Ia":328,"Id":236,"If":69,"Ie":177,"ा":57,"Io":765,"Im":55,"In":884,"Il":79,"Iw":647,"्":49,"Is":833,"It":59,"Ir":229,"Ja":937,"L ":90,"Ji":72,"Je":327,"Jo":1211,"Had":42,"Fô":38,"Jr":44,"Hae":300,"Ju":221,"Haf":198,"Hal":109,"Ka":451,"Hai":43,"M ":130,"Han":221,"Ham":150,"Kh":108,"Har":406,"Ki":402,"Haw":74,"Ke":308,"Hau":114,"Ut":49,"Ur":136,"Un":2471,"Ul":77,"Uc":2348,"W ":83,"Gyr":41,"Ty":474,"Tw":270,"Tu":595,"Gym":1100,"Tr":1825,"Ts":360,"Gyn":163,"Pê":44,"To":757,"Gyd":159,"Th":1526,"Ti":598,"Te":1081,"Gyf":142,"Ta":2097,"V ":167,"Sw":1250,"Sy":524,"St":1498,"Su":393,"Wr":303,"Wo":329,"Wi":1101,"Wh":150,"Wl":140,"Wa":840,"We":1710,"Y ":1318,"Vo":87,"Vi":334,"X ":53,"Va":335,"Grŵ":144,"Ve":206,"Uw":129,"Pw":190,"Pu":305," م":63,"Pr":1739,"S ":764,"Py":119,"Gua":65,"Pe":3405,"Pa":1592,"Gui":67,"Pl":525,"Po":1922,"Pi":467,"Ph":393,"Os":135,"Ot":47,"Ou":45," ا":223,"Op":59,"Or":342,"Gŵ":111,"R ":160," ب":53,"Ow":296,"Oy":53,"Se":1837,"Sc":412,"Si":2884,"Sh":621,"Sg":470,"Sm":109,"Sl":145,"Sk":83,"Sr":86,"Sp":262,"So":559,"Ru":535,"Ry":288,"Gwr":140,"Rw":509,"U ":156,"Sa":6147,"Sb":343,"Gwy":2266,"Gwe":1233,"Re":503,"Ri":460,"Gwa":335,"Rh":3082,"Gwo":134,"Gwn":52,"Gwl":709,"Ro":2605,"Gwi":108,"Qu":256,"Mô":742,"T ":147,"Ra":632,"Tŷ":84,"Gre":610,"Gri":267,"Gra":555,"Glö":96,"b ":3328,"Gru":159,"Gro":691,"a ":51218,"Ye":72,"Ya":90,"Yn":2049,"Ym":722,"Yo":129,"Yu":66,"Yr":659,"Ys":1224,"Gle":844,"Wy":417,"Glo":100,"Gly":254,"Goo":37,"Gol":183,"Gom":67,"Got":62,"Gor":1252,"Za":73,"Ze":78,"Zi":43,"Zu":39,"God":47,"Gog":472,"Goc":85,"i ":38903,"Inv":100,"fw":1978,"fy":10068,"Ioa":44,"gd":137,"ge":9102,"gf":868,"ga":16120,"gb":189,"fl":2826,"fg":93,"ff":11831,"fi":6912,"fs":46,"bî":58,"fr":8643,"fu":2341,"ft":461,"Int":85,"fo":10368,"fn":3165,"j ":48,"gy":9888,"gw":9737,"hf":267,"dâ":43,"hg":350,"hd":1537,"he":14852,"hb":108,"ha":19081,"gn":416,"gm":64,"gl":7224,"gi":3529,"gh":4830,"gg":166,"Ion":616,"gu":1382,"gt":170,"gs":165,"gr":6508,"Ior":53,"go":16514,"dt":42,"du":6001,"dw":8140,"dy":12449,"g ":36598,"ea":4976,"eb":3180,"ec":2955,"ed":44549,"de":16065,"dd":84524,"dg":311,"df":1708,"di":29599,"dh":972,"dm":105,"dl":3195,"do":14938,"dn":1255,"ds":484,"dr":8475,"ew":8995,"ex":424,"eu":11450,"ev":608,"ey":2052,"ez":173,"fa":9608,"h ":26458,"Ind":510,"fd":990,"fe":14177,"fb":102,"eh":1107,"eg":15169,"ef":16678,"ee":943,"el":20723,"ek":164,"ej":41,"ei":27830,"ep":1574,"eo":4494,"en":34977,"em":3744,"et":14347,"es":16689,"er":35301,"ca":8269,"e ":32522,"bw":1267,"by":5500,"bs":99,"br":4597,"bu":1226,"bn":48,"bo":4368,"bl":4571,"bh":358,"bi":1556,"bb":144,"bd":48,"be":6777,"dc":38,"db":94,"da":17715,"f ":18520,"cy":8823,"cw":614,"cu":488,"ct":1580,"cs":549,"cr":2262,"co":5637,"cm":48,"cn":51,"ck":930,"cl":1111,"ci":1587,"ch":26374,"ce":3041,"cc":166,"c ":8637,"az":312,"ay":1012,"ba":8027,"d ":90625,"at":8544,"as":12110,"ar":38569,"ax":139,"aw":9171,"av":851,"au":19336,"ak":678,"al":15639,"ai":28376,"aj":129,"ao":569,"ap":1859,"am":10300,"an":51341,"ac":11287,"ad":20781,"aa":163,"ab":3228,"ag":4220,"ah":1181,"ae":38165,"af":10668,"nu":1924,"nt":12389,"ns":2901,"nr":2284,"Ifa":40,"np":53,"no":14100,"nn":11240,"nz":130,"ny":12248,"nw":13858,"nv":170,"oe":17244,"of":2843,"oc":4164,"od":16702,"oa":475,"ob":4169,"om":3404,"on":23684,"ok":359,"ol":31043,"oi":1499,"og":11702,"oh":1022,"ot":1836,"m²":86,"os":6644,"ov":478,"ou":2364,"op":7305,"oo":863,"or":19871,"r ":97506,"gŵ":65,"ox":76,"ow":1905,"oz":69,"oy":522,"pe":4549,"lâ":62,"pa":7810,"pl":881,"lê":981,"po":1801,"ph":2260,"pi":2423,"lo":8056,"ln":84,"lm":2285,"ll":25680,"ls":592,"lr":78,"lp":247,"lw":7516,"lv":181,"lu":4776,"lt":3355,"Idd":114,"lz":47,"ly":9229,"hô":55,"o ":32658,"dŵ":331,"Idr":57,"mc":302,"md":1313,"ma":12774,"mb":1263,"mg":609,"mh":1304,"me":11191,"iâ":71,"mf":130,"ml":2070,"mi":3619,"mn":407,"mm":469,"mp":1485,"mo":3170,"mr":6007,"mt":173,"ms":740,"mu":2756,"Iei":49,"iô":76,"mw":2666,"my":4653,"p ":2056,"Ies":43,"na":18605,"nb":1462,"nc":2771,"nd":8926,"ne":28781,"nf":2039,"ng":19411,"nh":3006,"ni":14670,"nj":135,"nk":382,"nl":948,"nm":771,"Ieu":53,"fô":44,"ju":54,"fî":107,"jo":72,"ki":563,"kh":206,"gâ":69,"ke":713,"ka":582,"m ":12759,"ky":143,"ks":215,"ku":123,"ko":255,"kr":68,"kk":45,"kl":117,"km":709,"kn":46,"gê":84,"li":13502,"lh":333,"lk":174,"há":37,"le":25308,"ld":3291,"lg":727,"lf":1785,"hâ":88,"la":22265,"lc":1274,"lb":4658,"n ":129973,"dî":57,"hr":4162,"hs":206,"hw":8162,"ht":520,"hu":3049,"hi":7126,"hn":1183,"ho":8111,"hl":2073,"hm":233,"dé":370,"id":14418,"ic":5942,"ib":1579,"ia":26223,"ih":218,"ig":11702,"if":9533,"ie":4390,"hy":13222,"k ":1329,"iq":80,"ir":24552,"is":9056,"it":12154,"iu":514,"iv":491,"iw":5398,"ix":147,"ii":107,"ij":103,"ik":308,"il":12119,"im":1505,"in":29957,"eë":45,"io":13225,"ip":837,"je":73,"Iar":71,"ji":138,"iz":277,"iy":334,"Ian":45,"l ":44324,"ja":217,"Iai":126,"xi":200,"xo":38,"té":52,"tî":45,"xt":49,"wy":36348,"ww":54,"z ":355,"xa":159,"tâ":87,"xe":70,"wg":664,"wi":6651,"wl":4892,"sé":43,"wm":1763,"wn":9601,"sê":51,"wo":2007,"wp":170,"wr":12516,"ws":2657,"sï":46,"wt":289,"wu":53,"rô":114,"y ":43036,"wb":421,"wa":8291,"wd":1844,"wc":1767,"wf":218,"we":14515,"ré":173,"vi":1082,"râ":57,"vu":50,"vr":48,"rï":40,"rë":66,"vo":243,"uz":117,"uy":100,"ux":122,"uw":1502,"uv":98,"ve":1501,"va":690,"x ":538,"ui":873,"uk":137,"ul":2825,"ue":842,"uf":864,"ug":2077,"uh":77,"ur":9114,"us":3544,"ut":1125,"um":1436,"un":9776,"uo":2173,"up":276,"ty":2334,"tz":134,"tu":4774,"tt":1060,"tw":874,"ub":587,"ua":3026,"ud":3346,"uc":1723,"w ":28552,"lŷ":175,"to":4656,"tn":397,"pê":160,"tm":136,"tl":749,"ts":824,"tr":9852,"tp":42,"tg":191,"tf":144,"te":8913,"tk":40,"ti":6270,"th":34123,"v ":135,"tb":311,"tc":225,"ta":7641,"su":1034,"ss":1407,"Hyw":74,"st":10674,"sy":11549,"sw":1131,"sl":613,"sk":338,"sn":4104,"sm":342,"sp":272,"so":5309,"sr":218,"sd":421,"sc":590,"sf":301,"se":6958,"Hyd":590,"sh":1353,"sg":5428,"si":7703,"rz":64,"u ":38069,"sa":4420,"sb":869,"rr":3139,"rs":2573,"nï":350,"rt":9794,"ru":5227,"rv":239,"rw":8072,"ry":10076,"rq":40,"rp":904,"ro":15586,"në":57,"rn":7321,"né":106,"rm":2771,"rl":5238,"nç":49,"rk":493,"ri":23922,"rh":9744,"rg":2743,"rf":5415,"re":22722,"rd":11710,"rc":3476,"rb":1538,"ra":23899,"t ":12191,"mô":280,"qu":314,"Hwn":76,"mâ":48,"s ":31741,"hŷ":72,"px":78,"lô":60,"py":248,"lö":131,"pt":1306,"pu":631,"pw":742,"pp":348,"pr":1765,"ps":228,"hū":85,"Hun":62,"Hum":61,"Huw":52,"Hug":142,"tŷ":48,"IV ":48,"wâ":83,"rŵ":459,"zz":70,"Hor":65,"zh":71,"zi":170,"Hou":114,"zb":37,"ze":198,"za":330,"Hom":49,"yy":47,"Hon":146,"Hol":122,"zu":71,"zo":149,"How":58,"yg":2872,"yh":854,"ye":236,"yf":12232,"yc":3592,"yd":50329,"་":38,"ya":2335,"yb":822,"yw":21420,"yu":51,"yt":2465,"ys":12384,"yr":22478,"yp":196,"yo":362,"yn":74012,"ym":17663,"yl":4484,"yk":65,"IR ":39,"yi":95,"Arg":192,"Are":81,"Arf":161,"Arc":172,"Ard":330,"Ara":645,"Arb":38,"Arm":93,"Ark":49,"Arl":228,"Ari":157,"App":76,"Apo":76,"Ath":193,"Atl":65,"Ast":95,"Ass":90,"Asi":362,"Art":218,"Arw":129,"Avo":40,"Aur":46,"Aug":57,"Awy":60,"Aws":918,"Awd":150,"Bai":38,"Bal":342,"Ban":571,"Bab":49,"Bac":149,"Bad":45,"Bae":152,"Baf":40,"Bay":40,"Bar":705,"Bat":87,"Bas":189,"CC ":319,"BE ":140,"Abr":43,"Aca":159,"Abe":1076,"Aba":80,"Act":324,"Ada":89,"Ach":90,"Adn":48,"Adr":99,"Add":86,"Ade":142,"Ael":205,"Aer":53,"Afo":1268,"Aff":460,"Afg":44,"Ago":41,"Aif":105,"Ail":151,"Ain":442,"Air":55,"Al ":98,"Am ":62,"Ala":129,"Alb":3548,"An ":121,"Alg":86,"Ali":71,"Ale":206,"Alf":52,"Alu":44,"Alm":666,"All":174,"Alp":112,"Amg":74,"Ame":1251,"Ama":68,"Amw":99,"Ams":41,"Ang":201,"Ani":79,"Ana":70,"And":209,"Ant":265,"Ann":197,"Ar ":131,"Aon":53,"But":65,"Bul":39,"Bur":114,"Buc":38,"Bui":58,"Bu ":164,"Bry":805,"Bru":120,"Brw":176,"Byd":283,"² ":91,"Bwl":182,"Bwr":151,"DA ":97,"Cab":43,"Cad":213,"Cae":1032,"DD ":40,"Cal":219,"Cam":227,"Caf":480,"Cai":366,"Cas":915,"Car":1877,"Cat":223,"Can":1350,"Cap":159,"Caw":62,"Bea":150,"Bet":175,"Ber":402,"Ben":733,"Bel":274,"Bei":579,"Bed":337,"Bhr":46,"Bhu":62,"Bil":57,"Bis":38,"Bir":54,"Bha":56,"Bhe":84,"Ài":440,"Blu":41,"Blo":83,"Ble":43,"Bla":500,"Bre":500,"Bra":479,"Bro":495,"Bri":461,"Bod":96,"Bob":38,"Bol":50,"Bon":223,"Boo":44,"Bor":128,"Bos":53,"Bou":115,"Bow":40,"Cyc":57,"Cyd":52,"Cys":83,"Cyr":75,"Cyt":157,"Cyn":1224,"Cym":4367,"Cyl":131,"Cyf":1040,"Cyh":146,"Cur":60,"Cul":80,"Îl":39,"Cwm":473,"De ":401,"Dey":467,"Der":96,"Des":74,"Deu":61,"Dew":73,"Del":66,"Dem":67,"Den":121,"Dea":123,"Dec":105,"Ded":67,"Def":186,"Deh":65,"Ddy":46,"Ddw":51,"Ddu":131,"Ddi":405,"Dda":107,"Dde":168,"Dam":55,"Dan":185,"Dar":231,"Dat":83,"Dav":367,"Daw":158,"Dad":40,"Daf":217,"Dae":153,"Dai":40,"Dal":797,"Cho":221,"Chr":239,"Che":165,"Chi":233,"Chl":64,"Chu":124,"Chw":858,"Chy":89,"án":75,"ái":74,"Cit":58,"Cil":97,"âl":86,"ân":336,"âd":45,"âu":90,"ât":37,"âr":140,"Cle":140,"Cla":218,"Cea":48,"Cei":925,"Cef":291,"Cem":52,"Cel":239,"Cen":423,"Cer":1421,"Cha":693,"â ":1741,"Cri":276,"Cra":198,"Cre":385,"DU ":59,"Cry":52,"Cru":632,"Cro":352,"Cly":91,"Cli":57,"Clo":101,"Clw":225,"Clu":93,"Coc":117,"Coi":141,"Cof":107,"Coe":237,"Cop":81,"Cos":46,"Cor":407,"Com":238,"Col":320,"Con":652,"Cou":119,"アアア":57,"ôr":762,"ôl":1584,"ôn":601,"ón":72,"Dyw":75,"ïo":107,"Dyd":48,"Dyc":49,"în":138,"Dym":227,"Dyn":66,"Dys":44,"Dyf":415,"ïa":463,"Dyl":71,"Dwy":227,"îl":47,"îm":141,"î ":61,"ëw":53,"Egl":261,"Efr":172,"í ":45,"Efy":881,"ëd":42,"Ei ":672,"ëe":56,"ên":983,"êl":271,"êm":109,"êr":91,"él":41,"ép":354,"ém":39,"én":68,"ér":78,"ée":104,"ég":64,"Edw":243,"Edm":38,"èr":41,"ès":40,"Ef ":107,"ço":37,"é ":170,"Ebr":548,"Ear":39,"Eas":62,"ān":56,"Dia":78,"Dic":59,"Dis":198,"Dir":57,"Dio":56,"Din":930,"Dig":90,"Dif":46,"Diw":144,"Dug":61,"Dub":66,"Dun":80,"Dul":102,"Dui":91,"ể":69,"ür":59,"Duw":89,"Dur":65,"Dro":45,"Dru":57,"Dry":63,"Du ":131,"öy":129,"Dri":53,"Dre":173,"Dra":145,"Doc":73,"Dr ":38,"Dou":83,"Dow":41,"Dol":168,"Don":111,"Dom":58,"Dor":76,"Ned":55,"Nev":46,"Neu":46,"Nep":47,"Neo":67,"Ne ":182,"Nat":1075,"Nig":61,"Nid":87,"Nic":115,"Nin":78,"Nha":51,"Nhr":45,"Ngh":1380,"Nge":64,"Ni ":64,"Ngw":317,"Ngo":144,"New":1034,"Myn":603,"Nar":52,"Nan":259,"Nad":69,"OC ":70,"Nyf":95,"OS ":481,"Nor":455,"Not":37,"Nof":207,"Oes":2225,"Ogw":150,"Ogo":40,"Ogl":71,"Off":71,"PA ":37,"Oak":42,"Owa":159,"Owe":132,"ī ":39,"Oyk":41,"Oly":162,"Oli":119,"Ope":42,"Ora":40,"Ori":47,"Org":37,"Orl":66,"Plw":64,"Pla":369,"Pin":50,"Pil":40,"Pit":98,"Pie":81,"Pic":69,"Pho":86,"Phi":138,"Phr":55,"Phe":40,"Pea":46,"Ped":89,"Per":357,"Pet":166,"Pen":2562,"Pel":49,"Pat":108,"Pas":79,"Par":525,"Pau":125,"Pab":54,"Pac":49,"Pan":158,"Pap":93,"Pal":184,"Pak":50,"Gŵy":103,"ō ":54,"Pyr":65,"Pwy":112,"Pwl":49,"Pum":82,"Pur":41,"Pug":63,"Pro":243,"Pri":768,"Pre":133,"Pry":452,"Pra":116,"Pob":179,"Pol":106,"Pon":298,"Poi":41,"Pot":63,"Pos":39,"Por":358,"Pow":700," ال":192,"Rac":38,"Rad":90,"Rai":42,"Ram":56,"Ran":141,"ū ":77,"Môr":383,"Môn":358,"ŷ ":235,"ŵl":41,"ŵn":87,"ŵp":443,"ŵr":393,"Que":103,"ŵy":196,"Quo":68,"ŷn":164,"ŷr":76,"Isa":101,"Ise":233,"Isl":207,"Isr":118,"Is ":89,"Ira":166,"Iwe":600,"Jac":132,"Jap":343,"Jan":70,"Jam":257,"Jen":67,"Jer":98,"Jea":66,"Jim":37,"あ":42,"Jos":121,"Jon":426,"ア":100,"Joh":529,"Jr ":44,"Jul":71,"Jun":38,"Kan":77,"Kat":68,"Kas":44,"Kar":90,"Ker":43,"Ken":91,"Kel":37,"Kin":187,"Kil":92,"Kha":59,"Kno":77,"Kyl":83,"Lew":127,"Lev":111,"Les":58,"Ler":63,"Lep":994,"Leo":78,"Lei":113,"Leg":43,"Lee":38,"Lea":111,"Lau":47,"Law":91,"Le ":50,"Lai":41,"Lag":42,"Laf":70,"Las":63,"Lar":55,"Lao":55,"Lam":49,"Lan":381,"Lad":104,"La ":83,"Lli":81,"Llo":1177,"Lla":2896,"Lle":1205,"Lly":1369,"Llw":218,"Llu":548,"Lib":127,"Lia":147,"Lim":38,"Lin":147,"Lit":62,"Lun":66,"Luc":59,"Llŷ":126,"Llê":901,"Lou":107,"Los":46,"Loi":64,"Loe":137,"Loc":1370,"Lor":55,"Lon":140,"Lom":91,"Dŷ ":53,"Lyd":44,"Lyn":107,"Lyo":122,"Mei":183,"Meh":551,"Men":120,"Mel":122,"Mes":98,"Mer":331,"Mew":209,"Meu":40,"Met":107,"Mec":52,"Mea":441,"Med":618,"Mex":110,"Man":377,"Mao":42,"Mal":270,"Mam":89,"Mar":903,"Mas":96,"Mag":89,"Mad":118,"Mae":10140,"Mah":50,"Mai":677,"Mac":250,"Mab":124,"May":55,"Max":37,"Mau":68,"Mat":309,"Maw":799,"Moc":42,"Mod":56,"Moe":284,"Moh":40,"Mon":614,"Moo":54,"Mos":98,"Mor":865,"Mou":90,"Mot":83,"Mid":69,"Mic":171,"Mit":41,"Mis":80,"Mil":151,"Min":107,"Mhe":110,"Mha":155,"Mhu":72,"Mhr":108,"Mho":230,"Mun":41,"Mul":66,"Mur":72,"Mus":84,"Mud":92,"Mwr":59,"Wyd":174,"Wyn":117,"Wys":47,"Wre":214,"Wor":81,"Woo":67,"Wob":86,"Wla":90,"Whi":104,"Wil":763,"Win":87,"Wic":114,"ère":37,"Web":41,"Wed":39,"Wef":896,"Wei":199,"Wel":99,"Wer":95,"Wes":154,"Wen":117,"Wav":42,"Was":76,"War":117,"Wau":61,"Wat":101,"Wal":281,"ès ":39,"égi":56,"ée ":55,"ées":42,"éné":40,"épa":346,"之":120,"両":62,"並":68,"丘":45,"三":165,"丁":71,"ên ":981,"êm ":104,"êl ":267,"Ysb":66,"Ysg":820,"Yst":328,"Yr ":655,"Ym ":65,"Yn ":880,"Yml":71,"Ymr":46,"Ymd":103,"Yme":273,"Ymg":39,"Yma":48,"Yng":84,"You":59,"Yny":1064,"êr ":90,"ëdi":40,"ëeg":55,"Syl":57,"Syr":267,"Sys":57,"Syd":49,"Swy":845,"Swi":176,"Swe":125,"Swa":46,"Sur":47,"Sus":41,"Sum":39,"Sul":51,"Sun":61,"Str":352,"Stu":76,"Sti":42,"Sto":284,"Sta":278,"Ste":342,"Teg":58,"Tec":38,"Ten":65,"Tei":113,"Tel":116,"Tam":59,"Tan":88,"Tat":47,"Tar":132,"Taw":121,"Tay":77,"Tai":74,"Tal":579,"Taf":220,"Tac":506,"Shi":200,"She":116,"Sho":72,"Sgu":236,"Sha":163,"Sim":72,"Sil":92,"Sis":59,"Sir":1857,"Sio":82,"Sin":79,"Sid":94,"Sie":50,"Sib":37,"Sia":245,"Ser":173,"Sgo":69,"Sgi":37,"Sen":310,"Sel":127,"Sem":38,"Sei":620,"Sef":291,"Sea":62,"Sro":50,"TV ":60,"Spa":48,"Spi":76,"Spe":51,"St ":109,"Sof":96,"Soc":69,"Sou":117,"Sol":60,"Som":57,"Son":51,"Sla":57,"Slo":44,"Sma":50,"Siô":76,"Rws":463," 三":37,"Ryg":65,"Ryd":65,"Ryf":105,"Rus":66,"Rut":39,"Ruf":288,"Saf":103,"Sai":1382,"Sah":39,"Sam":100,"Sal":155,"Sac":72,"Sae":3187,"Sad":43,"Sco":119,"Sci":39,"Sch":160,"Sca":61,"Sat":44,"Sau":57,"Sar":112,"San":631,"Sba":324,"Res":39,"SJ ":70,"Rho":422,"Rhu":416,"Rhi":208,"Rha":817,"Rhe":292,"Riv":41,"Ric":257,"Rhy":836,"Rhw":49,"Ras":58,"Ree":51,"Red":74,"Rei":43,"Reg":46,"Ren":42,"SH ":92,"Rea":48,"Roi":127,"Roe":1456,"Rog":56,"Roa":53,"Rob":347,"Roc":57,"Roy":48,"Rou":63,"Ros":111,"Ron":57,"Rom":81,"SS ":37,"ST ":48,"SN ":103,"SO ":61,"Vai":45,"Ven":60,"Van":61,"Val":137,"Vic":94,"Vir":48,"Vin":38,"Ver":74,"Und":296,"Une":566,"Uni":136,"Uno":738,"Un ":695,"Urd":80,"Uwc":129,"Twi":39,"Twr":136,"Twy":43,"Tyw":284,"Tyd":45,"Uch":2348,"Teu":41,"Tex":55,"Ter":240,"Tes":46,"Tey":148,"Tha":114,"The":818,"Thi":43,"Tho":319,"Thr":141,"Tib":106,"Til":75,"Tim":107,"Tit":38,"Tir":127,"Pêl":41,"Tor":142,"Tok":42,"Tom":170,"Ton":77,"Tow":45,"Tou":86,"Try":61,"Tru":44,"Tro":153,"Tri":147,"Tre":944,"Tra":432,"Tsi":288,"Tur":62,"Tun":253,"Tud":152,"вич":38,"bl ":1207,"biw":40,"bit":41,"bio":221,"bir":39,"bil":108,"bin":244,"big":37,"bo ":73,"bly":678,"blw":152,"blo":1344,"ble":366,"bli":117,"bla":667,"bod":1326,"bob":1364,"bol":373,"br ":444,"bon":391,"bor":263,"bot":170,"bos":79,"bou":98,"be ":98,"ban":3482,"bal":155,"bai":223,"bag":40,"bae":396,"bac":337,"bad":90,"bab":43,"án ":53,"baw":50,"bau":111,"bat":176,"bas":114,"bar":2113,"bi ":299,"bei":410,"beg":385,"bed":758,"bec":63,"ber":2389,"ben":1862,"bel":400,"bet":283,"bh ":143,"bia":315,"bid":38,"bie":42,"bha":140,"byw":545,"ca ":1177,"car":1065,"cas":275,"cat":148,"can":2308,"cap":69,"caw":70,"cae":1029,"cad":459,"cam":299,"cal":289,"caf":386,"cai":547,"ce ":639,"bri":1804,"bro":531,"bra":416,"bre":653,"bry":598,"bu ":507,"brw":83,"bur":297,"bul":47,"bum":71,"bud":56,"but":37,"bus":107,"by ":89,"bwl":66,"bwm":84,"bwr":254,"bwy":699,"byd":1610,"byc":1183,"bym":110,"byn":951,"byg":624,"bys":89,"byt":107,"byr":125,"aka":125,"am ":3780,"ake":153,"aki":95,"akh":61,"al ":3450,"ail":1481,"aim":47,"ain":6784,"aeë":39,"air":2398,"ais":581,"ait":4733,"ak ":74,"aig":842,"aif":1555,"aid":7159,"aic":285,"aia":54,"agw":108,"aha":670,"agl":348,"agf":578,"agg":47,"agh":77,"agi":70,"agu":99,"agn":135,"ago":1155,"aoi":58,"aol":79,"aod":56,"aob":43,"anw":1721,"anu":408,"anz":40,"any":320,"ano":3132,"ann":2928,"anm":62,"ant":3519,"ans":1375,"anr":1027,"ane":3419,"anf":695,"ang":2452,"anh":308,"ani":1520,"ank":171,"anl":302,"ap ":434,"ana":2445,"anb":852,"anc":833,"and":2956,"amu":51,"amw":69,"amm":156,"aml":1316,"amo":343,"amp":711,"ams":445,"amr":285,"amh":93,"ami":272,"amg":269,"amd":204,"ame":669,"amb":378,"amc":173,"ama":982,"ao ":50,"aly":92,"alw":828,"alu":142,"alt":188,"als":144,"alp":44,"alo":371,"alm":88,"all":3308,"alk":68,"alg":97,"ali":1102,"alc":202,"ald":305,"ale":2251,"alf":125,"ahâ":37,"ala":2417,"alb":252,"an ":20701,"ako":53,"aba":276,"abe":698,"abh":50,"abi":212,"abl":167,"abo":216,"abr":69,"abw":100,"aby":812,"ae ":13921,"aca":158,"ad ":6988,"âr ":137,"ac ":6256,"ab ":524,"afn":71,"afo":1900,"afr":202,"aff":533,"afe":74,"afi":258,"afl":340,"ai ":2298,"aga":251,"age":183,"afu":183,"afw":88,"afy":180,"aeo":298,"aen":2354,"aem":216,"ael":2752,"aes":3677,"aer":2715,"aeg":1463,"aed":256,"ah ":232,"afa":399,"afb":52,"aew":200,"aet":9257,"ado":1424,"adr":412,"adl":478,"adn":878,"adh":309,"adg":37,"adi":858,"add":2640,"âu ":90,"adf":220,"ade":1321,"aea":937,"ag ":1062,"adw":1093,"ady":61,"adu":1508,"aco":112,"acl":41,"ack":236,"aci":176,"ach":3246,"ace":317,"ada":2456,"af ":6324,"act":455,"acu":37,"acr":47,"acs":87,"azi":49,"aza":106,"awy":402,"ayn":40,"ays":51,"aya":127,"aye":44,"ân ":313,"ba ":592,"âl ":80,"at ":1109,"arh":141,"arg":679,"arf":1468,"are":1082,"ard":3174,"arc":1261,"arb":599,"ara":2389,"arp":203,"aro":1162,"arn":2998,"arm":191,"arl":1098,"anç":39,"ark":227,"ari":1312,"aru":190,"arv":109,"arw":1994,"arr":856,"ars":273,"art":3281,"au ":18148,"asa":524,"ary":397,"asg":690,"asi":753,"ash":208,"asc":78,"ase":115,"asd":54,"aso":389,"asn":260,"ask":48,"asm":43,"aon":63,"aor":71,"aos":40,"ar ":13348,"apa":506,"ape":190,"api":138,"aph":68,"apo":90,"app":56,"apt":39,"apu":247,"as ":6724,"ava":74,"ax ":61,"aut":123,"avo":39,"avi":469,"ave":206,"awe":760,"awd":1261,"ay ":572,"awa":150,"awr":2782,"aws":410,"awn":857,"awl":555,"awf":124,"awg":51,"awi":82,"atb":229,"ata":746,"asu":218,"ast":1476,"ass":281,"asy":50,"asw":75,"atm":41,"atr":340,"ato":500,"âd ":43,"ate":809,"atc":82,"ati":760,"atg":130,"ath":1938,"aw ":1576,"att":185,"ats":96,"atu":1218,"atw":81,"aty":152,"aul":281,"aun":217,"aur":199,"aus":70,"aud":91,"aug":56,"ος":78,"ος ":78,"ς ":162,"α ":57,"アア":78,"Tŷ ":84,"ич ":40,"jan":42,"ск":52,"itl":241,"itr":65,"ito":86,"itu":48,"itt":152,"itz":75,"ity":126,"iw ":670,"ism":50,"isl":41,"iso":170,"isn":521,"iss":179,"ist":1922,"isw":48,"isy":118,"ita":465,"itc":77,"ite":660,"ith":9523,"iti":268,"iwd":40,"iwe":1260,"iwb":73,"iwc":99,"iwa":49,"iwl":119,"iwm":233,"iwi":130,"iwg":119,"ius":367,"ium":95,"iva":70,"ix ":95,"ivi":57,"ive":318,"ipp":108,"ips":45,"ipt":130,"ipi":109,"ipl":76,"is ":2910,"ion":4410,"iop":79,"ior":107,"ios":73,"iot":52,"iog":969,"iol":2152,"ipe":92,"ir ":16769,"irw":755,"irs":63,"irt":106,"irr":47,"iro":1087,"inë":53,"irn":1040,"irk":39,"irl":116,"iri":2683,"isi":1027,"ish":225,"isg":710,"ise":398,"isd":236,"isc":102,"isb":45,"isa":207,"iry":54,"iqu":69,"irf":117,"ire":717,"irg":231,"ira":269,"ird":247,"irc":70,"it ":213,"ja ":42,"iyn":234,"iya":51,"iwy":1090,"iwn":438,"iwt":68,"iwr":950,"iws":49,"izo":45,"iza":90,"kil":38,"kin":180,"kis":60,"km ":586,"ki ":114,"kha":65,"kel":108,"ken":115,"kes":50,"ker":140,"gân":47,"ke ":171,"ku ":48,"km²":84,"ks ":103,"gêm":78,"ko ":44,"kle":37,"kla":44," Ài":440,"fîn":104,"kar":68,"kan":58,"kai":44,"ka ":196," Ga":3309," Câ":42," Ge":2633," Fy":369," Fw":115," I ":222," Fo":687," Fu":118," Fr":788," Fh":75," Fi":485," Ff":2729," Fl":182," Ha":1860," He":1741," Cô":47," Gw":5007," Gy":1682," J ":50," Go":2436," Gr":2427," Gu":311," Gh":165," Gi":263," Gl":1637," If":69," Ie":177," Id":236," Ib":42," Ia":327," Hy":775," Hw":138," Hu":453," Ho":749," Hi":788,"ha ":291," Ji":72," Je":327," L ":42," Ja":936,"ان ":40," Iw":647," Ir":229," Is":832," It":59," Im":55," In":879," Io":765," Il":78,"ham":591," M ":53,"han":7727,"hao":141,"hap":50,"hai":1115," Ka":449,"hak":48,"hal":1482," Ke":303,"hau":1360,"haw":364," Ki":398,"har":2065,"has":612," Kh":108,"hat":129," Jo":1198," Ju":220,"haf":786,"hae":657," Jr":44,"hag":961,"hab":62," Fô":38,"had":434,"hac":101," La":1290," Le":1952," Li":729," Kn":99," Ko":131," Kr":62," Ku":119,"hbe":70," Ky":127," Mc":91," Ma":14593," Dŷ":53," O ":158," Mi":739," Mh":722," Me":3065," Iâ":58,"he ":1354," Lo":2188," Ll":8523," Ly":372," Lw":47," Lu":320," Ne":1728,"а ":68,"hdr":51," Na":1715," Ng":1975," Nh":168," Ni":588," Mr":121,"hda":91," Mo":2327," My":759,"hde":1261," Mu":485," Mw":171,"hel":2523,"hei":954,"heg":242,"hee":57,"hef":2098,"hec":90,"hed":1184,"hea":360,"heb":374,"hey":61,"hew":93," A ":750,"heu":445,"het":177,"hes":532,"her":1843,"heo":518,"hen":1636,"hem":246,"hfe":111,"hfa":83,"hi ":668," B ":201,"hga":94," C ":232,"hgy":60,"hgr":144," Ao":85," Ap":230," Am":1811," An":1296," Al":5312," Ai":814," Ag":155," Ae":323," Af":1863," Ac":625," Ad":573," Ab":1334," Ba":2550," D ":49," Az":66," Ay":58," Aw":1144," Av":92," Au":228," At":329," As":660," Ar":2746," Aq":45,"hig":403,"hif":269," Be":2802,"hie":154,"hid":60,"hic":96," Bi":359,"hia":2000," Bh":283,"hip":49,"hio":970,"hin":783,"him":84," Bl":695," Bo":944,"hil":345," Br":3059,"hiw":167," Bu":657,"his":167,"hit":155," Bw":425,"hir":643," By":399," E ":42," Ca":7220," Ce":3495," Ci":275," Ch":2756," Cn":42," Cl":933," Cr":1937," Co":2656," Cu":270," Cy":7369," Cw":584," Da":2496," Di":1823," Dh":64," De":2156," Dd":954," Dr":592," Do":753," Dy":1018," Du":803," Dw":249,"hn ":464," Ea":167," Eb":590," Ec":68," Ed":412,"hla":1210," El":634,"hle":156," Ei":1604,"hli":122," Eg":302," Ef":1230," Et":355,"hll":37," Es":277," Er":1072,"hlo":125," Ep":63," En":1110," Em":230,"hlu":57,"hlw":214," Ew":723," Ex":43,"hly":120," Eu":257," Ev":183,"ho ":75," Fe":2231,"hma":89," Fa":1154,"go ":385,"glw":795,"glu":132,"gly":189,"glo":190,"gle":4369,"gli":289," Wy":416," Wr":303,"gla":882," Wo":325," Wl":140," Wi":1099," Wh":149," We":1708," Wa":840," Y ":1307,"й ":51,"gog":3238,"gof":323,"goe":182,"god":705,"goc":155,"gob":234," Ze":78,"gno":66," Zi":43,"gni":87," Za":73," Ys":1224," Yr":658,"gne":142," Yu":65,"gna":64," Yo":129," Yn":2049," Ym":722," Ya":90," Ye":72,"gs ":64,"gr ":1217,"gom":145,"gol":3429,"gon":261,"gop":2404,"gos":1215,"gor":3586,"got":51,"gow":97,"gu ":507," a ":25270,"gro":1041,"gry":291,"grw":824,"gru":108,"gra":788,"gri":1359,"gre":514," Tŷ":84," Gŵ":111," Oy":53," Ow":296," Ou":45," Os":133,"gto":136," Ot":47," Or":342," Op":59," Po":1917," Pl":523," Pi":467," Ph":390,"gul":65," Pe":3404,"gua":83,"gue":160," Pa":1581,"gst":47," Ny":139," Nu":77," No":968," Ol":406," On":113," Oh":42," Og":269," Od":68," Oc":104," Of":85," Oe":2267," Ob":54," Oa":50,"gy ":41," Ra":627," T ":37,"grë":37," Mô":741," Qu":254,"gwm":270,"gwl":1426,"gwo":40,"gwn":213,"gwi":169," Ro":2598," Re":502,"gwe":1487," Ri":459,"gwa":1284," Rh":3078,"gwb":37," Py":119," S ":95,"gur":278," Pr":1731,"gus":127," Pu":304,"gun":41," Pw":190," Sy":523," Sw":1250," Su":392," St":1487," Ta":2095," V ":40,"gyb":143,"gyd":2260," Th":1521," Ti":598,"gyf":2828,"gyh":327," Te":1075," Tr":1823," Ts":358,"gyl":394,"gym":698,"gyn":1911," Pê":44," To":755," Rw":509,"gwr":1885," Ry":288," Ru":535," Sb":343,"gwy":2799," Sa":6139," Sg":470," Sh":618," Si":2880," Sc":411," Se":1836," So":559," Sp":260," Sr":86," Sk":82," Sl":145," Sm":109," Uw":129," Va":334," Ve":204,"grŵ":298," Vi":332,"gwâ":55," Vo":86," Tu":591,"gyw":46," Tw":270," Ty":472,"gyt":130,"gys":648,"gyr":399," Uc":2348," Ul":77," Un":2470," Ur":136," Ut":49,"iai":1947,"iam":862,"ial":272,"ian":2596,"iap":95,"ias":109,"iar":462,"iau":4682,"iat":304,"iaw":277," io":61," in":191," il":42,"ic ":408,"iac":97," is":434,"iad":7064,"iae":3103,"iaf":180,"iag":47,"ibl":135,"ibi":164,"ibo":40," m ":291,"ibr":68," ki":48," gâ":47," ke":53,"id ":3479,"iba":122,"ibh":49,"ibe":421," gy":7787," gw":7430," ha":2143," he":3350," gi":324," gl":929," gr":2189," go":7824,"ia ":4053," gu":50," hy":3013," ia":812," id":384," if":86," ie":418," hi":741,"ib ":99," dé":347," ho":683," dî":55," hu":549," hw":571,"iet":350,"ieu":94," nh":758," ni":1109," ng":3326,"iel":338," ne":8387,"ien":309," na":2311,"ier":266,"ies":434,"ied":632,"ieg":134," my":3937,"ief":37,"iei":784," mw":1538," mu":301,"ig ":8077," mo":510,"iec":167,"ifw":100," ol":455," on":1046," og":435," oh":320,"ify":395,"ifo":628," oc":254," od":327," oe":5934," of":830,"ibî":56,"ifr":76,"iff":1472,"ife":1414,"ifl":67," nw":267," ny":117,"ifi":808," no":795,"ifd":919,"ifa":410," le":1343,"icr":127,"ics":52,"ict":213,"icu":74," li":214," n ":12651,"ico":318,"ick":291,"icl":187," la":1153,"ici":221,"ich":1469,"ice":249," gê":83,"ie ":736," km":670,"ica":2272,"iby":308,"idy":707," me":5050," iâ":40,"idw":100," mh":245," mi":1482," ml":96," dŵ":166," o ":21338,"idr":79,"ido":1466," ma":5425,"idl":131," lu":101,"idi":544," lw":161,"idh":303,"idg":97,"idf":47," ly":443,"ide":336,"idd":6222," ll":7015,"ida":808," lo":202,"if ":3195," ae":587," af":757," ag":1206," ab":262," ac":6621," ad":2600," am":4335," an":2101," ap":337," ai":1226," al":881," au":347," aw":854," ar":16211," at":1462," as":456," d ":109," ba":1485,"il ":1444," bi":247," be":2463," bo":2899," bl":1371," by":2374," bw":689," bu":556," br":2722," ca":4243," e ":202,"im ":424,"ika":52,"ige":189,"iga":404,"ii ":78,"igl":50,"igh":415,"igi":940,"igu":58,"igr":271,"igo":654,"ign":71,"igy":145,"igw":328,"iha":170,"ik ":64," c ":146,"imo":119," er":1863," et":513,"iml":45," es":187," en":8086," em":89," ep":59,"imp":49," ei":5329,"ime":308," el":685," ef":594," eh":46,"imi":96," eg":690,"ip ":126," fe":5001,"inc":980," h ":491,"ind":417,"ina":4133," fa":2334,"inb":394," eu":1065," ew":44,"inn":805," fu":348,"inm":467,"ino":1100," fr":934," fo":1170,"int":968,"ins":292,"inf":90," fl":1325,"ine":1198,"ing":1306," fi":507,"ini":3171,"inl":130," ff":4585,"ink":95," ge":5478," ga":9934,"ioc":84,"eëd":39,"iod":501,"ioe":189,"inu":82," i ":16205,"inw":155,"iny":618," fy":1075," fw":1451," cl":534,"iko":49," cn":41," cm":41," co":4045," cr":1706,"iki":37," ce":1490,"ike":47," ch":4604," ci":218,"ila":556," da":4373,"in ":13332," cu":135," cw":407," cy":8555," do":719,"ilo":375,"ill":4682," dr":3411,"ilm":1379,"ilg":87," de":5281," dd":7964,"ili":1564,"ild":117," di":3478,"ilf":180,"ile":398,"ima":234,"imb":55,"ч ":45," ec":224," ed":232,"io ":4492," ea":139,"ilw":317," dw":1202,"ily":579," du":387,"ils":48,"ilt":144,"ilu":39," dy":2712,"ль":41,"hs ":119,"hr ":234,"how":182,"hoy":58,"hol":2341,"hom":352,"hon":1206,"hog":250,"ко":46,"hoi":337,"hos":458,"hot":44,"hou":76,"hoo":77,"hop":78,"hor":447," yn":41808," ym":5719,"hob":365," yw":15955,"hof":49," yr":12153,"hoe":1138,"hod":477,"hoc":66," ys":1828,"hni":112,"hno":169," yc":300," yd":4387,"hna":273," tî":44,"hne":101," wy":632,"ич":41,"hmo":38,"dép":339,"hui":111,"hug":114,"ро":38,"huf":332,"hud":119,"hua":173,"hub":85,"hw ":113,"hto":62,"ов":62,"hu ":783,"hru":48,"hry":410,"dîm":54," tŷ":48,"hro":487,"hre":1207,"hri":715,"ht ":286,"на":37,"hra":1003," ry":627," rw":43," u ":582," sa":1147," sb":90,"hyf":1088," se":3484,"hyh":50," sc":46,"hyg":114,"hyb":55," si":1946,"hyd":3013," sh":72," sg":392,"hyc":428,"hyn":4010," sm":89,"hym":1892," sp":64,"hyl":212," so":173,"hwr":536,"ви":49," mô":277," t ":111,"hwy":1500," ra":1107," re":611," ri":136," rh":8680," ro":1221," pw":499," pu":181," pr":1508," s ":280," px":78," lô":57,"hy ":169," py":162,"hwa":1012,"hwc":43,"hwe":1597,"hwi":274,"hwn":2898,"hwm":129," os":109,"hum":201,"hun":510,"hus":102,"hut":107," op":73," or":2059,"hur":322,"ан":37," r ":22194," gŵ":50," pe":3258," pa":944," pl":527," po":1095," pi":236," ph":1652," wa":778," we":3663," rô":102," y ":23704," wr":987," wo":70," wi":144," wn":253," sê":49," wl":1199," va":38," ve":41," uw":917," vo":48," vi":53," ré":57," uc":1154,"ер":44," w ":359," ty":390," tw":61," tu":2121," ur":1014," un":3364," ug":115," ta":1382,"hyt":162,"hys":337," sw":506,"hyr":987," sy":9830," st":735,"hyw":645," su":140,"ев":40," tr":2664," pê":155," to":326," th":2240," ti":314," te":1558,"ffu":1091,"fft":332,"ffw":181,"ffr":1792,"fi ":462,"ffy":559,"ffe":1545,"ffa":542,"ffl":109,"ffo":2073,"ffi":2487,"fet":126,"fes":342,"fer":2706,"fey":110,"few":292,"fec":310,"fed":1584,"fen":1795,"fel":4370,"fei":2068,"feg":51,"fia":821,"fga":38,"fgh":43,"fbw":52,"fba":41,"faw":347,"fau":218,"fas":178,"fat":439,"far":1398,"fam":349,"fan":3403,"fal":398,"fai":692,"fag":106,"fae":493,"fad":65,"fac":250,"fab":257,"ff ":917,"fdd":922,"fe ":363,"fa ":921,"eyr":966,"eys":88,"eyd":96,"eye":40,"exa":133,"ez ":93,"ewy":1561,"ews":78,"ewr":200,"exi":125,"eta":251,"ete":326,"eti":221,"eth":10791,"etn":119,"esp":56,"esn":3171,"eso":767,"est":1731,"esu":390,"ess":369,"esy":588,"esw":148,"ev ":37,"eua":272,"euc":47,"eub":64,"eue":51,"eud":983,"eug":110,"eul":766,"euo":648,"eun":167,"eto":117,"etr":1100,"ets":101,"ett":277,"etu":42,"etw":145,"ety":70,"ew ":378,"eve":268,"eva":81,"evi":156,"euw":78,"eut":118,"eur":164,"eus":156,"ex ":115,"euy":40,"ewi":3673,"ewe":71,"ewo":68,"ewn":2724,"ey ":759,"ewa":76,"epe":37,"epi":1038,"eph":182,"er ":10194,"epa":97,"eor":285,"eol":3405,"eop":55,"eon":268,"es ":7548,"ept":38,"epp":38,"erk":43,"erl":567,"eri":3199,"erg":452,"erh":118,"ere":2066,"erf":1312,"erc":671,"erd":1936,"era":2569,"erb":725,"et ":700,"esl":60,"esm":38,"esf":58,"esg":225,"esh":104,"esi":604,"esb":120,"esc":62,"esd":86,"ese":321,"eu ":7692,"esa":201,"ery":875,"erv":60,"eru":112,"erw":570,"err":1317,"ert":3212,"ers":1524,"ern":900,"erm":1779,"erp":114,"ero":902,"en ":8133,"elb":58,"ela":658,"eld":2120,"elf":432,"ele":1904,"eli":827,"elg":144,"elm":49,"ell":3094,"elo":1131,"elp":43,"elu":92,"els":154,"elt":533,"ely":937,"elw":957,"eo ":144,"emb":119,"ema":883,"eme":719,"eml":44,"emo":887,"emi":335,"emp":59,"emy":94,"enf":555,"ene":2395,"enh":570,"eng":830,"enb":102,"ena":618,"end":929,"enc":514,"eno":688,"enm":181,"enn":3626,"enk":49,"enl":180,"eni":1683,"enw":7750,"enu":97,"ens":549,"ent":4104,"enr":449,"enz":60,"eny":811,"eog":53,"eoe":80,"eod":76,"egl":298,"ego":998,"egn":70,"ege":153,"egf":89,"egi":546,"eha":71,"egr":1255,"egu":49,"egw":168,"egy":248,"ehe":930,"ek ":72,"eib":184,"eic":354,"eia":266,"eip":43,"eis":1705,"eir":7366,"eim":111,"eil":1530,"eio":37,"ein":3860,"eid":2056,"eig":925,"eif":224,"el ":7486,"eit":4122,"em ":460,"gl ":325,"git":112,"gis":343,"gir":83,"gil":269,"gip":42,"gin":207,"gio":1071,"gid":96,"gie":91,"gig":167,"gia":697,"ghy":1825,"ghw":91,"ghr":368,"ght":218,"gho":144,"ghe":333,"gha":1381,"gga":62,"gfy":612,"gi ":259,"gfa":38,"gfe":149,"gen":960,"get":83,"ger":2409,"ges":210,"gh ":361,"ged":221,"gei":2736,"geg":490,"gef":158,"gem":288,"gel":883,"gdd":63,"ge ":527,"gbi":171,"gac":62,"gad":298,"gae":2618,"gaf":171,"gai":1331,"gas":141,"gar":1053,"gau":316,"gat":114,"gaw":58,"gam":111,"gal":587,"gan":8980,"gap":38,"ga ":202,"fyw":141,"fys":392,"fwy":1473,"fwr":292,"fyr":1571,"fyl":222,"fyn":2565,"fym":71,"fyg":53,"fyd":4950,"fyf":43,"fur":1066,"fus":43,"fwn":147,"fta":48,"fud":244,"ful":86,"fun":259,"fug":165,"ft ":323,"fra":2027,"frg":79,"frd":59,"fre":1841,"fri":1485,"fu ":398,"fro":1336,"fru":72,"frw":347,"fry":995,"for":3487,"fos":53,"fot":51,"fon":2342,"fol":717,"bî ":57,"fr ":375,"öyn":126,"fna":74,"fne":58,"fnd":51,"fnf":190,"fnu":70,"fni":126,"fno":916,"fod":2910,"fog":67,"foe":238,"fny":1148,"fle":446,"fn ":482,"fla":336,"fli":205,"flu":96,"flo":137,"fo ":353,"fly":274,"flw":1207,"fid":83,"fic":52,"fie":361,"fih":95,"fig":170,"fil":1986,"fin":1391,"fio":735,"fir":153,"fis":223,"fit":156,"fiw":182,"fl ":121,"ffî":106,"da ":2613,"dd ":49936,"de ":2554,"dbw":38,"dac":62,"dad":291,"dal":2984,"dai":3023,"dag":237,"dae":1159,"daf":139,"dat":359,"das":169,"dar":1300,"dan":1183,"dam":229,"day":43,"daw":457,"dau":3395,"dda":2729,"dde":2964,"ddf":808,"ddg":83,"ddh":205,"ddi":10903,"ddl":174,"ddo":8493,"ddr":255,"ddu":2078,"ddw":3166,"ddy":2549,"df ":92,"cul":125,"cud":84,"ctu":101,"ctr":127,"cto":775,"cti":292,"cte":79,"cta":132," Îl":39,"cwl":44,"cwm":218,"cwr":96,"cwe":39,"cy ":84,"cus":119,"cym":1147,"cyl":309,"cyh":309,"cyf":2990,"cyt":158,"cys":475,"cyr":140,"cyn":2866,"cyd":196,"cyc":79,"cwy":42,"cyw":55,"cks":58,"cki":49,"ckl":44,"cla":175,"cle":277,"clu":110,"clw":122,"cli":85,"clo":200,"cly":91,"co ":406,"cod":670,"coe":175,"cof":150,"cob":38,"coc":219,"con":391,"col":301,"com":217,"cor":495,"cos":91,"cop":2154,"cot":157,"cou":73,"cs ":78,"ct ":59,"cre":794,"cra":272,"cri":112,"cru":57,"cro":299,"crw":405,"cry":237,"csa":239,"cso":73,"csi":110,"cci":42,"cca":45,"cea":95,"ch ":6978,"cer":588,"ces":90,"cen":351,"cep":40,"cem":115,"cel":207,"ceg":95,"cef":174,"cei":440,"ced":138,"ci ":202," â ":1666,"chb":78,"cha":3502,"chd":1364,"chw":2809,"chu":496,"chy":2533,"cia":409,"ck ":502,"cie":97,"chg":225,"che":3420,"chf":102,"chl":1181,"chi":932,"cho":903,"chm":87,"chn":386,"chs":64,"cht":200,"chr":1036,"ciw":72,"cil":222,"cis":143,"cit":38,"cin":98,"cio":66,"cip":70,"cm ":41,"cke":114,"ed ":6517,"eba":152,"ebe":278,"ôn ":543,"ebi":94,"ebl":52,"ebo":143,"ebr":165,"ebu":150,"eby":658,"ec ":78,"eac":183,"eag":286,"eaf":76,"eae":48,"ead":313,"eak":38,"eai":225,"ean":995,"eal":663,"eam":55,"ear":1078,"eas":85,"eat":353,"eau":164,"ôl ":1565,"eb ":1399,"ea ":342,"efi":914,"efn":2061,"efo":588,"ôr ":759,"efa":1730,"efe":318,"eff":454,"efy":3744,"ei ":4933,"ega":438,"efr":578,"eft":52,"een":324,"eel":41,"eed":37,"ees":61,"eer":37,"eet":97,"edl":1308,"edn":55,"edi":6449,"edd":25528,"ede":614,"ône":45,"edf":354,"eda":429,"eg ":10783,"edw":785,"edy":568,"edu":747,"edo":543,"edr":525,"eck":79,"ech":1424,"eci":144,"ece":39,"eca":88,"ee ":253,"ef ":6146,"ect":300,"ecs":273,"ecr":59,"eco":330,"dyg":246,"dyf":430,"dyl":322,"dym":701,"dyn":2076,"dys":437,"dyr":98,"dyd":3079,"dyc":204,"dwy":4886,"dwi":169,"dwe":581,"dwc":74,"dwr":1205,"dwl":78,"dwa":882,"dy ":4499,"duw":218,"dur":2144,"dus":635,"dyw":304,"dor":959,"dop":990,"don":2366,"dom":277,"dol":5215,"dow":54,"dos":197,"dr ":1131,"ds ":246,"dna":932,"dne":151," ôl":1443,"dno":132,"doc":100,"dod":1351,"doe":1307,"dog":979,"dso":55,"dw ":187,"dun":58,"duo":40,"dul":211,"dug":82,"dud":167,"dri":671,"dra":2006,"dre":2155,"drw":337,"dry":370,"du ":2339,"dro":1676,"dru":89,"dsh":71,"dha":318,"dge":156,"dgr":60,"dic":115,"did":295,"dia":3817,"dib":66,"dhe":140,"der":2766,"des":358,"det":47,"deu":912,"dew":315,"dey":177,"dh ":410,"dfa":511,"deb":1171,"dea":111,"ded":492,"dec":320,"def":1498,"dee":65,"deh":309,"deg":755,"dei":1883,"del":971,"den":795,"dem":336,"dep":41,"deo":150,"dfu":76,"dfr":146,"dfw":52,"di ":5212,"dga":45,"dfe":259,"dff":43,"dfo":480,"dle":505,"dla":968,"ddŵ":75,"do ":972,"dly":168,"dlw":464,"dlu":272,"dlo":314,"dli":219,"dl ":277,"diu":39,"diw":2623,"dim":202,"din":4906,"dio":2802,"dip":63,"dir":4606,"dis":563,"dit":87,"die":231,"dif":421,"dig":3101,"dil":392,"rgy":156,"rgu":68,"rgw":86,"rhe":939,"rha":3805,"rhi":381,"rhu":44,"rho":350,"rfy":869,"rga":737,"ri ":1789,"rgl":177,"rgi":149,"rgh":39,"rge":464,"rgr":243,"rgo":165,"ret":318,"res":1898,"rev":41,"reu":562,"rew":191,"rey":132,"rfa":309,"rfb":45,"rfe":703,"rff":1405,"rfi":631,"rfl":49,"rfo":973,"rdu":122,"rds":156,"rdr":70,"rdy":486,"rdw":84,"rg ":415,"reb":115,"rea":724,"ree":306,"ref":6655,"rec":445,"red":2528,"rei":2138,"reg":1012,"rem":807,"ren":2559,"rek":37,"rel":299,"rer":65,"reo":299,"rf ":340,"rda":1352,"rcy":41,"rcu":73,"rct":79,"rdo":260,"rdi":824,"rde":771,"rdd":6359,"re ":1508,"rby":562,"rbw":42,"rbu":39,"rbr":42,"rco":44,"rci":169,"rch":2439,"rce":170,"rca":64,"raw":994,"ray":146,"rd ":1148,"rap":92,"rar":127,"ras":623,"rat":596,"rau":1291,"rav":72,"rbi":70,"rbh":58,"rbo":108,"rba":80,"rbe":489,"rc ":329,"rai":5122,"rah":144,"rag":225,"ran":2411,"ram":999,"ral":1583,"rak":64,"rab":559,"raf":654,"rae":3686,"rad":1700,"rac":707,"rpo":41,"rs ":905,"rpw":58,"rpe":88,"rpa":573,"rr ":283,"rpi":50,"ror":608,"ros":1473,"rot":256,"rom":276,"ron":2092,"roo":125,"rop":851,"roy":52,"rou":509,"rov":96,"row":190,"rob":80,"roa":132,"rod":1050,"roc":437,"roi":253,"rol":2368,"rof":352,"roe":2453,"nëe":50,"rog":406,"rno":1027,"rns":37,"rnw":59,"rny":151,"rna":1374,"rng":123,"rne":1846,"rni":383,"rmo":210,"rms":122,"rmw":43,"ro ":1459,"rma":1380,"rme":127,"née":69,"rmi":264,"rly":277,"rlu":234,"rlo":220,"rll":3618,"rli":209,"rld":49,"rle":285,"rla":139,"rn ":2146,"rks":56,"rke":72,"rka":46,"rm ":554,"riz":47,"riw":213,"rix":39,"rl ":122,"rip":190,"rio":1986,"rir":398,"rit":599,"ris":1179,"riv":51,"riu":72,"rig":1620,"ril":699,"rik":45,"rin":1456,"rim":124,"ria":4427,"rib":415,"ric":2311,"rid":570,"rie":637,"rif":5003,"rhw":2579,"rhy":1627,"rk ":218,"rwg":50,"rwe":1416,"rwi":121,"rwp":99,"rwo":224,"rwn":561,"rwm":69,"rws":144,"rwr":297,"rwy":3684,"ryc":824,"ryd":2082,"ryf":329,"rui":70,"rug":759,"ruf":148,"rud":120,"ruc":119,"run":62,"rum":94,"rus":185,"rut":66,"rva":46,"rvi":51,"rve":108,"rwa":160,"rwb":38,"rwc":56,"ry ":1037,"rsi":244,"rso":354,"rsa":276,"nïa":320,"rsh":49,"rse":307,"rsy":112,"rta":429,"rst":96,"rsw":71,"rtn":57,"rto":132,"rte":612,"rth":6409,"rti":407,"rw ":1096,"rts":105,"rtr":278,"rty":80,"rt ":1113,"rqu":38,"rro":150,"rri":1366,"rre":437,"rra":424,"ru ":3404,"rry":313,"rru":55,"rrw":61,"sab":56,"sac":80,"sad":50,"sae":126,"saf":1227,"sai":432,"sak":39,"sal":122,"sam":242,"sba":268,"sbe":72,"sbi":64,"san":708,"sau":254,"sat":40,"sar":175,"say":42,"saw":457,"sa ":271,"ón ":59,"ryw":1557,"rys":874,"ryt":114,"ryr":190,"ryl":141,"rym":301,"ryn":2332,"ryg":165,"sha":130,"sgu":121,"sgw":280,"sgy":278,"sho":46,"sht":41,"she":119,"shi":361,"si ":461,"sga":258,"sgo":1819,"sgl":367,"sgr":1098,"sgf":73,"sge":250,"sgi":173,"siw":382,"siy":220,"sie":542,"sid":204,"sic":303,"sib":67,"sia":2244,"sk ":65,"sit":100,"sir":1014,"sis":167,"sin":210,"sio":756,"sil":315,"sim":40,"sif":99,"sig":463,"sda":48,"sdi":60,"sbr":83,"sbo":63,"sbu":82,"sby":154,"se ":534,"sca":115,"sci":60,"sch":110,"sco":172,"sex":75,"sey":83,"ser":1507,"ses":213,"set":136,"sfa":40,"sh ":444,"sff":143,"sfo":43,"sdr":221,"sg ":658,"sdy":51,"sei":619,"seg":442,"sef":1510,"see":37,"sed":256,"sec":40,"seb":56,"sep":89,"sen":717,"sem":62,"sel":456,"spo":55,"shū":62,"spe":66,"spi":54,"spa":52,"sou":66,"sol":527,"son":872,"sor":102,"sos":82,"soe":1016,"sod":829,"sog":1454,"sof":55,"soc":64,"su ":192,"sra":159,"st ":1362,"ss ":400,"sli":58,"slo":45,"sky":41,"sla":296,"sle":133,"ski":51,"sko":40,"ska":87,"sna":146,"sni":454,"sne":3482,"smo":123,"so ":95,"sma":85,"sme":38,"swr":60,"swo":44,"swm":55,"swl":42,"swi":39,"swe":46,"swy":714,"syc":54,"syd":2408,"syn":267,"syt":47,"sys":246,"sym":497,"syl":933,"sse":383,"ssa":154,"sso":142,"ssi":225,"ste":2086,"sta":1396,"stn":164,"sto":1089,"sti":810,"stl":111,"stu":468,"stw":328,"str":1798,"sty":866,"sul":51,"sut":42,"sus":58,"sur":508,"sy ":6998,"swa":56,"tai":1174,"tal":1078,"tae":112,"taf":985,"tag":117,"tab":136,"tac":100,"tad":428,"tbl":227,"tba":61,"taw":293,"tau":148,"tat":257,"tas":137,"tar":586,"tan":960,"tam":161,"tch":187,"te ":1064,"ta ":832,"pa ":4575,"pe ":114,"par":781,"pat":75,"pas":659,"pau":82,"pac":45,"pal":108,"pai":175,"pao":47,"pap":107,"pan":983,"phe":446,"pha":149,"phw":418,"phu":46,"phr":313,"pho":428,"phl":179,"phi":110,"pi ":55,"ph ":99,"lân":38,"pea":218,"pec":49,"ped":316,"pen":982,"per":2223,"pet":177,"pes":77,"pei":78,"pel":255,"pla":375,"ple":218,"plo":82,"ply":40,"plw":76,"plu":38,"phy":51,"pia":550,"pid":1048,"pig":55,"pil":126,"pin":161,"pio":130,"pis":45,"pit":95,"por":199,"pop":88,"pot":107,"pos":99,"pon":96,"pol":295,"pob":661,"poe":47,"ps ":77,"hū ":64,"ppi":61,"ppl":52,"ppe":110,"po ":38,"lên":948,"psi":40,"pte":1044,"pti":107,"pto":69,"pra":67,"pt ":38,"pry":124,"pri":908,"pre":259,"pro":331,"pwr":173,"pwt":58,"pwl":73,"pwy":372,"lôn":57,"pur":257,"pus":49,"pum":128,"pul":54,"px ":78,"pyn":54,"pyt":61,"pys":41,"löy":126,"qua":43," ŵy":55,"que":158,"qui":76,"môr":276,"ra ":2000,"ngo":2653,"ngi":310,"ngl":561,"ngu":161,"ngw":591,"ngr":197,"ngt":147,"ngs":104,"ni ":1483,"nfy":113,"nge":1187,"ngh":2527,"nga":1043,"ngd":98,"nho":72,"nhy":526,"nhw":208,"nhr":112,"nha":1076,"ngy":306,"nhi":540,"nhe":398,"neg":4193,"nei":264,"nel":633,"nen":226,"nem":48,"ner":1242,"net":231,"nes":2270,"neu":7331,"ndw":46,"ndy":248,"ng ":9397,"nea":151,"neb":716,"nec":67,"ned":7692,"nef":63,"nfi":141,"nfo":387,"nfr":376,"nfu":53,"ney":242,"new":803,"nh ":42,"nfa":429,"nff":206,"nfe":298,"ncr":37,"nct":92,"nco":109,"nci":267,"ncl":53,"nce":463,"nch":147,"nca":318,"ne ":2471,"nby":393,"nbu":88,"ndu":125,"ndr":932,"nds":144,"ndo":502,"ndl":46,"ndi":866,"nde":1235,"ndd":869,"nda":858,"ncy":93,"ncw":75,"nal":455,"nam":268,"nan":722,"nar":638,"nac":478,"nad":788,"nae":541,"naf":1404,"nag":190,"nah":42,"nai":1969,"nc ":1075,"nab":949,"nbr":49,"nbe":186,"nd ":2894,"nba":661,"nau":1855,"nat":502,"nas":4427,"naw":889,"ïo ":43,"na ":2341,"myt":139,"mys":130,"myr":47,"myn":3805,"myl":119,"mwr":262,"mwy":1376,"mwn":673,"iôn":44,"myd":160,"myf":39,"myg":57,"nyb":39,"nyf":51,"nyd":8463,"nyc":85,"nwy":4103,"nwi":220,"nwl":60,"nwo":499,"nwr":453,"nws":101,"ny ":647,"nwg":196,"nwe":332,"nwa":1807,"nve":125,"nul":284,"num":42,"nus":314,"nty":316,"ntw":74,"nw ":6013,"nto":464,"ntu":146,"ïau":380,"nts":154,"ntr":2835,"nti":615,"nth":322,"ntf":38,"ntl":64,"ïai":46,"nta":1485,"nte":453,"nsw":86,"nsy":58,"nso":522,"nst":197,"nse":102,"nsh":86,"nsg":81,"nsi":297,"nsl":63,"nsk":44,"nsc":44,"nsa":259,"nu ":1112,"nry":402,"nrw":38,"nro":38,"nri":910,"nrh":586,"nre":48,"nra":250,"nt ":5305,"ns ":965,"noc":164,"nod":2808,"nob":37,"nog":705,"noe":174,"nof":371,"nol":6920,"noi":38,"nom":300,"non":374,"nos":284,"nor":454,"nov":50,"nou":48,"noy":55,"nne":1057,"nna":2821,"nno":1554,"nnh":61,"nni":1551,"nnu":754,"nnw":1776,"nns":44,"nny":700,"nme":498,"nma":211,"nli":40,"nll":561,"nn ":872,"nla":116,"nle":42,"nly":168,"no ":1182,"ndŵ":83,"nki":55,"nka":58,"nja":59,"nig":2276,"nif":815,"nie":187,"nid":544,"nic":341,"nib":233,"nia":3864,"nk ":137,"niw":268,"niu":56,"niv":47,"nis":599,"nit":132,"nir":305,"nio":1796,"nim":150,"nin":984,"nil":468,"ogr":173,"ogw":78,"ogi":448,"ogl":3819,"ogo":455,"oga":1857,"oge":298,"ogf":54,"oi ":372,"oho":221,"ohn":495,"oha":89,"ohe":171,"ogy":317,"ois":279,"oir":340,"oit":58,"oin":128,"oic":86,"oid":128,"ok ":75,"ol ":19814,"oce":82,"och":2669,"oci":126,"ock":228,"ocl":42,"oco":167,"ocr":146,"ocs":68,"oby":47,"oe ":182,"oca":256,"ode":503,"odf":76,"odl":80,"odi":1787,"odo":830,"odr":901,"oct":65,"of ":754,"odd":3893,"oda":1191,"oel":498,"oeg":1830,"oer":92,"oes":1111,"oet":190,"oen":118,"ody":243,"odu":44,"odw":617,"oed":13126,"og ":4103,"oea":48,"ofn":179,"ofi":339,"ofr":130,"ofo":135,"off":461,"ofe":578,"ofa":165,"oa ":66,"ob ":762,"îl ":44,"oc ":243,"îm ":136,"oan":72,"د ":50,"oad":143,"în ":132,"oba":133,"od ":6442,"oat":50,"obo":63,"obr":327,"obl":2204,"obh":60,"obi":128,"obe":364,"nyn":289,"nym":173,"nyr":93,"nyt":58,"nys":1816,"nyw":409,"ة ":125,"oyd":162,"oya":64,"owy":855,"owr":86,"ows":37,"owl":62,"own":249,"oyw":120,"oty":64,"oud":41,"oub":57,"oua":56,"ow ":296,"oti":143,"oth":272,"ote":190,"ott":255,"ots":65,"oto":157,"osy":68,"ost":354,"osw":61,"ota":156,"otb":49,"ov ":55,"osi":398,"osh":69,"ose":562,"osg":209,"osf":80,"oss":202,"osl":48,"oso":1488,"osn":40,"oy ":77,"owa":86,"owe":136,"ovi":136,"ouv":47,"ouz":37,"ox ":45,"ova":45,"ove":172,"oug":154,"oui":121,"oul":126,"oun":623,"ous":235,"our":437,"out":170,"opo":179,"opi":77,"opl":66,"ope":333,"oph":125,"opa":4605,"os ":1942,"opu":42,"opr":39,"opt":1017,"oon":48,"ool":124,"oom":107,"ook":101,"ood":178,"or ":3226,"oot":121,"oor":76,"ork":80,"orl":3097,"orm":633,"orn":345,"oro":694,"orp":53,"orr":343,"orc":174,"ord":2956,"ore":929,"orf":1329,"org":734,"ori":1436,"ou ":122,"osa":670,"osc":72,"osb":238,"ort":1200,"onï":278,"ors":432,"oru":96,"orw":1133,"ory":220,"ot ":344,"m² ":86,"orb":51,"ora":612,"olb":704,"ola":1373,"old":430,"olc":45,"on ":11898,"oli":4195,"oll":572,"olk":46,"olf":383,"ole":1242,"olh":134,"olg":141,"olt":40,"olm":61,"olo":538,"oly":709,"olu":128,"olw":315,"oka":38,"om ":318,"oke":60,"ona":1663,"ond":1690,"onc":97,"onf":152,"one":971,"ong":675,"oni":1332,"onn":630,"ono":1646,"ons":312,"ont":1089,"onw":477,"ony":591,"oma":643,"oo ":37,"ome":1050,"omb":125,"omi":554,"omm":137,"omp":83,"omo":222,"omy":55,"op ":681,"la ":957,"le ":2080,"lbw":166,"lby":104,"lca":76,"lch":1070,"lco":59,"lf ":105,"lde":318,"lda":44,"ldi":2042,"ldw":120,"lds":45,"ldr":142,"lab":92,"lac":485,"lad":4285,"laf":737,"lae":2342,"lah":70,"lag":63,"lai":3136,"lal":87,"lan":5318,"lam":265,"lap":59,"lar":293,"lat":184,"las":992,"law":1750,"lau":895,"lav":69,"lay":112,"lba":3961,"ld ":464,"lbe":138,"lbo":179,"ky ":83,"llê":46,"lpe":48,"lph":58,"ls ":154,"lol":56,"lon":635,"lom":296,"lop":83,"loo":45,"lor":335,"lod":1459,"loc":229,"lof":189,"loe":1682,"log":1629,"loi":55,"lpa":73,"los":162,"lot":96,"lou":84,"low":187,"loy":165,"lob":68,"lmo":40,"lmi":265,"lme":52,"lma":729,"lti":1579,"lto":98,"ltw":61,"ltu":263,"lw ":187,"lud":183,"luc":42,"lub":52,"lue":48,"lsh":144,"lso":43,"lst":89,"lta":499,"lte":173,"lu ":1258,"lse":40,"lsa":39,"lt ":544,"lhe":114,"lha":157,"lgy":51,"lgw":38,"lgo":53,"lge":216,"li ":2035,"lga":220,"lfy":168,"lfr":121,"hân":48,"lfo":118,"lff":365,"lfe":288,"lfa":558,"ley":287,"lew":3221,"lex":112,"leu":338,"lev":58,"les":787,"let":455,"ler":483,"leo":2599,"lem":257,"len":2864,"lei":2402,"leg":1759,"lef":740,"lee":51,"led":5984,"lec":496,"leb":37,"lea":202,"lg ":94,"lls":93,"llu":1630,"llt":2306,"llw":877,"lly":1536,"lo ":540,"lla":2622,"lle":6817,"llf":78,"llg":60,"llh":61,"lli":2844,"llo":886,"lke":43,"lm ":1156,"ll ":5712,"lit":378,"lis":440,"lir":1910,"lip":176,"lio":1087,"lin":1276,"lim":71,"liz":69,"liw":673,"liv":56,"liu":80,"lic":203,"lid":245,"lia":3198,"lk ":57,"lil":79,"lig":359,"lie":476,"lif":562,"dŵr":302,"ma ":1637,"mb ":111,"mac":103,"mab":110,"mai":606,"mad":228,"mae":4308,"mag":118,"map":57,"mar":872,"mas":453,"mal":309,"mam":99,"man":1111,"maw":438,"mau":1430,"mat":779,"mba":96,"mbl":58,"mbi":109,"mbe":242,"mbr":269,"mbo":281,"me ":239,"mca":193,"mbu":37,"mch":98,"mda":65,"mde":487,"mdd":657,"mdr":53,"med":792,"meg":711,"mea":488,"met":1049,"mew":2214,"mes":747,"mer":2496,"mel":276,"men":1156,"mei":882,"mff":63,"mey":41,"lva":80,"lve":64,"luo":1302,"lun":1166,"lum":206,"lus":297,"lur":87,"ly ":477,"lwa":59,"lwb":141,"lwc":190,"lwe":381,"lwg":148,"lwi":478,"lwr":546,"lwn":220,"lwm":69,"lwy":4971,"lws":76,"lyb":68,"lyc":94,"lyd":945,"lyf":715,"lyg":1379,"hôn":42,"lyw":939,"lym":387,"lyn":3191,"lys":623,"lyt":263,"lyr":52,"mpi":350,"mph":82,"mpe":82,"mpl":56,"mpw":155,"mps":75,"mpt":51,"ms ":365,"ëwy":48,"moc":146,"moe":79,"mod":296,"mon":1356,"mol":107,"mor":527,"mos":228,"mot":129,"mou":82,"mpa":381,"mre":767,"mro":136,"mru":3069,"mry":585,"msa":38,"mu ":71,"mse":222,"mra":1424,"mth":126,"mud":331,"mst":38,"mwe":56,"mwd":160,"mwa":49,"my ":104,"mur":150,"mus":72,"mun":2037,"mho":82,"mhl":147,"mhw":50,"mha":708,"mhe":231,"mgy":321,"mgu":85,"mi ":264,"mge":117,"ml ":374,"min":367,"mio":78,"mil":1349,"mir":63,"mis":321,"miw":182,"mit":116,"mic":53,"mia":447,"mig":178,"mie":110,"mo ":102,"mlw":137,"mly":764,"mlu":98,"mle":90,"mla":506,"mni":274,"mne":46,"mmy":53,"mp ":159,"mmu":54,"mmo":59,"mma":119,"mme":106,"wâr":55,"rŵp":443,"zer":50,"ze ":49,"zab":52,"zan":41,"zar":39,"zon":65,"ان":54,"ال":222,"ÂR ":38,"yw ":17417,"yty":72,"ytu":126,"yts":74,"ytr":121,"yti":312,"yth":1577,"yta":92,"ysw":48,"ysy":639,"yst":2007,"ysu":113,"yso":937,"ysl":39,"ysg":2082,"ysf":43,"ysi":788,"ysb":191,"yse":204,"ysa":193,"yry":38,"yri":760,"yro":57,"yrn":1071,"yrs":46,"yrr":204,"yrw":139,"yrc":853,"yrd":987,"yra":2367,"yrh":40,"yre":633,"yrf":123,"ys ":5008,"ypr":60,"yr ":15016,"ype":40,"yon":159,"yny":6318,"ynu":364,"ynw":625,"za ":99,"ywe":457,"ywb":47,"ywa":1109,"ywi":571,"ywu":40,"ywo":763,"ywy":914,"yby":49,"ye ":65,"yca":52,"ych":3349,"ybi":137,"ybl":102,"ybo":259,"ybr":110,"ybu":37,"yf ":458,"yda":2864,"yde":440,"ydf":99,"ydd":28126,"ydi":506,"ycl":60,"yg ":747,"ydo":278,"ydr":1154,"ydl":894,"ydn":127,"ydw":276,"ydy":4654,"yfa":1668,"yfl":563,"yfi":251,"yfe":2566,"yff":1314,"yer":49,"ya ":226,"yb ":51,"yad":44,"yaf":1692,"ybe":40,"yd ":10831,"yan":80,"yal":55,"ym ":3225,"yke":46,"yn ":47219,"yla":317,"ylc":792,"yld":121,"yle":201,"ylf":185,"yli":297,"yll":1653,"ylo":75,"ylw":219,"ylv":55,"ylu":111,"ymc":84,"ymb":284,"yma":1393,"yo ":95,"ymh":887,"ymi":79,"ymf":49,"ymg":221,"ymd":943,"yme":789,"ymr":5566,"ymp":236,"ymo":286,"yml":267,"ymy":322,"ymu":2206,"ymt":125,"ymw":638,"yna":930,"ynd":320,"ync":116,"yni":1100,"ynl":244,"yne":1666,"ynf":195,"yng":7196,"ynh":1161,"ynr":509,"ynt":1723,"ynn":2787,"yno":1438,"yfw":48,"yfu":361,"ر ":53,"yfy":1325,"yfo":259,"yfn":833,"yfr":2540,"ygi":282,"ygl":131,"yga":105,"yge":40,"ygb":169,"ygw":75,"ygy":125,"ygo":197,"ygr":629,"ygu":321,"yhy":100,"yho":721,"yie":41,"yl ":434,"tîm":43,"ي ":83,"ن ":99,"xic":123,"xas":52,"xan":82,"wun":41,"wy ":2968,"wsl":55,"wst":1039,"wsa":63,"sïa":42,"wsi":378,"wse":138,"wto":60,"wty":66,"wth":52,"wyt":933,"wys":3904,"wyr":4356,"wyl":1023,"wym":72,"wyn":4153,"wyo":82,"wyd":14813,"wyb":349,"wyi":44,"wyf":1666,"wyg":83,"wya":1824,"wly":42,"wma":78,"wmb":41,"wmn":259,"wmp":187,"wmw":171,"wna":104,"wne":924,"wnd":93,"wnc":60,"wni":118,"wng":2908,"wnn":120,"wno":71,"wns":141,"wnt":347,"wm ":924,"wlc":168,"wla":2176,"wn ":4514,"wll":145,"wli":167,"wlg":67,"wle":1242,"wlf":163,"ws ":798,"wre":539,"wrc":168,"wrd":645,"wri":768,"wrg":40,"wt ":38,"wra":424,"wrt":1573,"wrs":66,"wry":875,"wrn":594,"wrp":460,"wro":897,"wod":593,"wog":540,"wob":230,"woc":119,"wny":106,"wor":104,"wol":250,"woo":72,"won":68,"wpa":41,"wr ":5367,"wpi":70,"wdh":39,"wdi":51,"wf ":39,"wdd":251,"wcl":96,"wch":1526,"we ":503,"wca":54,"wbl":50,"wfe":98,"wes":112,"wer":1889,"wen":943,"wel":1143,"wei":2145,"wef":1122,"weg":153,"wed":6219,"ŵyr":67,"web":67,"wec":102,"wg ":400,"ŵyl":106,"wdw":185,"wdu":669,"wgr":102,"wga":86,"wi ":316,"wir":738,"wis":414,"wit":92,"wl ":621,"wig":187,"wie":106,"wid":262,"wic":128,"wio":346,"win":3305,"wil":311,"wia":359,"ŵr ":390,"wb ":178,"wa ":108,"wan":225,"wal":228,"way":128,"wau":1633,"war":1946,"was":655,"wba":42,"wd ":517,"wbe":49,"wai":2037,"wah":560,"wae":306,"wad":321,"ŵl ":39,"ŵn ":84,"ŵp ":436,"rôl":105,"via":62,"vil":101,"vin":110,"vic":81,"vid":205,"vie":209,"viu":39,"vis":116,"rég":55,"von":93,"rëw":49,"ver":485,"ves":72,"rân":40,"ven":296,"vel":96,"ve ":424,"val":75,"van":302,"var":50,"va ":105,"uwy":107,"uz ":39,"uwc":992,"uwi":160,"ux ":77,"uve":61,"usk":46,"ush":85,"usi":90,"use":207,"usc":42,"usa":109,"ust":299,"uss":159,"usn":82,"uth":300,"uti":56,"ute":122,"uta":55,"uw ":191,"utt":64,"uts":49,"utu":93,"uto":58,"us ":2318,"ut ":194,"ura":273,"urd":1224,"urc":65,"urf":869,"ure":327,"urg":261,"uri":598,"urk":37,"urn":280,"uro":357,"urr":296,"urs":65,"urt":95,"urw":145,"ury":156,"uny":251,"uoi":80,"uog":87,"uoe":102,"uod":142,"uon":143,"uol":447,"uos":1109,"ur ":3905,"upi":63,"upe":58,"ump":113,"uml":95,"umo":125,"uma":120,"umb":206,"ume":97,"uly":76,"unt":210,"uns":43,"unr":208,"unw":94,"uni":1229,"uno":252,"unn":56,"unc":85,"und":1356,"una":363,"ung":102,"une":2052,"unf":97,"up ":41,"um ":501,"ulu":685,"ult":59,"ulo":75,"ull":591,"uli":246,"ulh":41,"ule":57,"ulf":75,"uld":43,"ula":311,"un ":3244,"uid":128,"uil":132,"uim":38,"uin":123,"uir":49,"uis":142,"uic":91,"uit":55,"ul ":450,"ugh":287,"ugi":102,"uge":143,"ugo":87,"ugl":146,"uga":343,"ugu":87,"uha":41,"uda":109,"udd":714,"udf":71,"ude":80,"udi":647,"udn":61,"ubu":38,"uca":70,"ue ":164,"uce":83,"uci":43,"uch":1304,"uck":68,"uer":86,"ues":64,"uff":193,"ufe":472,"ufa":148,"udu":77,"udo":207,"ug ":773,"udw":146,"uee":83,"ued":160,"uen":92,"uel":100,"ub ":91,"ua ":2061,"uat":48,"uar":137,"ual":68,"uan":197,"ubl":79,"ube":47,"ubh":79,"uba":126,"ud ":1095,"lŷr":43,"lŷn":132,"uai":74,"uag":90,"uad":147,"uae":87,"tyw":139,"tyf":106,"tyl":97,"tym":66,"tyn":537,"typ":46,"tyr":569,"tys":55,"ty ":569,"tur":1378,"tus":150,"tun":319,"tum":55,"tua":1979,"tud":365,"tyd":81,"tz ":50,"twy":340,"tws":164,"twr":164,"ts ":407,"tre":3761,"tt ":218,"tra":1795,"tri":1062,"tru":77,"tro":965,"ŷr ":76,"tu ":359,"trw":624,"try":340,"tsa":45,"tse":80,"tsi":56,"tsh":38,"tta":92,"tte":273,"tth":42,"tti":111,"ttl":73,"tto":97,"tts":49,"tty":41,"tma":64,"to ":461,"tmo":40,"tne":85,"tna":134,"tno":155,"ŷn ":163,"pêl":157,"tod":481,"toc":94,"toi":46,"tog":93,"tob":164,"tou":42,"tos":66,"tow":75,"tom":329,"ton":1238,"tol":136,"tor":1235,"top":118,"tr ":1173,"til":111,"tif":143,"tie":133,"tig":337,"tir":1682,"tit":55,"tis":234,"tin":490,"tim":109,"tio":758,"thy":2521,"thu":967,"thw":450,"tia":1118,"tic":242,"tid":55,"tiw":232,"tiu":49,"tiv":155,"tl ":156,"tlo":100,"tll":46,"tla":185,"tle":205,"tem":745,"ten":263,"tep":86,"tei":537,"tel":1208,"tef":162,"teg":330,"tea":52,"teb":257,"tec":118,"ted":382,"tfo":51,"th ":17104,"tey":122,"tev":62,"teu":225,"tes":349,"ter":2833,"tgo":37,"ti ":249,"tga":83,"thn":220,"tho":2822,"thl":355,"thm":78,"thr":1553,"ths":111,"thf":157,"thg":113,"thd":135,"the":2439,"thi":2871,"tha":2130,"AS ":68,"AU ":49,"BC ":162,"両 ":46,"Àit":437,"三 ":61,"tŷ ":48,"之 ":53},"n_words":[3639934,4414620,3548300],"name":"cy","type":"latin"}