{"freq":{"fág":374,"fái":240,"fán":17,"fás":43,"Bá ":22,"D":3670,"E":1972,"F":3366,"G":4685,"A":5367,"B":7488,"C":9211,"L":3210,"M":5923,"N":2064,"O":1295,"H":1083,"I":7769,"J":910,"K":695,"U":762,"T":5807,"W":639,"V":513,"Q":100,"P":3001,"S":6241,"R":3017,"Y":140,"X":81,"Z":115,"f":10484,"g":35594,"Fea":348,"d":35722,"e":80219,"b":22235,"c":48153,"a":205992,"n":112182,"o":48493,"Fei":128,"l":55972,"m":27549,"j":233,"k":1737,"h":92271,"i":133366,"w":1117,"v":1580,"u":29979,"Fer":45,"t":60494,"s":65408,"r":82828,"q":111,"p":7714,"z":576,"y":2584,"x":359,"Fha":60,"Í":207,"É":2404,"Fho":14,"Fhe":48,"Fhi":99,"Á":813,"fá ":15,"Fia":48,"Ú":160,"Fhr":107,"Ö":14,"Ó":660,"Fil":63,"Fin":103,"í":22652,"ë":49,"Fio":121,"é":21077,"Fir":16,"è":30,"ç":26,"å":17,"ä":37,"ã":17,"â":15,"á":26187,"à":53,"ü":78,"ú":11150,"ù":19,"ö":111,"ò":31,"ó":13717,"ð":28,"ñ":23,"ē":22,"féi":573,"ā":45,"ı":15,"ī":25,"ł":23,"че":14,"ō":29,"š":15,"ū":19,"ск":41,"то":18,"ст":21,"Fat":14,"féa":120,"Far":31,"Fao":27,"Fad":18,"Fai":28,"itn":37,"ipé":81,"itl":172,"itr":218,"ipí":17,"ito":21,"itu":20,"itt":39,"its":92,"itz":45,"ity":81,"Eri":32,"ism":40,"isl":100,"iso":33,"isn":120,"isp":63,"iss":59,"ist":1852,"iv ":26,"ita":62,"itc":21,"ite":2146,"ith":4604,"iti":613,"irí":823,"Esp":20,"iré":62,"ɪ":16,"isé":44,"ius":114,"ium":34,"Ern":19,"iva":35,"ix ":29,"ə":39,"ivi":35,"ɛ":15,"ive":99,"ilí":349,"ipp":21,"ips":24,"ipt":76,"ipi":79,"Eur":16,"ilé":72,"Eva":15,"Eve":20,"is ":8915,"ion":1312,"iop":36,"ior":150,"ios":247,"iot":378,"iof":15,"iog":41,"iol":50,"iom":483,"ipe":96,"ir ":10292,"irv":17,"irs":353,"irt":1857,"iní":139,"iro":33,"irp":47,"irm":319,"iné":195,"irn":286,"irk":27,"irl":227,"iri":2132,"isi":1776,"ish":105,"isf":50,"ise":1193,"isc":1361,"isb":24,"isa":22,"iu ":157,"iqu":19,"ˈ":48,"imí":77,"imé":209,"irf":27,"ire":4833,"irg":383,"irb":139,"ira":42,"ird":294,"irc":279,"ː":17,"it ":669,"El ":21,"ünc":20,"Eil":84,"Eis":23,"́":82,"ja ":23,"μ":37,"ν":74,"ο":100,"Eng":16,"θ":18,"ι":51,"κ":26,"λ":62,"δ":20,"ε":36,"η":30,"α":107,"β":19,"γ":29,"έ":19,"ά":19,"ί":36,"ití":138,"Emi":14,"ité":82,"Eo ":105,"isí":148,"Eli":30,"Ell":16,"Eor":261,"Eol":17,"Eog":51,"ivé":51,"Eoi":40,"Eoc":19,"iza":25,"ω":17,"ύ":15,"ό":27,"σ":40,"ς":68,"ρ":66,"π":27,"φ":26,"υ":24,"τ":48," l":8985,"ь":28," m":7148,"э":32," n":15246," o":1707,"я":18," h":3099," i":18215," k":158,"ы":19," d":12271," e":3594,"х":18," f":6713,"ц":14," g":7608,"ч":57,"р":135," a":48402,"úsa":108,"с":109,"kie":20," b":10871,"т":81," c":12912,"у":41," y":42," z":14," u":1021,"kin":66," t":9735," w":69," v":164," p":2643," s":15941," r":5178,"úta":17,"úth":153,"km ":105,"ús ":237,"ki ":55,"И":15,"К":15,"П":17,"А":21,"В":16,"Д":14," J":910," K":682," H":1081," I":7545," N":2056," O":1160," L":3193," M":5910," B":6902," C":8023,"úra":117,"kha":23," A":4758,"С":21," F":3245," G":4206," D":3525," E":1742,"Gea":306,"л":108," Z":111,"к":120," Y":140,"й":72," X":80,"и":188,"п":19,"о":212,"н":176,"м":39,"Cás":28," S":5918,"г":35," R":3015,"úrs":169,"в":118,"Ger":46," Q":98,"б":29," P":2788,"а":242,"Geo":92," W":633,"з":23," V":510,"Gen":35," U":701,"úrt":165,"е":136," T":5610,"д":38," á":890," í":1985," é":7791,"únt":454,"gái":142,"gál":25,"kel":20,"gán":133,"ken":22," ó":1986,"kes":25,"gás":18,"Cé ":51,"ker":42,"ket":22," ú":1600,"key":21,"úpa":264,"úr ":181,"úpl":35,"Gla":76,"ke ":58,"Ghe":106,"Gha":320,"úlr":31,"Gho":18,"últ":26,"Ghl":88,"Ghi":30,"Ghu":20,"Ghr":519," Á":761,"úna":570,"Gio":40,"Gin":21," É":1719," Í":149,"Gil":20," Ó":649,"únm":24," Ö":14,"hÁi":46," Ú":148,"únd":18,"ku ":25,"kov":15,"kol":18,"ks ":25,"hÍs":21,"hÍo":25,"ה":23,"ו":21,"א":14,"ל":17,"י":36,"géi":147,"úsá":344,"útó":18,"gí ":33,"ר":17,"Gao":19,"Gal":229,"ָ":14,"géa":181,"ּ":16,"Gar":111,"Gai":188,"Gae":1050,"hÉi":662,"Gab":25," Ái":88," Ár":98," Át":543,"و":29,"Bó ":14,"ي":52,"fór":53,"fós":55,"fón":15,"ل":53,"م":48,"ن":39,"Fui":17,"Fua":59,"د":34,"ح":14,"ت":14,"ب":21,"ة":18,"ا":87,"fói":40,"ع":14,"س":25,"fód":32,"ر":41,"Bót":22," ˈ":34,"fío":57,"fír":23,"fís":212,"kar":18,"kan":18,"Béa":950,"Flo":29,"Fhé":16,"Fla":23,"Fle":15,"fút":14,"ka ":67," А":21," В":16,"Fra":387," Д":14," И":15," К":15,"Fri":39,"Fre":40,"A ":162," П":17,"Bío":106,"Foi":71,"Foo":31,"For":64," α":14," Ga":1406,"F ":106," Bú":24," Ge":490," Cá":50,"Da":525,"Dé ":27,"Cu":433," Bó":52," I ":184,"Cy":22,"Cl":805," Bí":110,"Cn":52," Fo":226,"Co":2077," Fu":111,"Cr":445," Fr":436," Fh":371," Fi":384,"Ce":563," Fl":82,"Ch":2601," Bé":806,"Ci":377," Ha":296,"G ":74," Dá":241," He":239,"Ed":73,"Ea":766," Có":81," Gw":17,"Du":229," Cú":124," J ":15," Go":230,"Do":507," Cí":18,"Dl":37," Gr":356,"Dr":164," Gu":114," Gh":1129," Gi":149,"De":754," Gl":184,"Di":257," Cé":88," Gn":25,"Dh":350,"cúp":30,"cúr":63,"Fe":557,"Bá":48," Id":99,"H ":53,"Déa":55,"Fa":174," Ia":276," Dú":161," K ":14,"cúi":261,"Eu":46,"cúl":23,"Ev":36,"Ex":17,"Er":77," Dó":33," Hu":86,"Es":55,"En":53,"Em":36,"Eo":495," Dí":30," Ho":194,"Ei":150,"El":97," Dé":97," Hi":140,"ha ":3363,"Cá":56,"Ge":520," Ji":54,"Ga":1705," Fá":64," Je":87,"Bú":28,"I ":379," Ja":245,"Bó":57,"Fu":117," Iv":17,"Fr":485,"Bí":112," Ir":128," Is":5161,"Fo":242," It":14," Im":262,"Bé":956,"Fl":84," In":364," Io":352,"Fi":403,"Déi":15,"Fh":373," Il":46,"ham":346," M ":16,"han":1176,"hao":727,"hap":30," Ka":137,"hai":6276,"hal":414," Ke":187," Ki":123,"har":2134,"has":684,"B ":234,"hat":707," Kh":43," Fé":97," С":21," Jo":392,"II ":143," Ju":72,"hae":331," Jr":24,"hag":201,"hab":166,"had":297," Fó":592,"hac":666," N ":85," La":605," Le":483," Li":406,"C ":207,"hba":15," Kn":16," р":15,"hd ":21," Ko":48," Kr":33,"hbh":223," Ku":37," Mc":98,"Au":67," Ma":1326,"Ar":549,"At":157," O ":116,"As":333,"D ":237," Mi":402,"Ba":1930," Mh":1153," Me":1282,"Ae":65,"Af":126,"dá ":242,"he ":2867,"Ag":62," Lo":611,"Ab":180," Hé":19,"Ac":138,"Ad":72," Ll":24,"Am":211,"An":878," Ly":37,"Ao":683,"Ap":36,"Ai":875,"hch":612," Lu":335,"Al":673,"By":31,"Hit":18," Ne":228,"а ":44,"Bu":392," Iú":336,"Br":787," Na":383,"Ca":1185,"E ":51," Ni":185,"Bh":1538,"Bi":171,"Be":744,"hda":17,"Hig":22," Mo":403," My":20,"hde":119,"Bo":264,"Hil":25,"Bl":146," Mu":284,"hdi":36,"Hio":16,"hdh":155,"dál":94,"Ku":37,"hel":99,"hei":1299,"dái":241,"Kn":16,"hea":3474,"Kr":33,"Hay":19,"Ko":50,"Le":491,"hew":16," A ":89,"Li":408,"N ":133,"dát":17,"hes":67,"her":184,"dár":15,"haí":305,"heo":669,"hen":86,"dán":99,"hem":16,"La":609,"Lu":335,"Ly":38,"hfh":57,"hfi":58,"Hé":19,"Ll":24,"Lo":614,"hfe":113,"Dá ":15,"hfa":66,"Me":1284,"hi ":227,"Mh":1155,"Mi":403," B ":218,"hfr":27,"O ":148,"hfu":664,"hfo":149,"Ma":1327,"Mc":98,"hgh":63,"My":20,"Mu":285,"Mo":406," C ":40,"Ni":186,"Ne":229,"Na":387,"P ":39,"Iú":345," Ao":620," Ap":32," Am":200," An":855,"Dál":164,"Hel":19," Al":487," Ai":787,"Hei":32,"Dái":50," Ag":59," Ae":60,"Nu":291," Af":79," Ac":123,"No":499," Ad":67,"Hea":28," Ab":148," Ba":1677,"Ol":192," D ":160,"On":32,"Oi":439,"Oc":20,"Od":23,"Hen":60," Au":67," At":140," As":265," Ar":510,"Her":56,"Ob":21,"Gi":165,"hig":33," Be":713,"heá":241,"Gh":1136,"hie":19,"Cé":98,"hid":79,"Gn":26,"hic":130," Bi":165,"Gl":218," Bh":1534,"hia":602,"Cí":19,"hip":47,"hio":429,"Gr":417,"hin":549,"Go":237," Bl":127,"him":81,"Gu":127," Bo":242,"hil":430," Br":722," Bu":374,"Có":94,"Gw":18,"his":511,"Cú":234,"hit":119,"J ":18,"hir":287," By":31,"Ha":296," Ca":1052,"Dá":246,"He":239,"Hi":140," Ce":495," Ci":334,"Dé":102," Ch":2590,"Ho":194," Cn":49,"Dí":30," Cl":788," Cr":398,"Hu":87,"hfé":14," Co":1382,"Dó":33," Cu":398,"hfó":38," Cy":22,"K ":26,"Cúi":194,"Dú":193," F ":85,"Ib":14,"Ia":309,"Id":105,"dé ":34,"hm ":163," Da":489," Di":255,"Io":441," Dh":344,"Im":285,"In":411," De":739,"Il":49,"Iv":17," Dr":151,"Is":5163," Dl":36,"It":14," Do":485,"Ir":130,"Ja":246,"L ":51," Du":227,"hn ":148," Ea":709,"Ji":54," Ed":71,"Fá":72,"Je":87,"hla":719," El":96,"hle":240,"Jo":392," Ei":130,"hli":2004,"Fé":97,"Fó":594," Es":55,"hlo":95," Er":76,"Jr":24," Eo":356," En":50,"Ju":72," Em":35,"Hal":38,"hlu":153,"Ka":139," Ex":17,"M ":83," Eu":45,"Han":37,"Ham":35," Ev":35,"Kh":43,"ho ":34," Fe":551," Bá":46,"Har":97,"Ki":125,"hma":28,"déa":414," Fa":169,"hmc":14," H ":25,"Ke":192,"céa":541," Tó":45,"go ":1892,"Ur":48," Tí":110,"Un":145," Té":54,"Ul":134,"Ui":83,"glu":75,"glo":14," Tá":2087,"ghé":59,"Ua":134,"ghá":14,"gle":54," Sú":23," Só":54,"Pó":40,"gli":33,"Tu":566," Wy":14,"Tr":269," Sí":148,"Pé":28,"gla":380," Wo":76,"To":290,"Th":1249," Sé":182,"Ti":174," Wi":221,"Pá":248,"Te":461," Wh":33," We":93," Sá":44,"Ta":319,"Úis":14," Wa":161," Rú":279,"V ":65,"Sw":14,"й ":53,"Sy":24,"St":806," Ró":193,"Su":269,"Sí":182,"Wo":77,"gob":19,"Wi":224,"cí ":85,"Wh":33,"Sé":185," Ví":26,"Wa":162,"hOs":21,"Rú":279," Ze":18,"We":94,"Sá":50," Zi":16,"Ró":193,"hOl":21,"Y ":15,"hOi":42,"gni":28," Za":30,"Vo":36,"Rí":362,"gne":64," Uí":112,"giú":420,"gna":72,"Vi":167," Yo":40,"Ré":222,"X ":33,"Va":115," Ya":26,"Ve":93,"Rá":59," Ye":18," Tú":22,"gmh":16,"céi":99,"Má":456,"gs ":22,"Qa":19,"glú":20,"úba":28,"úd ":102,"Mé":25,"Gré":160," م":17,"Pu":37,"Pr":303,"Lí":32,"glé":50,"о ":14,"Lú":395,"S ":72,"Gua":19,"Pe":309,"Lá":163,"Pa":425,"Gui":35,"Lé":53,"Pl":114,"Po":635,"úc ":28,"Pi":190,"Ph":604,"Os":120,"Ot":24," ا":42,"н ":32,"Op":26,"gon":18,"Or":118,"R ":47,"gos":16,"gor":55,"Ow":22,"Ox":16,"Se":734,"Sc":406,"Si":351,"Sh":551,"Sg":27,"Sn":28,"Sm":30,"Sl":185,"Sk":30,"Sr":230,"úda":213,"Oí":18,"Sp":350,"So":189," a ":8371,"gní":96,"Ru":470,"р ":23,"úcr":20,"Ry":20,"gné":36,"Cór":28,"U ":28,"gnó":47,"Sa":1373,"úca":22,"Re":192,"gra":412,"Ná":110,"Ri":337,"gt ":23,"úch":359,"Rh":17,"Cón":21,"gri":67,"Né":26,"Ro":461,"gre":39,"gná":104,"Ní":182,"Cói":21,"Mí":197,"cío":21,"cín":25,"Qu":70,"Mó":140,"Grú":25,"T ":38,"cís":24,"Mú":20,"cít":16,"Ra":236,"Mü":22," R ":39,"в ":19," Ow":22," Ox":16,"gto":41," Os":95," Ot":23," Or":112," Op":26,"Gre":42," Po":543," Lé":53," Pl":107,"Gri":35," Pi":185," Ph":599,"có ":37,"gua":61," Pe":292," Lá":163,"Gra":99," Pa":406,"gue":52," Nu":290," No":498,"gth":443," Ol":168," On":31,"gte":20," Oi":369," Od":23," Oc":18," Ob":21,"hUa":22,"gta":637,"gy ":14,"grú":149," Ra":236," Mü":22," Mú":20," Mí":196," Mó":140," Qu":68," Né":26,"cón":291,"cói":80," Ní":182,"údá":21,"b ":1035," Ro":460," Re":192," Ná":110,"cód":14," Ri":337," Rh":17," S ":17," Lú":395,"Gru":17,"Úcr":31,"gut":34," Lí":32,"Gro":24,"gur":328," Pr":285,"gus":7532," Pu":36,"gré":40,"a ":43319," Mé":25,"Úda":15," Qa":19,"grá":39," Má":456," Sy":24,"Céi":17,"Tú":25,"úl ":165," Sw":14," Su":231," St":802,"úit":93,"Ye":18,"úis":399," Ta":308,"Ya":26,"úir":269," Th":1246,"Yo":40," Ti":162," Pá":205," Te":438," Tr":254,"Giú":44," To":282,"Uí":112," Pé":25,"Gle":76,"cós":67,"Ghá":16,"Sú":30,"cór":164," Ry":20,"cóp":18,"Wy":14,"Só":54," Ru":470,"Tá":2089," Sa":1332,"gsú":141," Sg":27," Sh":547,"úin":409,"Glu":16,"Té":56," Si":309,"úil":1485," Sc":405," Se":630,"úig":450," So":181,"Tó":46," Sp":350,"Go ":71,"Céa":22,"úic":75," Oí":17," Sr":217,"úid":61," Sk":30," Sl":167," Sm":30,"Tí":131," Sn":28,"ún ":707,"úla":387," Va":113," X ":22," Ve":93,"Gor":57," Rá":59," Vi":167," Ré":221," Rí":362," Vo":36," Tu":471," Pó":39,"Za":30,"Ze":18," Ua":104,"Zi":16,"Ví":26," Ui":69," Ul":132," Un":136,"God":16," Ur":43,"Gob":16,"iai":2569,"i ":7943,"iam":415,"ial":677,"bó":145,"ian":964,"fy":18,"gc":1529,"gd":28,"hE":204,"cá":614,"ge":2607,"hF":113,"ias":115,"iar":1266,"gf":27," fá":646,"Iod":189,"bú":25,"hA":434,"iat":624,"ga":4696,"gb":67," io":626,"bé":131," im":729,"fl":50," in":3888," il":62,"ff":123,"fi":830,"ic ":568,"fh":1623,"Ini":60,"fr":651,"iab":149,"Inn":16,"fu":1205,"ft":48,"iac":136,"Int":32,"iad":874," is":4270,"fo":1220,"Ins":58," it":46,"bí":296,"iag":42," ir":76,"ibl":72,"j ":21,"cú":400," fú":16,"ibi":111,"gy":22,"có":705," m ":25,"hf":1201,"hg":74,"ibr":504,"hd":373,"dá":713,"he":9095," hÁ":49,"hb":245,"hc":639," gá":43,"ha":17871,"hO":88,"gn":464,"gm":31,"cé":763,"gl":642," fí":105,"gi":1171,"Iom":65,"hI":157,"gh":5251,"gg":41,"id ":2038," fé":577,"Ion":38,"gu":8062," fó":153,"hU":40,"gt":1166,"gs":210,"Ios":63,"gr":790,"cí":192,"Ior":55,"ibh":672,"ibe":76,"go":2060,"dt":1341,"du":779,"dw":67," có":303,"dúl":59," cú":315,"dy":102,"dúi":243,"g ":4176,"dúr":62," ha":566,"ea":25239,"eb":101,"dún":41,"ec":179," he":103," dá":331,"ed":379,"de":6172," gi":157,"dd":146,"dg":84," hI":155," gh":896,"df":76,"di":2454," cé":299," hO":88," gn":249,"dh":7736," gl":224,"dm":58," cí":22,"dúc":72," gr":303,"dl":217,"do":1640," go":1885,"dn":21,"ia ":680," gu":367,"ds":128,"Ill":14," hU":40,"dr":674,"ew":190,"ex":98,"eu":111,"ev":181,"ey":348,"ez":71," dú":293," ia":1300,"fa":1504,"Inb":19,"Inc":22," id":903,"h ":22971,"Ind":128,"fe":932,"bá":362,"gC":1143,"eh":31,"eg":159," hi":225,"ib ":82,"ef":77,"ee":269,"el":1747,"ek":71," dé":333,"ei":8910," ho":149,"ep":165,"Imp":113," dí":197,"eo":5144,"en":2705,"Imr":156,"em":248,"et":550," ht":48," hu":37,"es":1134,"er":2470,"aí":5441," dó":278,"iet":28,"cb":18,"ca":3365," ni":34,"e ":26562," ng":227,"iel":96," nd":382,"eál":273," ne":306,"ien":60,"eán":1781,"by":43,"bs":46,"br":1157," na":8256,"ier":82,"eár":16,"bu":707,"ies":49,"bt":15," iú":22,"eád":40,"bo":363,"ied":26,"bp":167,"ieg":18,"eái":390,"bl":1578,"и́":22," mu":97,"cG":32,"bh":11551,"bi":450,"ig ":954,"cC":35,"bb":61," mo":107," mn":21,"eác":154," nO":20,"be":1029,"dc":62,"db":293," ol":129,"da":3031,"In ":39," on":26,"f ":269," oi":794,"ifo":72," oc":122,"cy":33,"ibé":23," of":143,"cu":1138,"ct":536,"ibí":99,"ifr":59,"cs":370," ob":69,"dT":187,"cr":1405,"co":2084,"iff":28,"ife":99,"cm":91,"cn":208,"ck":346,"ifi":245,"cl":898,"ci":1417," nu":480,"ch":26341," no":28,"ce":4885,"cf":27,"cc":47," le":4947," há":141,"icr":56,"c ":2108,"ics":128,"ict":334,"icu":19," li":530," n ":179,"icn":56,"ico":53,"ick":139,"icl":81," la":460," mB":573,"icm":54,"ici":351,"ich":719,"ice":1644," gé":72,"eá ":311,"ie ":209," km":111,"ica":132," hÉ":663," hÍ":55," me":369," nG":425,"az":83,"ay":273," mh":955," nI":25,"ba":2824," mi":457,"ids":14,"d ":7267,"idt":208,"at":6355,"as":7371,"idr":97," hú":26,"ar":22782,"ido":20," nA":40,"ax":41,"idm":20," ma":2135,"aw":83," mb":882,"av":283," nD":124," nE":15,"au":284,"ak":145," lu":291,"idi":1657,"al":6550,"idh":1444,"ai":28977,"aj":44,"idg":41,"bP":203,"ao":4221,"ap":476,"ide":714,"idd":27,"am":5107,"an":31829,"idb":243,"ac":15816," hé":28,"ad":8059,"ida":56,"aa":74," lo":308,"ab":2446,"ag":12220,"ah":164,"ae":3237,"af":197,"nu":707," ae":136,"nt":6330,"ns":1273," ag":9107,"nr":644,"np":33," ab":662,"no":556," ac":887,"nn":13453," ad":142," am":1152," an":14934," bP":203," ao":494,"nz":50," ap":19," ai":2945,"ny":183,"nw":29,"nv":31," al":169,"oe":87,"of":346,"oc":3503,"od":1311," ar":6072,"oa":84,"ob":1794," at":2168," as":1109,"om":4389,"on":9178," d ":589," ba":1293,"ok":119,"ol":4027,"oi":8724,"oj":15,"og":1022,"il ":4239,"oh":246," bh":6443,"ot":1050," bi":158,"os":2328,"ov":241,"ou":522,"op":291,"oo":309," be":526,"or":3909," bp":167,"r ":26836," bo":185," bl":423,"ox":26,"ow":261,"oz":32,"oy":150,"ifí":195,"lá":2770,"pe":951," bu":524,"pa":1122,"pc":34," br":367,"pl":469," ca":803,"lé":691,"po":724,"ph":1119,"im ":440,"pi":497,"ika":15,"lo":964,"ln":33,"ige":988,"lm":247,"hé":1982,"ll":4477,"ls":671,"iga":43,"lr":97,"hí":2469,"ii ":17,"lp":55,"hó":1143,"lw":14,"lv":106,"icé":38,"lu":1017,"lt":2738,"Idi":92,"igh":3179,"hö":28,"igi":784,"ly":208,"igg":14,"hú":882,"igu":24,"nA":42,"igt":17,"o ":4410,"nD":124,"mc":74,"icí":106,"nE":15,"md":20,"igo":16,"ma":4924,"mb":1185,"ign":27,"mg":14,"mh":8902,"nI":25,"me":1225,"iá":23,"mf":48,"nG":433,"ml":170,"mi":1584," b ":71,"mn":295,"nO":21,"mm":166,"mp":948,"mo":376,"mr":638,"mt":67,"ms":365,"mu":293,"idé":131,"ió":116,"my":76,"p ":418,"iú":2995,"na":20087,"nb":151,"nc":1202,"nd":1981,"ne":5883,"idí":295,"nf":133,"ng":2368,"nh":89,"ni":2645,"ik ":21,"nj":39,"nk":107," c ":38,"nl":294,"nm":973,"imo":55,"imn":120," et":14,"imm":26,"fó":227,"ims":271," en":17,"imr":401," eo":211,"imp":429,"fí":323," ei":675,"imf":18,"ime":312,"jo":35,"fé":693,"imi":716,"imh":994," gC":1143,"ki":194,"kh":56," fe":599,"ip ":117," bá":278,"inc":452," h ":53,"ke":227,"gá":342,"ind":132,"hÁ":50,"ina":1555," fa":1032,"inb":24,"ka":183,"imt":31,"fú":18,"m ":2796,"а́":17," fu":504,"inn":3418,"gó":548,"inm":801,"ky":50,"ino":76," fr":394,"gö":27,"ks":87," bí":103,"inr":60,"ku":55," fo":815,"int":1223,"ins":402,"inf":38,"ko":112," bé":67," fl":33,"hÍ":55,"ine":2867,"inh":20,"gí":69,"ing":553,"kr":26," fi":426,"kk":18," fh":1406,"hÉ":663,"ini":1121,"kl":45,"gé":329,"inl":22,"km":117,"ink":22," cá":319,"li":6865," ge":143,"lh":37," gc":1511,"lk":48," hE":204,"há":2539,"le":11033," ga":579,"iob":126,"ioc":151,"ld":296,"lg":924,"iod":20,"lf":136," hA":434,"la":10153,"mB":573,"inu":20," i ":6264,"lc":271,"lb":620,"iny":32,"gú":29,"n ":44303," bó":54,"igí":38,"hr":4331," cl":537,"hs":439," cn":57,"hp":68,"iko":20,"dí":554,"igé":189," co":1181,"dó":754,"hw":24," cr":447,"ht":5712,"hu":4839,"iki":22,"hk":20,"hi":3686," ce":1239,"ike":19,"hn":1628," ch":6174,"ho":3923,"hl":3740,"hm":370," ci":449,"dé":521,"ila":50,"id":7038,"ilb":41,"ic":4509,"ib":1678,"ia":8556,"ih":33,"in ":9648,"ig":6298," da":665,"if":738,"eá":2972,"ie":631," dT":187," cu":711,"hy":66,"dú":564,"k ":471,"iq":21," do":1320,"ir":22505,"ilo":20,"is":15956,"it":9092," dl":128,"ill":1658,"iu":350," dr":195,"iv":271,"eó":36,"ilm":27,"ix":45,"ii":26,"ilg":818,"ij":27,"ik":120," de":4551,"ili":1289,"il":13368,"ild":34,"im":4227,"in":22865,"ilc":72,"ilf":25,"io":3173," di":196,"ile":3808," dh":1220,"ip":561,"ima":59,"je":23,"fá":699,"imb":35,"ч ":34,"Iar":271," ea":2630,"io ":128,"ji":36,"iz":73,"iy":39," dt":1102," du":676,"ils":248,"ilt":514,"l ":9412,"ja":59,"ilv":45,"ль":14,"hlú":76,"xi":32,"té":533,"Dúi":63,"tí":1793,"Dún":93,"tó":758,"ми":19,"xt":17,"wy":58,"hlé":82,"ww":87,"só":186,"sú":492,"z ":155,"hph":63,"Dúc":24,"hló":128,"xa":66,"tá":3852,"xe":16,"hlí":29,"wi":117," ví":29,"how":16,"wl":15,"sé":2086,"ла":34,"wn":96,"hlá":205,"wo":78,"ле":18,"sí":985,"wr":17,"ws":41,"wt":17,"ró":676,"hol":348,"hom":626,"hon":716,"hog":133,"hoi":807,"y ":1513,"ко":39,"hos":256,"rú":779,"hot":43,"wa":203,"hop":25,"we":124,"sá":626,"hor":473,"ré":2568,"dí ":288,"vi":359,"hob":241,"vr":17,"vs":40,"ки":31,"rí":3930,"hod":30,"vn":14,"vo":75,"hoc":113,"hni":60," tú":106,"uz":23,"ux":50,"uv":36,"uu":19,"rá":2009,"ve":416,"hno":28,"va":328,"hnu":19,"x ":157,"ui":6290,"uk":43," té":207,"ul":621,"ue":219,"uf":51,"ug":2486,"uh":17,"hiú":107," tó":85,"ur":1536,"us":8283,"hna":260,"ut":560,"um":955,"un":1808,"uo":20,"hne":600," tí":564,"up":67,"ty":172,"hme":74," sú":61,"tz":64,"hmh":34,"déi":40,"tu":987,"hmi":33,"ик":15,"tt":384,"tw":33,"pó":261," ww":43," só":70,"ий":37,"ub":394,"ua":4295,"ич":35,"ud":441," tá":647,"uc":433,"w ":201,"pú":26,"to":1115,"tn":113,"hul":73,"pé":170,"hui":1613,"tm":76,"tl":375,"hug":337,"ts":494,"tr":2509,"pí":75,"ро":21,"tp":64,"huc":17,"ра":26,"tf":21,"hua":936,"pá":620,"te":7229,"hub":28,"ti":2504,"th":14962,"dó ":211,"v ":84,"oú":35,"tb":247,"tc":62,"ta":12304,"htt":53,"su":1468,"htr":64,"ss":379,"st":5067,"sy":34,"sz":28,"sw":26,"sl":560,"hth":78,"sk":149,"tO":20,"sn":666,"sm":219,"sp":789,"so":753,"hte":89,"sr":416,"tS":312,"oí":60,"sd":35,"sc":3980,"hta":2099,"sf":132,"se":3651,"sh":1228,"tI":37,"sg":76,"si":3838,"rz":27,"u ":794,"hst":33,"nú":375,"tA":118,"sa":7835,"sb":93,"hsp":79,"rr":1332,"ос":14,"ор":16,"rs":1355,"rt":5685,"ru":2167,"rv":57,"nó":3141,"rw":39,"rx":21,"ry":348,"ní":1203,"hse":111,"rp":389,"hsf":34,"ол":16,"ом":15,"hsc":29,"ro":1820,"rn":1077,"он":24,"rm":1323,"né":446,"rl":1840,"rk":221,"nç":15,"hsh":62,"ri":5360,"ов":54,"rh":40,"hu ":168,"rg":994,"rf":169,"hsa":44,"re":8800,"ná":2686,"rd":1927,"rc":1015,"hnú":19,"rb":776,"hru":236,"ra":9135,"t ":8611,"mú":53,"hnó":36,"hné":52,"mó":1228,"qu":91,"hní":184,"но":37,"hro":198,"mí":387,"mé":353,"hre":546,"hná":193,"Dón":21,"nÉ":14,"hri":328,"má":744,"ht ":2941,"на":27,"hra":1213,"dír":63,"s ":29560,"lú":564,"dís":17,"pt":179,"pu":104,"díl":15,"ló":456,"dín":53,"pp":84,"lí":989,"pr":684,"dío":88,"ps":108," ru":1283,"htó":70,"Hum":14," nó":2812,"htú":179," sa":4679," nú":48," tA":117," sf":15," se":1093," sc":1162," si":1192," tI":37," sh":787," tO":20," sn":472," sm":68," sl":198," sr":276," tS":311," sp":393," so":340," mí":271,"dór":16," mó":1033,"ви":37," t ":559," mú":31," ra":690," re":138," ná":1297,"htá":92," ri":660," né":46," ro":398," ní":458," pu":29,"hrí":388," pr":520," lí":138," lú":62,"hró":88," s ":76,"hy ":43,"hrú":276," má":90,"dóc":22," mé":92,"dói":476," nÉ":14," os":81," ot":23,"hum":273,"hun":734,"hus":58,"hut":20,"ав":21,"hur":315," or":279,"ан":35," r ":14,"ай":20," lá":1959," pe":214,"IV ":29,"hrá":475," pa":99," lé":265," pl":119," po":531,"hré":565," pi":69," ph":761," rú":25," sá":66," ró":83," y ":28," sí":561," sé":1980," va":18,"dú ":74," ve":45," rá":141,"zz":17," vo":28," rí":368," vi":31," ré":1371,"Hor":17,"zh":29,"zi":69," ua":370,"ес":16,"ер":17,"Hou":27,"ze":68,"vá":31,"ен":14,"ек":14,"za":84," pó":35," tu":399,"Hol":53," ur":39," um":41,"zo":52,"ví":54," ui":526,"vé":90,"yg":21," ta":838,"ye":100,"uá":49,"yf":14,"yc":51,"yd":69,"ya":136,"yb":15,"tú":630,"huí":244," st":1040,"о́":24," su":1397,"yw":35," pí":25,"ев":18," tr":1087," ts":243,"yt":19," pé":22,"ys":107,"yr":61,"uí":380," to":270," th":2550,"yp":14,"yo":56," ti":480,"yn":135,"ym":43,"ué":20,"yl":73," pá":201," te":1172,"yk":16,"yi":42,"Are":14,"Arc":17,"Ard":151,"Ara":133,"Arm":66,"gCú":110,"ffy":15,"ffe":33,"ffi":21,"bás":179,"fer":28,"faí":35,"feo":21,"fea":451,"bán":27,"As ":53,"bái":111,"fei":332,"fhr":56,"fhu":70,"Ath":59,"Atl":73,"fia":38,"Ast":182,"Ass":25,"fhe":162,"fhi":169,"fho":376,"fha":173,"Art":45,"Asa":26,"gCu":31,"gCr":41,"gCl":15,"gCo":682,"gCi":43,"gCe":68,"gCa":115,"Óg ":20,"Aus":24,"far":64,"fao":645,"fan":33,"Aug":23,"fai":206,"fad":258,"fac":71,"Ógl":34,"ff ":26,"fe ":57,"fa ":140,"Ba ":684,"eys":19,"exa":49,"ez ":54,"ews":23,"ewt":15,"Bai":726,"Bal":86,"Ban":106,"Bay":32,"Bar":140,"Bat":24,"Bas":44,"eta":28,"ete":77,"eti":18,"eth":90,"eso":16,"est":189,"ess":89,"eto":24,"etr":56,"ets":16,"ett":84,"etu":17,"ew ":88,"eve":60,"eva":24,"evo":14,"Aca":46,"evi":62,"eut":17,"Abh":106,"eur":21,"eus":24,"ex ":32,"Ada":23,"Ach":57,"ey ":289,"ewa":22,"epe":15,"eph":65,"er ":853,"epa":17,"eos":35,"eor":359,"Ado":17,"eom":21,"eol":1069,"eon":124,"aíd":33,"es ":655,"Aer":41,"epp":19,"erl":77,"eri":131,"erg":65,"erh":16,"ere":93,"ená":60,"Aga":17,"erf":70,"erc":31,"erd":48,"era":154,"erb":43,"et ":98,"Afr":106,"aít":187,"aío":2153,"aín":34,"aíl":74,"esh":15,"esi":19,"esc":30,"ese":21,"esa":23,"ery":28,"erv":17,"err":112,"ert":175,"ers":225,"ern":128,"erm":66,"erp":23,"ero":49,"eks":14,"en ":1506,"Aib":300,"elb":39,"ela":302,"eld":65,"Aif":16,"Aig":121,"elf":14,"Aid":28,"ele":76,"eli":66,"elm":20,"Aim":21,"Ail":68,"Ain":61,"ell":274,"Ais":61,"elo":57,"Air":154,"Ait":29,"els":60,"elt":152,"Al ":17,"eo ":814,"emb":18,"ema":39,"eme":32,"emo":20,"emi":38,"emp":22,"ene":80,"enh":19,"eng":17,"enb":18,"ena":216,"end":83,"enc":57,"eno":22,"enn":128,"eni":51,"ens":89,"ent":221,"enr":49,"Ala":73,"Alb":377,"aí ":2937,"An ":507,"eoi":2441,"eog":109,"Ali":19,"eod":36,"eoc":94,"Ale":50,"Alt":15,"ego":31,"ege":29,"All":35,"egi":20,"Alp":16,"Amh":81,"Ama":63,"ek ":36,"Ang":71,"eib":67,"eic":489,"Ana":16,"And":78,"eip":74,"eis":2272,"eir":1778,"eim":365,"eil":1930,"ein":197,"Ant":93,"Anr":30,"eid":455,"eig":136,"Ann":43,"eif":17,"Aoi":37,"el ":546,"Aod":28,"eit":1087,"Ar ":54,"Aon":605,"em ":43,"cé ":113,"Bré":15,"Brá":20,"Bus":17,"Bul":20,"Bun":205,"Bur":29,"git":32,"gis":154,"gir":14,"Bui":33,"gil":38,"gip":32,"gin":265,"Bua":24,"gio":95,"gid":19,"gig":26,"gia":23,"ghu":53,"ghr":185,"ght":98,"ghs":14,"hIm":15,"hIn":39,"ghn":371,"hIo":62,"gho":20,"ghi":177,"ghl":361,"ghe":310,"hIa":25,"gha":654,"ghc":42,"ghd":172,"gcú":68,"gcó":255,"gcé":46,"Bru":49,"gcá":19,"gfo":19,"gaí":93,"cán":103,"gen":61,"hFo":15,"geo":88,"ger":72,"hFr":49,"ges":26,"cás":29,"Byr":24,"Buí":18,"gh ":2708,"gea":414,"gei":17,"cái":420,"hFi":19,"gel":59,"cál":28,"hEo":135,"hEa":45,"hEi":18,"gcr":73,"gco":270,"gcl":65,"gcu":132,"gca":128,"ge ":1840,"gci":53,"gch":18,"gce":392,"Brú":19,"gba":47,"gab":28,"gac":522,"gad":1739,"gai":436,"gas":69,"gar":258,"gat":20,"gal":128,"gao":46,"gan":561,"hAf":47,"hAb":16,"öl ":26,"hAs":63,"hAr":24,"hAo":33,"hAn":19,"hAl":173,"hAi":35,"ga ":749,"Cab":19,"Cad":42,"Cae":22,"Cal":103,"Cam":61,"Cai":194,"Cas":82,"Car":213,"Cat":300,"Cao":35,"Can":62,"Cap":27,"Bea":469,"bót":50,"Ber":55,"Ben":44,"Bel":48,"Bei":56,"fré":32,"frá":23,"fur":17,"bói":55,"bón":20,"Át":545,"Ár":101,"Bhi":15,"Bhr":197,"Ái":134,"Bhu":117,"Bho":33,"fud":114,"fua":289,"fun":18,"fui":747,"Bin":21,"Bil":27,"Big":43,"Bir":28,"Bio":15,"ft ":28,"fra":143,"fre":342,"fri":80,"bío":179,"bít":82,"Bha":357,"Bhe":114,"Bhó":20,"for":412,"fos":28,"Bhí":533,"fon":18,"Blo":17,"foi":441,"Bhé":114,"fol":56,"béi":58,"fiú":44,"foc":169,"Bhá":20,"fog":33,"Bli":37,"Bla":57,"fhá":105,"fhé":430,"fhí":42,"Bre":227,"fo ":28,"Bra":117,"fhó":29,"Bro":105,"béa":62,"Bri":217,"fid":30,"fic":105,"fie":34,"fig":207,"fil":119,"fin":52,"fio":69,"fir":44,"fis":60,"fit":18,"Bob":22,"Bol":34,"Boi":21,"Bon":27,"Boo":20,"Bor":28,"Bou":17,"Boy":27,"övs":26,"Ó ":534,"Óg":62,"Ói":16,"da ":574,"dd ":46,"Cur":28,"dbh":268,"Crí":132,"de ":3405,"dac":276,"dad":34,"dal":63,"dai":439,"Cua":50,"dae":36,"dat":54,"das":53,"dar":472,"Cui":121,"dao":417,"dan":122,"dam":218,"Cun":15,"day":18,"Cum":170,"dde":19," Éi":1640,"ddi":20,"ddl":19,"ddy":21,"Ís":59,"Ío":123,"dch":53," Éa":60,"cun":17,"Éa":62,"cul":63,"cum":194,"cui":390,"cua":56,"ctr":133,"De ":104,"cto":75,"cti":62,"cte":57,"cth":78,"cta":42,"dTu":94,"dTr":14,"dTí":21,"Der":45,"Des":14,"Dei":367,"crú":31,"cy ":21,"Dem":25,"Den":24,"Dea":77," Ís":38," Ío":95,"cré":18,"crí":673,"crá":38,"cus":41,"cur":146,"Éi":2322,"cté":51,"Dam":30,"É ":47,"Dan":89,"Dao":73,"Dar":147,"Dav":75,"Dai":34,"Dal":29," Ó ":534,"cks":22,"Chn":17,"Cho":745,"Chr":206,"ài":32,"Che":174,"cki":21,"Chi":387,"Chl":125,"cla":165,"Cia":62,"cle":66,"chá":513," Óg":54,"Chu":175," Ói":14,"cky":14,"ám":250,"chí":120,"án":4189,"Cin":46,"áp":43,"Cio":16,"Cit":56,"ái":8489,"clu":187,"chó":321,"ál":1018,"áe":16,"cli":29,"áf":24,"ág":444,"Cil":132,"áb":389,"ché":598,"ác":287,"clo":44,"ád":259,"cme":28,"cmh":19,"co ":63,"ár":1109,"chú":264,"át":991,"ás":613,"ció":20,"cni":17,"cne":34,"cna":87,"ciú":86,"DN ":19,"ão":15,"cnu":17,"coi":647,"cod":26,"Cla":68,"cog":48,"cob":20,"con":157,"col":164,"com":586,"cor":131,"cos":144,"cot":56,"cou":17,"clá":107,"Cea":371,"clé":67,"Cei":73,"clí":17,"Cel":18,"cló":73,"Ceo":53,"Cen":23,"clú":142,"cs ":59,"cmí":15,"ct ":18,"cre":91,"cná":17,"cra":247,"cri":85,"á ":8021,"cru":138,"cro":73,"cu ":204," Úc":26," Úi":16,"dTe":20,"cse":49,"csa":161," Ús":41,"Cha":583," Úr":42,"csi":66,"Clú":19,"Cló":22,"Cri":31,"cea":2323,"Cra":92,"Cre":44,"Ús":41,"Úr":44,"ch ":8976,"cer":23,"ces":38,"ceo":483,"cen":28,"Úc":31,"Úd":15,"caí":154,"cel":32,"Úi":18,"Cru":51,"cei":451,"Cro":66,"ci ":143," á ":180,"Co ":17,"Chú":59,"chb":68,"cha":3675,"chd":28,"Cli":497,"Clo":33,"Ché":62,"Chó":43,"Clu":118,"chu":2165,"Ciú":36,"cia":133,"ck ":201,"ceá":740,"cie":25,"che":1628,"chl":544,"chi":421,"cho":1057,"chm":18,"chn":85,"chs":16,"cht":5396,"chr":402," ár":46,"Coi":126,"Cog":108,"cil":150,"Cno":22," áb":129,"cim":18,"cig":39," áf":23,"cir":45,"cis":192," ái":498,"cit":27,"ciu":24,"cin":312,"cio":113,"Cnu":23,"cip":31,"cke":40,"Clá":26,"Cos":39,"Cor":193,"Com":288,"Col":188,"Coo":21,"Con":1012,"Cou":24,"ed ":132,"ós":524,"ót":285,"eba":20,"óv":19,"ebe":20," é ":6560,"ec ":22,"eac":4120,"eab":592,"eag":1122,"ób":33,"eaf":21,"eae":15,"ead":1421,"eai":31,"ean":6477,"ói":3006,"eal":1578,"óg":454,"eam":933,"ear":3955,"eas":1483,"eap":208,"ód":167,"óc":115,"ór":1746,"óp":56,"eat":955,"eau":27,"ón":1301,"óm":776,"ól":143,"íú":73,"ea ":2266,"ó ":5058,"eff":24,"ei ":24,"ega":26," í ":1887,"een":63,"eel":21," éi":443,"eed":16,"eer":16,"eaí":20,"eet":19,"edh":19,"edi":38,"ín":1128,"ím":31,"edd":25,"ede":40,"ío":6870,"ír":1028,"ít":709,"ís":504,"eg ":16," éa":781,"edy":19,"éú":20,"edo":20,"edr":22,"ech":43,"ee ":87,"íg":26,"íf":18,"íl":526,"ect":37,"íc":229,"íd":182,"ía":41,"eco":18,"íb":395,"dtú":90,"ës":14,"dtá":26,"í ":10858,"dté":16,"dtí":383," ís":30," ío":64,"dwi":23,"él":14,"éi":5025,"dró":22,"éo":14,"ép":16,"én":18,"és":18,"dwa":33,"ét":14,"ér":37,"dy ":84,"ë ":21,"drá":86,"éb":23,"éa":6775,"ée":17,"Edw":27,"ég":14," ór":14," ón":600," óg":50," ói":41,"é ":9003,"Ear":38,"Eas":45,"Eal":32,"Ean":323," ó ":1226,"Eag":152,"áí":25,"Eac":31,"Eab":120,"FC ":14,"dor":65,"don":416,"dom":343,"dol":27,"dos":18,"Dhú":133,"dlí":99,"Diú":26,"ds ":70,"dlú":36," ós":29,"dió":66,"diú":99,"doc":36,"dog":20,"doi":23,"Dhá":14," úd":122,"Dho":65,"Dhe":46,"dso":14,"Dia":55," ús":341,"dto":27," úr":105,"Dic":15,"dti":49,"dte":287,"Dhu":42,"dta":63,"Dis":41,"Dir":17,"Din":17,"Dil":14,"dtu":328,"dtr":51,"Die":22,"dun":14,"dui":527,"dul":80,"dub":16,"dua":69,"duc":14," ú ":1012,"dri":103,"dra":170,"dre":124,"du ":18,"dro":93,"dru":42,"Dha":18,"Dub":47,"Dua":39,"dha":260,"dhb":24,"Dun":28,"Dui":58,"dge":49,"ün":29,"ür":27,"Drá":15,"dhu":100,"dic":27,"dia":293,"dhi":80,"dhe":442,"dhr":104,"dho":62,"dhn":28,"dhm":310,"dhl":50,"daí":220,"der":172,"des":36,"dh ":5455,"dfa":52,"dea":701,"Dro":81,"dei":449,"del":62,"den":1153,"deo":76,"úp":306,"ún":1833,"úm":23,"úl":626,"di ":53,"út":197,"ús":719,"úr":674,"úi":3261,"úg":21,"úd":355,"úb":49,"úc":437,"dle":41,"dhá":244,"dla":24,"öv":27,"Dlí":35,"dmh":31,"dhú":132,"do ":629,"Dre":21,"Dra":14,"dhó":20,"dhí":53,"dhé":348,"ú ":2631,"Doi":47,"Dob":22,"dim":32,"din":294,"dio":40,"dir":1209,"dis":147,"dit":21,"deá":44,"die":30,"dif":40,"dig":48,"dil":18,"ör":19,"öl":32,"Dr ":17,"Dou":14,"Don":78,"Dom":200,"Dor":64,"rdá":19,"órá":63,"Nea":38,"rha":17,"Nei":30,"rdí":26,"rbó":47,"rga":146,"ri ":89,"rgi":106,"óva":19,"rgh":71,"rcá":36,"rge":229,"rgt":18,"rgn":54,"nát":222,"ret":35,"res":104,"rew":25,"rey":30,"óth":174,"rfa":28,"óta":81,"rfh":18,"rfi":21,"rfo":63,"rdu":18,"Nas":14,"Nat":55,"rds":35,"Nav":15,"rg ":211,"rea":4475,"ósa":37,"ree":55,"nác":45,"rec":16,"red":50,"nád":57,"nái":868,"rei":578,"reg":26,"rem":34,"nám":42,"ren":116,"nán":213,"óst":232,"rek":22,"nál":147,"rel":65,"raí":921,"rer":16,"nár":33,"reo":588,"óra":749,"Nig":14,"rda":143,"órc":14,"Nic":75,"Nia":22,"rdo":44,"órt":164,"órs":81,"rdi":66,"Nio":18,"rdh":169,"rdc":33,"rde":172,"ós ":247,"re ":2165,"ná ":1044,"ómá":33,"rbu":15,"rbr":21,"rco":14,"rcl":38,"rci":49,"rch":211,"rce":106,"rca":315,"ópa":18,"ór ":620,"rd ":1105,"rao":356,"rap":41,"rar":34,"ras":586,"rat":223,"rav":21,"rbi":53,"rbh":278,"rbo":26,"rba":184,"rbe":37,"rc ":189,"New":90,"rai":2238,"rah":38,"rag":65,"ran":640,"ram":134,"ral":89,"rak":15,"rab":86,"raf":72,"rae":116,"rad":543,"rac":1041,"rlí":86,"rpo":23,"rs ":166,"rlá":17,"rpe":23,"rpa":218,"rr ":255,"rph":42,"ros":108,"rot":96,"rom":262,"ron":135,"roo":19,"rop":32,"rou":48,"rov":34,"row":44,"rod":23,"roc":87,"ní ":309,"roi":637,"rol":45,"rok":18,"rog":54,"rno":16,"rnr":15,"rns":15,"riú":336,"rp ":54,"rna":252,"rne":186,"rni":111,"rml":62,"rmo":22,"rmu":15,"ro ":90,"rma":359,"néa":182,"rme":66,"rmh":95,"rmi":88,"néi":221,"Nao":110,"Nap":16,"Nai":48,"rlo":46,"rli":111,"rle":214,"rla":1273,"rn ":133,"rku":14,"rgí":14,"rks":24,"rki":19,"rgá":88,"rke":35,"rka":14,"né ":24,"rm ":191,"Iúi":305,"ótó":16,"Na ":69,"riz":14,"rl ":40,"rip":32,"rio":414,"rit":613,"ris":438,"riu":30,"rig":165,"ril":27,"rik":16,"rin":795,"rim":139,"rdú":27,"ria":919,"rib":71,"ric":942,"rid":144,"reá":343,"rie":109,"rif":21,"rk ":90,"nóg":29,"óg ":175,"rsá":56,"nól":18,"nói":152,"rwi":20,"nón":22,"rsé":16,"nót":37,"nós":133,"Nua":266,"rté":20,"rtí":355,"rtú":33,"rui":134,"rug":1110,"ruf":14,"rud":172,"ruc":68,"run":22,"rum":55,"óch":56,"rus":59,"rut":246,"óca":32,"rva":21,"rrá":17,"rve":15,"óda":35,"nóc":14,"nód":16,"ry ":291,"rrú":28,"ódh":24,"rsk":16,"rsi":104,"rso":40,"rsm":24,"rsc":217,"rsa":287,"rsh":40,"rse":211,"rta":707,"rst":140,"roí":25,"rtl":15,"rto":55,"ód ":76,"rte":314,"rth":1771,"rti":96,"nó ":2699,"rua":226,"rts":27,"rtr":15,"óbh":15,"rty":31,"rmé":23,"nín":101,"níl":49,"rmá":327,"níc":30,"rt ":2182,"rmó":19,"nít":71,"nío":623,"rné":17,"rro":35,"rri":84,"rre":71,"rná":209,"rra":630,"rry":95,"rrt":19,"rnó":52,"rní":19,"rrs":58,"sc ":327,"sab":21,"sac":654,"sad":54,"sae":23,"sag":75,"sai":592,"sal":68,"sam":141,"tAo":24,"ómh":688,"óma":33,"ónt":14,"sbh":16,"ónn":18,"sao":275,"óng":28,"san":1622,"sat":24,"sas":19,"sar":67,"óna":427,"óp ":28,"sa ":3740,"núi":159,"ógá":48,"tAb":14,"tAi":42,"nús":88,"óla":44,"nún":35,"ón ":775,"óim":116,"óil":212,"óig":90,"óis":269,"óir":1464,"óit":73,"óin":227,"nú ":75,"óip":36,"ódó":17,"óib":55,"óic":15,"óid":394,"ól ":82,"óiv":47,"ógr":30,"óga":179,"Nor":78,"ógt":15,"Nol":338,"Nob":19,"sha":314,"scó":82,"sho":57,"shr":63,"she":203,"shi":156,"shl":100,"si ":38,"scé":347,"scí":15,"scá":85,"sgh":17,"sfé":91,"seá":101,"sie":17,"sid":18,"sic":138,"sib":26,"sia":514,"sk ":19,"shu":50,"sit":136,"sir":78,"sis":198,"sin":1068,"sio":159,"sil":94,"sim":57,"sig":443,"scr":521,"sct":40,"scu":23,"Oid":16,"Oib":81,"Oif":26,"Oil":208,"Oir":93,"sbu":25,"se ":1138,"sca":692,"sce":1106,"sci":152,"sch":129,"sco":383,"scn":26,"scl":50,"sey":40,"ser":32,"set":23,"sh ":132,"sea":1145,"sei":128,"see":18,"saí":406,"sep":38,"seo":837,"sen":41,"sel":32,"slé":30,"slí":29,"spr":39,"sph":19,"slá":31,"spe":143,"spl":89,"spi":78,"spa":83,"sol":68,"son":394,"sor":16,"sof":18,"soi":82,"oí ":21,"soc":67,"sru":24,"tSu":38,"sné":54,"tSl":17,"tSi":42,"tSe":104,"sná":21,"sre":22,"tSa":39,"sra":197,"st ":494,"oíc":18,"ss ":98,"sli":105,"shí":50,"shó":29,"slu":19,"sgö":26,"sky":14,"sla":192,"shá":17,"sle":131,"ski":48,"ska":40,"sna":496,"siú":811,"sne":60,"smu":24,"so ":31,"sma":98,"smh":17,"smi":37,"swi":14,"stí":140,"sté":91,"stá":507,"stú":37,"stó":65,"suí":51,"Owa":15,"szo":14,"sse":71,"ssa":61,"sso":60,"ssi":66,"íú ":73,"spá":57,"ste":1218,"sta":1246,"spé":48,"stm":17,"sto":201,"sti":488,"stl":22,"stu":43,"spó":185,"str":448,"sua":60,"sub":21,"sui":1192,"sul":46,"sun":29,"srá":131,"tSí":34,"sy ":15,"tai":2305,"tal":289,"tae":1311,"tag":109,"tab":44,"tac":773,"tad":69,"Oll":155,"tbh":212,"tba":28,"tat":53,"tas":487,"tar":1806,"tap":16,"tao":264,"tan":292,"tam":111,"tch":56,"Ont":15,"te ":2398,"oú ":35,"가":17,"Ope":20,"Ora":17,"ta ":3767,"Osc":19,"Ord":25,"Org":16,"Ost":52,"Osp":25,"Léi":39,"Plu":14,"pa ":431,"Phá":131,"Pla":56,"Pin":38,"Pil":15,"Pir":16,"Pie":43,"Pic":15,"Pia":16,"Phl":25,"Pho":215,"pch":27,"Phi":49,"Phr":41,"Phe":38,"lá ":1233,"pe ":40,"Pha":68,"par":151,"pat":36,"pas":37,"pac":105,"pad":34,"pag":31,"pal":41,"pai":149,"pan":23,"Pea":55,"phe":133,"pha":75,"Lár":36,"Per":28,"Pet":70,"Pen":31,"phr":237,"Pei":90,"pho":285,"Lái":95,"phl":74,"phi":39,"pi ":15,"ph ":45,"Lá ":25,"pea":396,"Pat":75,"Pas":17,"Par":135,"Pau":68,"pen":39,"lán":235,"lám":61,"per":79,"lár":422,"paí":59,"lát":214,"lás":33,"lái":556,"pei":268,"pel":21,"pla":221,"ple":113,"phá":114,"phí":17,"Pac":17,"phé":19,"Pan":18,"phó":39,"Pai":26,"Pal":24,"lé ":37,"phy":24,"pia":37,"pid":51,"pic":45,"peá":30,"pin":38,"pio":53,"pir":179,"pit":35,"por":56,"RA ":16,"pop":47,"pos":23,"poi":71,"pol":359,"pob":89,"ps ":19,"plí":36,"ppi":17,"plé":24,"plá":39,"ppe":27,"léi":437,"léa":199,"lí ":340,"Lú ":20,"pta":38,"pso":42,"ló ":37,"pub":20,"pte":41,"pti":15,"pth":22,"pto":20,"Pró":17,"lís":63,"lít":64,"pra":40,"pt ":15,"lío":233,"lín":268,"Prí":87,"pri":56,"pre":46,"pro":19,"lór":25,"lóv":14,"lóg":58,"lói":259,"lón":22,"Pro":75,"pus":14,"pun":14,"Pri":61,"Pre":38,"prá":19,"prí":405,"pró":88,"lú ":248,"Lí ":19,"Pob":269,"Pol":146,"Poi":14,"Pot":15,"Por":97,"Pow":27,"lún":59,"lút":57,"lúd":46,"lúc":14,"lúi":104,"Mí ":149," ال":36,"má ":30,"mát":17,"más":38,"mán":258,"mái":372,"Mái":98,"Már":312,"nÉi":14,"RC ":57,"Lún":278,"Lút":94,"Má ":17,"méi":105,"méa":226,"mí ":94,"mít":19,"míc":15,"mín":39,"mío":44,"míl":152,"Rac":22,"Rai":49,"Ram":22,"Ran":22,"Mün":20,"mó ":604,"Qué":14,"que":47,"qui":28,"móg":26,"mói":77,"mór":457,"món":35,"Qui":16,"Que":32,"Mói":32,"Mór":89,"Míc":34,"múi":17,"ra ":1834,"rb ":96,"ngn":22,"Isa":18,"ngo":25,"ngi":39,"ngl":144,"ngu":44,"ngr":50,"ncí":19,"ngt":83,"ngs":41,"ni ":60,"Iri":72,"nge":211,"ngf":22,"ngh":86,"nga":974,"ndí":14,"ndé":38,"ndó":18,"nha":48,"Isl":17,"ndá":65,"neg":14,"nei":19,"Is ":5111,"nel":42,"nen":32,"neo":447,"ner":75,"naí":1112,"net":45,"nes":120,"ndy":16,"ng ":349,"nea":1340,"ned":36,"nfh":67,"Ire":45,"ney":97,"nfa":14,"nfe":14,"nco":31,"nci":177,"nce":204,"nch":428,"nca":121,"ne ":3335,"ndu":14,"ndr":118,"nds":22,"ndo":64,"ndl":20,"ndi":217,"nde":329,"nda":522,"ncy":16,"ncu":14,"nal":159,"nam":348,"nan":389,"nao":175,"nap":14,"nar":134,"nac":2846,"nad":430,"nag":54,"nai":1426,"nc ":149,"nab":27,"nbe":25,"nbh":87,"nd ":363,"nat":73,"nas":642,"na ":12179,"iúd":104,"iúc":163,"iún":891,"iúl":283,"iúi":885,"iúr":175,"iút":14,"iú ":460,"Jac":51,"Jar":14,"Jan":31,"Jam":111,"msí":64,"ión":27,"ntú":67,"Jer":36,"nyi":30,"nté":57,"ntí":102,"Jea":24,"Fái":49,"ntó":92,"nz ":20,"ntá":73,"nsí":44,"nrú":15,"ny ":111,"nvi":15,"nró":30,"nrí":45,"nui":29,"nus":32,"nua":572,"nty":14,"nto":113,"ntu":65,"Jim":41,"ntr":159,"nti":241,"nth":35,"nta":3920,"nte":565,"nsp":24,"nso":37,"nst":156,"nse":204,"nsh":22,"nsi":157,"nsl":20,"nsk":16,"nsc":131,"nsa":161,"nnú":15,"nry":35,"nní":68,"nné":19,"nri":70,"nná":276,"nre":31,"nra":389,"nt ":782,"Féi":77,"nph":26,"ns ":220,"noc":72,"nod":15,"nol":15,"noi":128,"nom":39,"non":20,"nos":23,"nor":35,"nov":43,"Féa":15,"nne":1006,"nnf":20,"nna":2785,"nnc":59,"nnl":27,"nnm":15,"nno":36,"nni":557,"nnu":27,"nnt":268,"nns":21,"nnr":29,"nny":46,"nma":16,"nmn":111,"nmh":268,"niú":176,"nli":38,"nn ":8140,"nla":210,"nle":19,"no ":106,"ngá":45,"nm ":546,"ngó":117,"ngé":45,"Jos":64,"Jon":27,"nja":20,"ア":18,"Joh":203,"Joe":27,"Jr ":24,"Joy":18,"nig":486,"nie":54,"neá":219,"nid":36,"nic":278,"nia":209,"ndú":111,"nk ":33,"Joa":15,"niu":167,"niv":27,"nis":728,"nit":168,"nir":17,"nio":42,"nim":85,"nin":41,"nil":25,"ogr":39,"ogh":289,"ogl":14,"oga":398,"oge":56,"oi ":566,"odó":26,"ohn":167,"oha":45,"odá":193,"ohe":14,"ois":848,"oir":3309,"oit":255,"oin":1191,"oim":354,"oil":1296,"oif":183,"oig":99,"oib":236,"oic":136,"oid":224,"ok ":22,"ofá":17,"Jul":20,"ol ":417,"och":2829,"oci":28,"ock":58,"ocl":57,"ocr":39,"ocs":92,"oe ":46,"oca":254,"odg":15,"odh":743,"ode":33,"odo":22,"odr":47,"Fóm":579,"of ":150,"oda":77,"og ":142,"oft":18,"obá":17,"ofa":122,"oa ":16,"ob ":24,"oc ":64,"oan":17,"oad":17,"oba":305,"od ":80,"obr":83,"obl":440,"obh":750,"obi":26,"obe":98,"ة ":18,"Kan":19,"Kat":31,"Kar":34,"Kev":15,"Key":15,"oyd":15,"oya":32,"Ken":62,"Kel":29,"Kea":20,"otá":130,"osú":142,"owy":22,"osó":14,"ows":15,"osé":18,"LG ":24,"own":87,"oyl":19,"Kin":36,"otu":20,"ow ":44,"oth":323,"ott":66,"ots":23,"Kil":36,"otr":21,"oto":30,"ost":375,"ota":316,"otb":27,"ov ":33,"osh":28,"ose":75,"éú ":20,"osf":14,"osp":42,"oss":42,"osr":51,"osl":98,"oso":32,"osn":18,"oró":83,"oy ":46,"owa":27,"osá":17,"owe":32,"ovi":50,"oré":21,"ox ":19,"ova":45,"orá":51,"ove":70,"oug":50,"oui":57,"oul":26,"oun":65,"ous":31,"our":113,"out":79,"opo":21,"ítí":24,"ope":29,"olá":174,"oph":46,"opa":58,"opc":14,"olú":33,"os ":781,"oló":41,"opt":22,"oon":34,"ool":43,"oom":21,"ísí":16,"ook":30,"ood":67,"or ":345,"Khö":26,"oot":38,"oos":16,"oor":30,"ork":35,"orl":75,"orm":172,"orn":219,"oro":53,"orp":272,"orr":167,"orc":278,"ord":273,"oná":62,"ore":96,"orf":22,"org":242,"ori":126,"onú":23,"ou ":33,"osa":407,"osc":122,"ort":590,"ors":62,"oru":46,"onó":59,"ory":25,"omá":246,"ot ":44,"orb":118,"ora":509,"omó":111,"ola":1711,"old":55,"ítr":15,"olc":90,"on ":2106,"íth":89,"oli":70,"oll":644,"íti":59,"olf":34,"ole":55,"olg":25,"olr":30,"ols":26,"olt":377,"olm":81,"olo":58,"olu":29,"Kra":14,"íst":16,"om ":147,"ísh":22,"ísl":16,"oke":30,"ogá":20,"íte":478,"ona":897,"ond":268,"onc":148,"onf":22,"one":117,"ong":260,"oni":64,"onl":192,"onn":1898,"onm":22,"ono":40,"onr":302,"ons":354,"ont":2217,"ony":50,"oma":307,"ome":52,"omc":38,"omb":131,"omi":43,"omh":2862,"omm":49,"oml":86,"omp":156,"omn":22,"omo":20,"omr":44,"oms":14,"op ":47,"la ":2317,"ímh":16,"íne":254,"íni":119,"ínt":26,"ín ":561,"íle":271,"íli":20,"ílt":21,"le ":6126,"há ":229,"lca":35,"ít ":29,"lch":115,"lf ":34,"íní":128,"íre":446,"lde":34,"íri":75,"lda":20,"ldo":21,"íse":228,"ldi":15,"ldr":25,"íon":1757,"íol":105,"íom":1097,"íof":67,"lc ":14,"íog":60,"mBa":252,"íob":247,"lab":207,"íoc":2004,"lac":1652,"íod":679,"lad":283,"laf":29,"mBe":30,"lae":75,"lah":15,"lag":166,"lai":2053,"ír ":462,"mBl":19,"lan":820,"lam":183,"lap":14,"lao":133,"mBo":21,"mBr":58,"íos":602,"lar":224,"íor":199,"lat":121,"íot":31,"las":488,"lau":20,"mBu":18,"lav":45,"lay":20,"lba":399,"ld ":134,"lbe":35,"lbh":90,"ís ":182,"lbo":37,"gói":147,"Les":14,"Leo":49,"Len":15,"ky ":41,"Lei":85,"Ísi":55,"Lee":32,"Lea":169,"ífh":16,"ích":119,"íci":16,"Lau":16,"íce":62,"gó ":16,"íde":34,"Le ":36,"göl":26,"Lai":234,"Lat":22,"Lar":18,"Íos":108,"Lao":78,"Lan":50,"Lac":25,"íl ":179,"Lab":43,"Íoc":14,"gól":15,"gór":363,"ídí":15,"La ":40,"llí":62,"llá":36,"lph":21,"llú":34,"ls ":42,"híc":20,"lló":16,"lon":282,"lom":21,"loo":18,"lor":72,"loc":108,"log":67,"loi":139,"los":46,"lot":18,"lou":14,"low":25,"loy":15,"hí ":1705,"lmo":15,"héi":849,"lme":15,"lmh":99,"héa":1120,"lma":25,"liú":299,"ML ":17,"lth":18,"lti":78,"Lib":24,"lto":55,"Lia":109,"íd ":117,"Lif":21,"ltr":42,"Lim":18,"Lin":50,"Lio":85,"hó ":54,"Lit":21,"luc":142,"Liv":18,"Leó":14,"lub":148,"lua":385,"íbh":382,"lsi":100,"íc ":20,"lso":25,"lst":34,"lta":1256,"ltb":209,"lte":433,"lse":63,"lsc":185,"lsa":41,"híl":84,"ía ":22,"hír":114,"hís":67,"hín":94,"hío":369,"lt ":143,"lra":80,"lhe":14,"Lui":93,"Lua":43,"Lud":14,"Luc":96,"Lug":29,"lge":761,"lcá":58,"lgh":15,"li ":52,"lga":54,"lfr":17,"lfo":14,"lbá":32,"lfa":28,"ley":85,"lex":35,"lev":17,"les":180,"hás":82,"let":44,"hát":26,"laí":1250,"hár":49,"ler":93,"leo":208,"háp":15,"lem":28,"mBé":150,"len":233,"hán":441,"lek":16,"hál":49,"hái":1498,"lei":1619,"hág":33,"leg":26,"hád":25,"lec":18,"háb":67,"lea":1609,"lg ":39,"lls":203,"llt":63,"lly":96,"lo ":74,"lla":935,"llc":15,"lle":424,"lli":518,"llm":62,"llo":69,"ln ":15,"lgá":15,"lgé":23,"Lou":71,"Lov":14,"Los":30,"lm ":60,"Loi":15,"ll ":1866,"Loc":214,"Lor":30,"Lon":181,"lit":361,"lis":292,"lir":387,"lip":69,"lio":164,"lin":417,"lim":385,"liz":19,"liv":28,"liu":30,"lic":201,"lid":19,"lia":3592,"lib":16,"lk ":16,"lil":22,"lig":150,"leá":626,"lie":64,"lif":258,"ma ":472,"húc":86,"húd":16,"húi":311,"húl":55,"hún":169,"hús":42,"húr":40,"mac":612,"mai":598,"mad":253,"mae":32,"mag":35,"mar":1718,"mas":175,"mal":86,"mam":24,"man":516,"mao":49,"mat":79,"mba":240,"mbl":503,"mbi":32,"mbe":81,"mbr":65,"mbo":25,"me ":182,"nDa":34,"nDe":15,"mbu":66,"nDo":14,"mch":67,"mdh":15,"mea":458,"met":27,"maí":234,"mes":142,"mer":79,"meo":30,"men":88,"mei":43,"nGe":21,"nGa":292,"mh ":1936,"Lyn":18,"mbó":35,"nGr":52,"mbí":90,"mbé":18,"nGl":33,"lva":29,"lve":18,"lvi":21,"lui":189,"lun":17,"lum":19,"lus":40,"Mei":735,"ly ":90,"Men":20,"Mel":55,"Mer":24,"hód":18,"hóg":71,"hói":282,"Mea":58,"Med":17,"lsú":44,"hór":401,"lsí":98,"hón":68,"hót":81,"hós":139,"ltú":88,"ltí":65,"ltó":312,"lvé":32,"lyw":29,"lym":15,"lyn":33,"luí":23,"Man":130,"Mao":38,"Mal":52,"Mar":371,"Mas":30,"Mag":40,"Mad":44,"Mak":15,"Mah":18,"Mai":143,"höv":26,"Mac":269,"McG":26,"McC":34,"hú ":144,"Mau":18,"Mat":68,"mpi":170,"mph":15,"mlá":60,"mpe":309,"mpr":28,"mlí":34,"mpl":157,"mps":56,"mpt":19,"ms ":24,"Mhá":43,"moi":28,"mod":31,"mon":137,"mol":22,"mor":39,"Mhí":40,"mot":24,"mou":21,"mpa":114,"Mhó":86,"mná":23,"mre":320,"Mol":14,"Mon":181,"Moo":22,"mní":56,"Mos":37,"Mor":60,"Mou":21,"msa":14,"mse":115,"mra":22,"Mik":20,"Meá":332,"Mid":25,"Mic":162,"mth":59,"Mit":15,"ió ":67,"Mis":38,"Mil":49,"Min":33,"Mio":27,"Mhi":56,"mst":20,"Mhe":373,"Mha":337,"msh":17,"msi":78,"mpá":18,"Mhu":157,"Mho":39,"mrí":232,"my ":60,"mur":22,"mus":69,"mui":145,"mun":25,"mrá":27,"mho":79,"nIo":16,"mhp":53,"mhr":513,"mhl":221,"mhn":220,"mhs":290,"mht":62,"mhu":94,"Mun":14,"nDú":32,"Mul":17,"mhb":105,"mha":2867,"Mum":29,"Mui":108,"mhg":44,"mhi":314,"mhd":145,"Mur":63,"Mus":20,"mhc":392,"mhf":40,"mhe":469,"mi ":37,"min":375,"mio":137,"mil":143,"mir":224,"mis":103,"mit":76,"mic":290,"mia":46,"meá":129,"mie":35,"mid":17,"mhú":61,"mo ":38,"mhó":274,"mhí":205,"mhé":50,"mle":33,"mhá":463,"mla":28,"mni":119,"nOi":18,"mna":22,"mne":64,"mmy":33,"miú":91,"mmi":21,"mmo":23,"mma":33,"mme":29,"Téa":54,"Tái":16,"Tá ":2060,"Súi":16,"Sói":47,"кий":26,"Sín":135,"Sío":26,"Wor":21,"Woo":16,"Wol":21,"Séa":149,"Whi":17,"Wik":16,"Wil":138,"Win":32,"TÉ ":39,"Sé ":26,"Sái":26,"Wes":45,"Rúi":254,"Was":16,"War":22,"Wal":73,"Róm":117,"Rói":56,"éi ":35,"vír":30,"éig":552,"éif":26,"éid":461,"éic":46,"éib":77,"éin":788,"éim":366,"éil":829,"éiv":16,"éit":178,"éir":1174,"éis":462,"éip":14,"ée ":15,"Vol":22,"Rí ":158,"Río":178,"ébe":15,"éal":1141,"éam":173,"éan":937,"éar":2079,"éas":293,"éad":1071,"éag":793,"éac":146,"éab":116,"Ré ":18,"Réi":59,"Réa":133,"zi ":14,"vái":19,"zer":17,"ze ":17,"zab":15,"zar":14,"zon":14,"Áth":545,"ال":39,"véa":37,"véi":51,"Ára":86,"之":46,"Áit":16,"Áis":79,"Áir":27,"yst":15,"三":49,"丁":24,"uío":293,"ys ":50,"yon":20,"uí ":65,"za ":23,"Uíb":33,"ywo":25,"ye ":18,"yce":17,"ydd":20,"uái":30,"yes":20,"yer":38,"uán":14,"ya ":45,"tún":49,"túr":132,"tús":176,"túi":132,"You":19,"yd ":20,"Uí ":79,"yan":35,"yal":16,"yn ":41,"yle":30,"uéb":14,"ymo":15,"yne":26,"на ":23,"yin":31,"Tóg":25,"tín":149,"tío":154,"tíl":50,"tír":606,"téi":199,"téa":299,"tí ":809,"ن ":19,"Tír":114,"tú ":120,"tói":556,"tóg":93,"tón":40,"tór":36,"tán":115,"tár":64,"tát":339,"tád":22,"táb":174,"tál":25,"tái":738,"Stá":384,"té ":28,"Srá":139,"Sut":21,"Sur":14,"Sum":35,"Sul":19,"Sun":21,"Sui":19,"Sua":83,"Str":47,"Stu":20,"Sti":47,"Sto":43,"Sta":139,"Ste":88,"Spá":239,"sún":98,"súl":153,"súi":176,"súr":33,"Tea":279,"Pád":61,"Ten":26,"Páp":16,"Teo":19,"Tei":25,"Pái":139,"Tel":19,"ão ":15,"Tao":30,"Tam":21,"Tan":19,"Tar":51,"sú ":27,"Tai":37,"Tal":28,"Tag":65,"tá ":2371,"xas":26,"xan":25,"ww ":43,"Shi":41,"Shl":44,"She":97,"Shr":17,"Sho":28,"Sha":212,"Sim":55,"Sil":27,"Sir":43,"Sio":65,"Sin":55,"Seá":101,"Sib":15,"Sic":20,"Sia":23,"wys":21,"wyn":15,"Ser":18,"Sev":15,"Scé":14,"Sgi":14,"www":43,"sór":14,"TG ":26,"sói":127,"Scr":150,"Seo":77,"оно":15,"Sei":86,"Sea":356,"Sra":58,"séa":65,"séi":59,"Sru":15,"TV ":15,"Spi":26,"Spe":25,"sé ":1940,"Spr":18,"Spo":16,"Slé":27,"Sló":23,"Oíc":14,"wn ":71,"St ":18,"síc":29,"ws ":28,"sít":28,"sío":289,"sín":66,"Soc":18,"séú":20,"Sou":43,"Sol":26,"Som":19,"Son":17,"Sor":26,"Sla":28,"sí ":546,"Shó":16,"wor":22,"woo":34,"Shé":39,"Sli":87,"Smi":23,"sás":15,"wer":23,"sár":23,"sán":45,"wen":17,"sál":14,"wel":39,"sái":497,"Rya":15,"sác":17,"Éad":37,"Rus":14,"Rug":352,"wic":33,"Rua":57,"win":29,"Sag":39,"Sai":92,"Sam":333,"Sal":39,"TD ":24,"Sac":45,"Sab":15,"Sco":64,"Sci":16,"Sch":44,"Sca":96,"Sat":14,"Sar":19,"Sas":352,"San":139,"Sao":103,"rú ":278,"rúi":83,"rún":65,"rús":14,"rúp":255,"Éid":18,"Éig":34,"Éis":16,"Éir":2239,"wa ":20,"rúc":52,"rúd":20,"wan":20,"wal":16,"ови":23,"way":37,"war":66,"Sa ":139,"wai":21,"rís":49,"rít":177,"rír":17,"río":1887,"rín":63,"ríd":89,"ríc":21,"ríb":349,"ном":14,"нов":15,"vsg":26,"Rio":16,"Riv":17,"Rit":19,"ró ":41,"Ris":24,"Rin":78,"Ria":85,"Ric":56,"ríú":71,"Rat":26,"Ray":17,"rót":49,"rós":27,"róc":18,"ród":40,"róg":49,"ról":47,"rói":314,"róp":18,"róm":19,"rón":46,"Red":20,"Rei":34,"Nái":100,"Reg":14,"Ren":19,"Rep":16,"Rea":41,"via":20,"vil":33,"vin":52,"vic":53,"vid":56,"vie":19,"Roi":64,"Rog":14,"Roa":15,"Rob":88,"Roc":23,"Rod":16,"Ní ":122,"vit":24,"vis":41,"Roy":25,"Ros":122,"Ron":28,"ré ":111,"Níl":43,"réa":1091,"réi":1345,"rí ":1171,"vol":16,"von":30,"Néi":23,"ver":165,"ves":15,"rás":53,"rát":69,"vei":42,"rái":750,"rán":608,"ven":46,"rám":112,"vel":29,"rál":140,"rád":32,"rác":51,"ve ":67,"rá ":172,"val":28,"van":117,"var":26,"vac":33,"vad":16,"vai":30,"ски":27,"va ":51,"Van":14,"Val":47,"Vic":66,"Vir":27,"Vil":15,"Vin":17,"Ver":42,"Rát":50,"ux ":34,"uve":14,"usk":14,"ush":22,"use":38,"usc":28,"usa":33,"unú":106,"ust":89,"uss":40,"usp":33,"uth":369,"uti":18,"uta":20,"Uil":36,"utt":29,"us ":7938,"Ung":31,"Uni":93,"ut ":27,"urb":96,"ura":189,"urc":62,"ure":45,"urg":90,"uri":53,"url":38,"urn":75,"uro":30,"urp":15,"urr":39,"urt":87,"ury":23,"Ula":97,"ur ":612,"umh":128,"umm":17,"uma":512,"umb":45,"ume":17,"unt":128,"uns":24,"unr":31,"uni":30,"unn":30,"unc":40,"und":110,"una":569,"ung":63,"up ":17,"um ":194,"ulu":22,"ult":111,"ulo":15,"ull":75,"uli":38,"ulg":25,"ule":17,"ulf":16,"ula":104,"un ":599,"uid":1064,"uig":163,"uil":876,"uim":340,"uin":941,"uip":23,"uir":1098,"uis":276,"uic":175,"uib":54,"uit":1252,"ul ":152,"ugh":92,"ugb":50,"uge":17,"ugl":17,"uga":1558,"ugu":24,"ugt":630,"uha":14,"Pól":20,"uda":51,"udd":19,"ude":22,"udi":21,"Trá":40,"ubs":20,"Trí":30,"uca":20,"ue ":74,"uci":14,"uch":302,"uck":27,"uer":27,"uff":30,"udo":19,"ug ":71,"uee":24,"uen":19,"uel":34,"ub ":137,"ua ":465,"uat":139,"uas":240,"uar":105,"uam":28,"ual":155,"uan":118,"ubl":49,"ubh":89,"uba":46,"ubb":14,"Ua ":15,"ud ":277,"uai":2599,"uag":16,"uad":53,"uac":355,"uc ":20,"Uac":82,"Uai":24,"tuá":17,"ty ":159,"trú":23,"tró":28,"tré":177,"trí":558,"trá":247,"tur":96,"tus":32,"tut":21,"tui":74,"tua":318,"tug":303,"tz ":31,"pós":16,"two":15,"pór":40,"VI ":18,"tsí":19,"pói":180,"Tex":30,"Pár":28,"Ter":20,"ts ":73,"pío":31,"pín":27,"tre":362,"tt ":71,"tra":441,"tri":301,"tru":91,"tro":254,"tu ":58,"tsa":41,"tse":67,"tsc":23,"tsi":118,"Tha":57,"tsr":40,"The":480,"tso":36,"Thi":133,"tsu":19,"Tho":176,"Thr":22,"tta":38,"Thu":219,"tte":89,"tth":14,"tti":29,"ttl":27,"tto":23,"Tia":32,"ttp":53,"tts":17,"Tio":42,"Tim":32,"Tit":14,"péa":48,"tma":53,"thú":153,"to ":131,"péi":112,"tne":54,"tiú":375,"tp ":53,"tna":46,"toc":35,"Thá":100,"toi":111,"tog":48,"tob":29,"Thí":47,"tos":71,"tow":49,"tom":35,"ton":323,"tok":16,"tol":18,"tor":167,"top":31,"Péi":18,"til":72,"tie":23,"teá":53,"tig":135,"tir":335,"tit":122,"tis":104,"tin":198,"tim":310,"tio":296,"thy":18,"thu":979,"tia":170,"tic":139,"Tor":40,"Tol":19,"Tom":78,"Ton":21,"Tos":30,"tiu":19,"tiv":17,"Tog":21,"Toi":20,"tli":127,"thé":99,"thí":114,"thó":153,"tla":91,"thá":326,"tle":130,"tem":15,"ten":53,"pán":35,"teo":1066,"tep":28,"tei":324,"pái":517,"tel":48,"tee":15,"tea":2655,"Tro":44,"ted":69,"Tri":35,"Tre":38,"Tra":56,"th ":2421,"tev":28,"tes":48,"pás":47,"ter":367,"taí":552,"ti ":132,"thn":307,"tho":317,"thl":87,"thm":25,"thr":797,"ths":70,"Tur":38,"thf":27,"thg":15,"thd":15,"the":3504,"thi":663,"Tui":81,"Tul":23,"thc":164,"thb":46,"tha":4634,"Tua":184,"Tug":194,"вич":31,"àid":20,"́н":22,"́ч":14,"áth":595,"bis":88,"bit":81,"ást":38,"bir":14,"bil":25,"bin":47,"áta":69,"bhú":16,"bhó":78,"bhé":79,"bhí":1218,"árú":23,"bhá":244,"ble":36,"bli":926,"bla":511,"boc":23,"bol":50,"boi":15,"bog":74,"blí":56,"bpo":38,"bpr":43,"bló":16,"bpa":22,"bpl":21,"bon":33,"bor":45,"bou":52,"bbe":22,"ált":86,"cCa":16,"be ":60,"áma":128,"ámh":113,"bam":96,"ban":414,"bal":290,"bai":1183,"bac":109,"bad":23,"án ":2509,"ála":655,"bas":43,"bar":115,"ánr":41,"áns":33,"ánt":45,"ánm":44,"ánn":32,"bea":484,"ánd":17,"ánc":23,"ána":1388,"ás ":419,"bei":63,"ár ":430,"bec":19,"ber":213,"baí":52,"beo":79,"bel":41,"bet":26,"ápa":41,"bh ":1159,"bhf":1122,"ása":96,"bhi":557,"bhl":1983,"bho":90,"bhn":402,"bhs":39,"bhr":844,"bhu":498,"árt":347,"bht":84,"árs":39,"bia":125,"ásc":33,"át ":311,"bhF":112,"árn":34,"ári":39,"bha":2405,"bhe":575,"ára":142,"bhc":24,"áda":66,"ách":270,"ág ":24,"ádr":77,"áfa":23,"ága":18,"ágt":374,"ca ":266,"áig":19,"áid":933,"áib":37,"áic":28,"ádú":57,"car":214,"cas":83,"cat":333,"can":421,"cao":97,"cap":21,"ál ":251,"cac":181,"áip":28,"cab":30,"áis":885,"cae":15,"áir":1722,"cad":202,"áit":897,"cam":73,"cal":252,"áim":58,"cag":16,"áil":1302,"cai":992,"áin":2550,"ce ":736,"cbh":16,"bri":171,"bro":48,"bra":206,"bre":499,"bru":63,"bst":23,"bpá":25,"bua":84,"bur":99,"bun":439,"bui":16,"bus":26,"brá":19,"brí":91,"bró":17,"by ":34,"brú":28,"ád ":33,"ábl":63,"ábh":315,"buí":16,"aka":23,"am ":799,"ake":39,"agá":70,"ajo":14,"afó":14,"al ":1358,"ail":3174,"aim":543,"ain":7349,"aip":101,"air":5994,"ais":2778,"ait":3108,"aiv":22,"adú":40,"ak ":15,"adó":396,"aig":2716,"aif":67,"aid":1852,"aic":689,"aib":509,"aho":27,"acó":14,"ahe":17,"adá":61,"aha":38,"agl":179,"agm":19,"agh":478,"agr":310,"ags":144,"agt":22,"agu":7542,"agn":79,"ago":48,"aoi":1842,"aof":47,"aog":45,"aol":452,"aom":117,"bPa":18,"aod":21,"bPe":17,"aob":407,"aoc":48,"anu":67,"anz":22,"any":20,"ano":191,"ann":7828,"anm":43,"ant":1573,"ans":231,"anr":74,"ane":93,"anf":24,"ang":1024,"anh":18,"ani":113,"ank":64,"anl":23,"ap ":67,"ana":2087,"anb":49,"anc":353,"and":712,"amu":114,"amm":39,"amo":44,"amp":203,"ams":48,"amh":2467,"ami":50,"ame":171,"amb":62,"ama":964,"alv":19,"alu":30,"alt":1341,"als":101,"alr":23,"alo":60,"alm":34,"all":1574,"alk":22,"alg":42,"ali":175,"alc":59,"ald":89,"ale":108,"ala":1139,"alb":131,"an ":16537,"agó":420,"ako":19,"aba":124,"abe":33,"abh":1558,"abi":26,"abl":14,"abo":23,"abr":55,"ae ":1425,"aca":623,"ad ":2107,"ac ":653,"ab ":562,"afo":26,"ai ":46,"aga":645,"agc":16,"age":73,"acá":56,"aen":85,"aem":24,"ael":663,"aes":47,"aer":113,"aed":15,"aei":796,"ah ":42,"afa":69,"aet":39,"ado":66,"adr":74,"adl":17,"adh":3910,"adi":55,"add":28,"adc":24,"adf":52,"ade":47,"ag ":2140,"ady":15,"ads":15,"adt":14,"adu":21,"aco":19,"acn":59,"acl":31,"ack":100,"aci":53,"ach":13609,"ace":48,"ada":1067,"adb":26,"af ":23,"act":78,"acu":209,"acr":43,"acs":125,"azi":25,"avá":25,"aza":20,"asó":66,"asú":74,"atá":1959,"ayn":15,"ató":45,"aya":22,"aye":50,"ba ":436,"amó":47,"at ":114,"arg":165,"arf":40,"aná":386,"are":86,"ard":1063,"arc":302,"arb":337,"ara":1215,"arp":24,"aro":41,"arn":274,"arm":678,"arl":1377,"ark":117,"anç":14,"ari":179,"aru":23,"arv":15,"anó":82,"arx":20,"arr":979,"ars":293,"art":2216,"au ":32,"anú":140,"asa":1535,"ary":92,"asg":16,"asi":30,"ash":50,"asc":579,"ase":61,"bPá":43,"asd":17,"aso":16,"asn":49,"asp":71,"ask":20,"asm":52,"asl":40,"aon":895,"bPo":90,"aot":134,"aor":130,"bPr":17,"aos":25,"ar ":12570,"apa":112,"ape":18,"alá":30,"api":16,"aph":25,"apo":27,"app":15,"apt":53,"aló":74,"as ":3979,"alú":82,"amá":22,"ava":69,"ax ":19,"arí":40,"avi":97,"ará":352,"ave":39,"asá":71,"arú":93,"ay ":128,"awa":22,"aró":146,"ata":651,"aoú":35,"ast":501,"ass":83,"asr":26,"atm":35,"atn":41,"atl":30,"atr":129,"ato":56,"apá":67,"ate":101,"ati":172,"ath":2853,"aw ":16,"att":85,"ats":25,"atu":25,"apó":24,"aul":83,"aur":29,"aus":26,"aud":27,"aug":19,"ον":16,"ος":28,"ος ":28,"ον ":15,"BC ":31,"AC ":14,"Úrs":30,"AD ":23,"ς ":68,"AM ":43,"Úsá":39,"ν ":30,"ÁC ":14,"α ":44,"三 ":16,"アア":15,"ий ":34,"之 ":27,"ич ":33,"το":15,"ρα":19},"n_words":[1346129,1623635,1308708],"name":"ga","type":"latin"}