{"freq":{"Aþe":44,"D":2516,"E":3951,"F":4399,"G":3894,"A":5835,"B":5986,"C":2240,"L":4227,"M":5323,"N":3677,"O":1245,"H":8629,"I":1566,"J":2209,"K":4574,"U":1075,"T":3307,"W":992,"V":3210,"Q":137,"P":2862,"S":11572,"R":3778,"Y":369,"X":126,"Z":178,"f":81003,"g":100010,"d":53734,"e":187693,"b":27005,"c":5204,"a":263792,"n":216937,"o":68668,"l":133209,"m":99769,"j":33645,"Fel":69,"k":84595,"h":42906,"Fen":29,"i":195706,"w":1317,"v":51876,"u":132172,"Fer":95,"Bár":54,"t":142015,"s":170723,"r":261058,"q":297,"p":24810,"z":1088,"y":26307,"x":2164,"Óði":53,"²":107,"Í":3558,"É":51,"Æ":142,"Á":1654,"Ý":39,"Þ":3879,"Ú":294,"Ö":390,"Ó":667,"Fil":53,"í":48796,"Fin":139,"Fim":41,"Fir":29,"é":6992,"è":36,"æ":24190,"å":50,"ä":93,"á":41692,"à":32,"þ":19539,"ü":180,"ý":7865,"ú":17028,"Fja":106,"ø":114,"ö":23897,"Fis":39,"ó":30363,"ð":97792,"Eyj":294,"Eys":84,"Eyr":71,"ā":102,"Eyv":33,"ī":50,"ō":51,"š":31,"ū":35,"Fan":34,"Fal":50,"Far":50,"Að ":48,"Erl":41,"Elí":30,"Aða":120,"Eur":33,"ˈ":29,"Evr":590,"Ein":322,"Eir":81,"FL ":35,"́":73,"Eld":72,"Ekk":41,"μ":51,"End":39,"ν":134,"ο":164,"Eng":344,"ι":127,"κ":62,"λ":87,"δ":52,"ε":87,"η":55,"α":162,"ά":44,"ί":34,"Π":31,"Ell":80,"Er ":52,"ω":34,"ό":43,"Ens":32,"σ":73,"ς":149,"ρ":115,"π":60,"υ":43,"τ":83," l":13188,"ь":55," m":17205," n":9875,"я":55," o":24158," h":25667," i":1873," j":2491," k":10596,"ы":69," d":4603,"х":30," e":51762," f":25096," g":9131,"ч":38,"р":151,"с":242," a":22647," b":11739,"т":158," c":312,"у":71," y":1803," x":58," z":29," u":8441," t":16530," w":71," v":22667," p":2352," s":52785," r":7093,"К":36,"Önn":32,"М":32," J":2203," K":4567," H":8585," I":1555," N":3667," O":1188," L":4213,"Gei":146," M":5293," B":5951," C":2201,"Р":33,"С":41," A":5808," F":4383," G":3869," D":2495," E":3934,"л":143,"к":145," Z":177," Y":365,"й":61,"и":226," X":119,"п":31,"о":257,"н":183,"м":63,"г":31," S":11508,"Ges":41," R":3756,"в":111,"Ger":69,"б":78," Q":135," P":2823,"а":337,"Geo":100,"з":43," W":981,"Gen":80," V":3197,"е":181," U":1070,"д":70," T":3273," æ":1194," á":19136," í":21823," é":48," ö":1771," ó":1123," ý":438," þ":16844," ú":4082,"Gla":37," Á":1653," Æ":142," É":49," Í":3550,"Gil":84," Ó":667," Ö":387," Ú":293," Þ":3878," Ý":38,"Búr":44,"ה":29,"ו":29,"Ölf":40,"י":40,"Gal":86,"Gam":94,"Gat":36,"Gau":70,"Gar":113,"Gag":40,"Fræ":55,"Frá":36,"و":81,"ي":130,"ل":172,"م":100,"ن":92,"Ful":38,"د":85,"ح":41,"ت":33,"ب":97,"ا":239,"ع":51,"ش":31,"س":65,"ر":96,"Fru":56,"Fro":37,"Fyr":272,"Fyl":44,"Frí":39,"Bók":91,"Flu":50,"Flo":84,"Flj":91,"Fla":98,"Fle":86,"Bær":105,"Bæj":56,"Fra":556," К":36,"Fri":161," М":32,"Fre":118,"A ":369,"Fló":77,"Fos":51,"For":261,"Fjö":95," Π":31,"Fjó":52,"F ":112,"Da":796,"Cu":62,"Cl":179,"Dæm":64,"Co":498,"Cr":129,"Ce":91,"Ch":432,"Ci":87,"G ":277,"Ed":148,"Ea":44,"Du":121,"Dy":59,"Do":199,"Dr":201,"De":344,"Dj":72,"Di":273,"Aþ":47,"Bá":77,"Fe":260,"H ":152,"Fa":299,"Ey":536,"Hlu":52,"Eu":56,"Ev":632,"Ex":43,"Er":232,"Et":30,"Að":243,"Es":92,"En":512,"Em":79,"Ei":511,"El":310,"Ek":54,"Ef":192,"Hlj":179,"Eg":213,"Ge":554,"Ga":560,"Bú":144,"Hjá":32,"I ":270,"Bö":36,"Fy":316,"Bó":133,"Fu":127,"Fr":1134,"Bí":44,"Fo":403,"Fl":550,"Fj":284,"Bæ":200,"Fi":347,"B ":133," о":38," Р":33," С":41,"II ":73,"C ":290,"Av":40,"Au":691,"Ar":661,"At":288,"As":369,"D ":98,"Ba":1277,"Af":349,"Ag":60,"Aa":38,"Ab":97,"Ac":57,"Ad":101,"Am":376,"An":599,"Ap":140,"Ai":48,"Ak":259,"Al":997,"By":66,"Hit":42,"His":29,"Bu":149,"Br":1094,"Ca":498,"E ":99,"Hja":125,"Bi":297,"Be":746,"Hil":53,"Bo":829,"Bl":365,"Hin":97,"Bj":353,"Hip":31,"Kv":148,"Ku":90,"Gö":52,"Ky":159,"Kn":101,"Kl":180,"Kr":557,"Gí":124,"Ko":534,"Há":323,"Le":589,"Lj":88,"Hæ":71,"Li":540,"N ":121,"La":1290,"Lu":200,"Hó":220,"Ly":57,"Hö":355,"Hé":115,"Lo":531,"Hí":33,"Me":774,"Mi":929,"Mj":65,"O ":134,"Hú":1094,"Ma":1619,"Mc":44,"My":193,"Mu":181,"Ið":49,"Mo":567,"Nj":57,"Ni":233,"Já":37,"Ne":516,"Na":464,"P ":275,"Jö":155,"Hel":374,"Jó":681,"Hei":302,"Nu":48,"No":1524,"Hea":36,"Ok":35,"Ol":56,"On":43,"Oh":30,"Od":80,"Ká":86,"Hen":69,"Of":128,"Jú":86,"Hes":54,"Her":215,"Gi":186,"Gj":38,"Gn":42,"Gl":211,"Gr":968,"Go":225,"Gu":618,"Gv":43,"Gy":51,"J ":42,"Ha":2194,"He":1196,"Hi":344,"Dæ":71,"Hj":179,"Hl":321,"Hn":67,"Ho":620,"Hr":479,"Hu":359,"Hv":448,"Dó":65,"Dö":29,"K ":93,"Dý":44,"Ic":56,"Im":36,"In":761,"Il":85,"Is":113,"Eð":29,"Ja":517,"L ":154,"Fá":50,"Je":231,"Jo":341,"Fí":29,"Fæ":128,"Fé":158,"Fó":50,"Hag":49,"Haf":163,"Ju":93,"Hal":249,"Ka":1200,"Fö":37,"Han":1145,"M ":133,"Ham":103,"Har":211,"Kj":148,"Ki":277,"Hau":84,"Ke":369,"Ut":32,"Ur":47,"Up":198,"Um":210,"Un":333,"Ul":39,"W ":56,"Ty":102,"Guð":291,"Pó":142,"Tv":79,"Tu":195,"Pí":33,"Tr":409,"Pé":116,"To":307,"Th":490,"Ti":314,"Tj":67,"Pá":120,"Te":275,"Ta":376,"V ":127,"Sy":96,"St":1866,"Sv":974,"Su":942,"Sí":179,"Wo":95,"Wi":310,"Sæ":90,"Wh":42,"Sé":40,"Wa":265,"Rú":290,"We":159,"Sá":78,"Ró":242,"Rö":41,"Vo":162,"Rí":181,"Úlf":48,"Vi":653,"Ré":30,"X ":104,"Úkr":30,"Va":711,"Rá":45,"Ve":1144,"Má":196,"Lý":96,"Grá":30,"Græ":154,"Mæ":40,"Gun":117,"Ló":43,"Pu":82,"Pr":335,"Lí":171,"Lú":62,"S ":238,"Lö":102,"Lá":110,"Pe":379,"Gua":30,"Pa":545,"Pl":227,"Po":355,"Pi":180,"Ph":126,"Gul":70,"Læ":49,"Os":65,"Ot":31," ا":112,"Op":55,"Kí":164,"Or":413,"R ":119,"Kú":67,"Kó":214,"Ox":46,"Kö":70,"Se":576,"Sc":214,"Sj":305,"Si":722,"Sh":148,"Sn":277,"Sm":127,"Sl":218,"Sk":1512,"Sp":372,"So":351,"Ru":106,"Nó":36,"U ":71,"Sa":1406,"Ný":191,"Nú":101,"Mý":140,"Re":1401,"Ná":93,"Ri":256,"Rh":36,"Næ":38,"Ro":345,"Ní":89,"Mí":43,"Qu":74,"Grí":106,"Mó":77,"Mö":80,"T ":79,"Mú":128,"Gró":29,"Mü":48,"Ra":615,"Gre":171,"Gri":130,"Gra":178,"b ":287,"Gru":62,"Gro":42,"a ":54859,"Gnú":34,"Tú":51,"Tö":63,"Yf":66,"Ya":33,"Yo":164,"Gle":35,"Sú":126,"Sö":178,"Só":163,"Glo":38,"Tá":38,"Sý":65,"Té":39,"Tæ":41,"Tó":200,"Tí":127,"Vö":72,"Gol":33,"Got":52,"Za":29,"Ze":49,"Vé":39,"Ví":264,"bö":256,"i ":42436,"fv":268,"bó":1425,"fy":4976,"gd":575,"ge":6266,"gf":407,"bú":1553,"ga":14643,"gb":298,"bý":357,"fk":117,"Ing":198,"fj":4059,"bæ":1840,"fm":226,"fl":4455,"fg":129,"ff":584,"fi":7839,"fh":173,"fs":2374,"fr":11940,"Inn":76,"fu":5606,"ft":4797,"Int":121,"fo":2567,"fn":8061,"Ins":29,"bí":505,"j ":69,"gy":295,"hf":59,"he":10053,"dá":141,"hb":32,"ha":7740,"gn":2900,"gm":495,"gl":2693,"gk":130,"gj":2483,"gi":7861,"gh":415,"gg":3399,"gv":803,"gu":10964,"gt":1944,"gs":3263,"gr":4868,"go":889,"dt":82,"du":6343,"dv":327,"dw":47,"dy":153,"g ":30278,"ea":698,"eb":435,"ec":343,"ed":647,"de":2371,"dd":1771,"dg":199,"df":200,"di":10756,"dh":181,"dk":373,"dj":161,"dm":128,"dl":570,"do":802,"dn":635,"ds":4031,"Ill":42,"dr":2023,"aó":39,"ew":295,"ex":734,"eu":292,"ev":474,"ey":6435,"aö":53,"ez":75,"fa":5499,"h ":796,"aú":77,"Ind":243,"fd":62,"bá":511,"fe":3046,"fb":250,"aþ":342,"eh":101,"eg":10758,"ef":8971,"ee":293,"aá":119,"el":7041,"ek":4309,"aæ":251,"ej":35,"ei":27077,"ep":1965,"eo":285,"en":19500,"em":17579,"et":5721,"að":23009,"es":9022,"er":48228,"eq":33,"aí":380,"ca":618,"e ":4753,"by":1518,"bs":81,"br":3631,"bu":941,"bn":48,"bo":3424,"bj":538,"bl":1526,"bi":1485,"bb":255,"be":3254,"db":244,"da":11080,"f ":7700,"cy":44,"cu":238,"ct":305,"cs":53,"cr":172,"co":503,"cm":37,"ck":446,"cl":64,"ci":425,"ch":1138,"ce":634,"cc":89,"c ":322,"az":129,"ay":341,"ba":3436,"d ":7343,"at":7217,"as":9693,"ar":51349,"aq":51,"ax":603,"aw":133,"av":2668,"au":7198,"ak":4372,"al":17385,"ai":546,"aj":229,"ao":105,"ap":1426,"am":11839,"an":36124,"ac":749,"ad":1746,"aa":265,"ab":2521,"ag":8003,"ah":1785,"ae":748,"af":17312,"nu":14078,"nt":3812,"ns":14817,"nr":473,"np":59,"no":4303,"nn":28163,"q ":62,"jö":4211,"nz":284,"ny":302,"nw":40,"jó":9027,"nv":1399,"oe":103,"ká":825,"of":4047,"oc":382,"od":513,"oa":97,"ob":315,"jú":991,"om":2016,"on":7027,"ok":2788,"ol":2476,"oi":174,"oj":70,"kæ":150,"og":21658,"oh":219,"ot":3409,"m²":103,"os":2326,"ov":311,"ou":631,"op":1077,"oo":305,"or":15125,"kí":733,"kú":380,"r ":98244,"ox":157,"ow":306,"kó":2090,"oz":31,"kö":623,"oy":162,"lá":981,"pe":1831,"pf":85,"pg":70,"pa":2152,"pb":43,"ký":317,"pl":1650,"lé":431,"pm":157,"pn":706,"po":550,"ph":775,"pi":1889,"pj":95,"læ":985,"pk":33,"lo":2737,"ln":490,"hé":660,"lm":1436,"ll":11846,"ls":4614,"lr":408,"hí":33,"lp":267,"hó":925,"lv":1365,"lu":9341,"lt":2655,"hö":2143,"lz":40,"ly":1089,"hú":1293,"o ":2043,"md":435,"ma":10956,"hý":74,"mb":2218,"mg":109,"mh":618,"me":10367,"iá":30,"mf":545,"mk":703,"ml":1350,"mi":7819,"mj":551,"mn":514,"mm":1678,"mp":1250,"mo":647,"mr":361,"mt":1727,"ið":22433,"ms":4462,"mv":384,"mu":3055,"my":2358,"p ":1704,"na":24623,"nb":713,"iþ":48,"nc":512,"nd":28901,"ne":5566,"já":2743,"nf":978,"ng":20121,"nh":697,"ni":18092,"nj":745,"nk":1747,"nl":1765,"nm":750,"fó":868,"fð":1006,"ju":3468,"fí":157,"jo":90,"fé":1623,"fæ":1715,"Dýr":35,"gæ":257,"kj":4569,"ki":11936,"kh":360,"kg":80,"kf":253,"ke":4269,"gá":474,"kd":187,"fþ":53,"kb":82,"ka":13629,"fú":58,"m ":40783,"fö":400,"gó":341,"Ice":47,"ky":1074,"gö":726,"ks":1875,"kt":2936,"gð":1600,"ku":9598,"kv":2762,"ko":4051,"gí":357,"kr":3178,"kk":5618,"kl":2343,"km":1291,"kn":2921,"li":12184,"lh":740,"lk":1973,"hæ":1097,"lj":3578,"há":1640,"le":15573,"ld":8186,"lg":1902,"lf":2514,"la":24339,"lc":60,"gþ":48,"lb":662,"gú":251,"n ":36944,"hr":2163,"hs":37,"dí":356,"hv":2491,"dó":1251,"hw":52,"ht":210,"hu":1451,"dæ":682,"hj":645,"hi":2023,"hn":524,"ho":1432,"hl":4630,"hm":61,"id":1046,"ic":1301,"ib":562,"dý":970,"ia":1044,"ih":1334,"ig":5591,"if":2163,"ie":864,"dö":206,"hy":512,"dú":164,"k ":6366,"iq":49,"ir":20666,"is":11681,"eð":11441,"it":9396,"iu":360,"iv":434,"eó":56,"ix":96,"ii":120,"ij":65,"ik":5708,"il":15253,"im":4416,"in":45324,"io":856,"ip":2056,"je":151,"fá":352,"ji":208,"iz":110,"iy":35,"l ":12639,"ja":12542,"tæ":3059,"xi":212,"xn":82,"xl":137,"té":125,"xp":31,"tí":3010,"tó":2681,"xt":373,"xu":39,"sö":1819,"só":1189,"ww":36,"sú":642,"z ":258,"sþ":235,"sý":1460,"xa":252,"xf":48,"xe":64,"tá":725,"wi":159,"sæ":968,"sé":1567,"wn":54,"wo":89,"sí":2536,"ws":87,"ró":3050,"rö":1573,"y ":1711,"rú":1794,"rý":331,"wa":277,"rþ":186,"sá":1042,"we":162,"ré":1220,"ræ":6045,"vi":9174,"rð":12661,"vu":610,"vr":778,"rí":6044,"vn":41,"vo":2712,"uz":51,"uy":35,"ux":78,"uv":609,"uu":36,"rá":5069,"ve":15820,"va":13225,"x ":601,"ui":242,"uj":51,"uk":1254,"ul":3466,"ue":357,"uf":941,"ug":3646,"uh":528,"ur":34056,"us":5972,"ut":4027,"um":24785,"un":17263,"uo":98,"up":2929,"ty":774,"tz":87,"pö":182,"tu":13668,"tt":12048,"tw":67,"pó":246,"tv":2024,"ub":622,"pý":31,"ua":273,"ud":463,"uc":259,"w ":311,"pú":114,"to":3449,"tn":2675,"Hví":124,"tm":438,"tl":2066,"ts":2200,"tr":5330,"pí":449,"tp":67,"tg":495,"tf":506,"te":7118,"pá":304,"td":76,"tk":513,"pæ":160,"tj":2442,"ti":20846,"th":1669,"v ":113,"tb":686,"tc":63,"ta":23969,"su":3147,"sv":4635,"ss":7478,"st":37992,"oð":819,"sy":891,"sl":8316,"sk":20851,"sn":2092,"sm":2339,"sp":2463,"so":2878,"sr":592,"sd":792,"nþ":148,"sc":305,"sf":1106,"se":20267,"sh":1736,"sg":382,"sj":2608,"si":7701,"rz":66,"nö":212,"u ":23701,"nú":1706,"sa":9556,"ný":623,"sb":788,"rr":3768,"rs":10257,"rt":4340,"ru":11212,"rv":1275,"rw":51,"nó":446,"ry":982,"ní":1001,"rp":1277,"ro":2458,"rn":7451,"rm":2415,"né":65,"rl":3496,"rk":5904,"rj":1626,"næ":1092,"ri":23025,"rh":1825,"rg":5415,"rf":4667,"re":10640,"ná":1602,"rd":1531,"rc":245,"mþ":95,"rb":1584,"mý":131,"ra":19142,"t ":24652,"mú":288,"mö":974,"mó":746,"qu":172,"mí":442,"mæ":806,"Dóm":48,"má":3190,"Hrú":49,"lý":968,"lþ":583,"s ":20225,"lú":270,"Hró":53,"py":298,"lö":2699,"pt":1531,"pu":2231,"pv":50,"ló":1489,"pp":4302,"lí":4068,"pr":1694,"ps":1356,"Hun":69,"Hum":33,"Hve":94,"Hva":208,"Hug":182,"yð":586,"xá":78,"Hri":58,"Hre":99,"Hra":144,"xí":115,"Hlí":31,"vö":1344,"zz":45,"Hor":96,"zi":76,"uþ":108,"ze":74,"za":123,"Hon":37,"Hol":265,"zu":44,"zo":77,"ví":5140,"How":29,"zk":225,"væ":2362,"vé":379,"yg":1822,"ye":103,"uá":36,"yf":2085,"yc":47,"tþ":77,"yd":149,"ya":182,"yb":37,"tý":358,"tú":766,"tö":3200,"yv":43,"yt":1440,"uð":6077,"ys":971,"Hof":73,"yr":6845,"yp":342,"yo":75,"yn":4442,"ym":390,"yl":1475,"yk":1688,"yj":1636,"uæ":73,"yi":92,"Arg":37,"Are":29,"Ara":128,"Arn":175,"Ari":100,"Alþ":272,"App":83,"Atl":210,"Ast":30,"Ass":31,"Art":46,"Aus":516,"Auk":30,"Aug":34,"Así":208,"Auð":65,"Óly":64,"Óma":39,"Óla":271,"Bak":55,"Bal":91,"Ban":640,"Bar":205,"Bas":64,"Ósk":37,"Afr":254,"Afg":30,"Air":29,"Akr":70,"Aku":116,"Ala":63,"Alb":62,"Alg":63,"Ale":88,"Alf":93,"Alm":57,"All":93,"Ame":231,"Ama":30,"Ang":85,"Ani":38,"Ana":32,"And":211,"Ant":112,"Ann":73,"Bur":43,"Bry":34,"Bru":46,"Byg":36,"Íþr":48,"² ":107,"Brú":53,"Cal":54,"Cam":73,"Cas":34,"Car":150,"Cat":30,"Can":52,"Bea":37,"Á ":621,"Bey":33,"Bet":31,"Ber":266,"Ben":118,"Bel":130,"Bei":52,"Ás":264,"Ár":416,"Bib":37,"Ág":72,"Ál":120,"Bja":184,"Bil":56,"Bis":37,"Bir":67,"CO ":32,"Bla":79,"Blö":85,"Bló":44,"Bre":500,"Bra":209,"Bro":90,"Bri":92,"Bjö":145,"Bol":62,"Boo":38,"Bor":456,"Bos":43,"Bot":40,"Blá":56,"Ól":368,"Óm":42,"Ód":30,"Íþ":49,"Íb":166,"Ít":191,"Ís":2281,"Ír":171,"De ":44,"Dev":30,"Í ":655,"Dei":35,"Del":38,"Den":31,"Dan":318,"Dar":51,"Æv":33,"Dav":95,"Æt":40,"Dag":64,"Dal":141,"Áð":37,"Chr":82,"Che":50,"Chi":122,"ám":763,"án":1343,"áp":70,"Cit":32,"ái":182,"ák":1231,"ál":5705,"áe":70,"áf":560,"ág":530,"áh":466,"áa":140,"áb":249,"ád":63,"áv":511,"áu":67,"ár":6093,"át":2849,"ás":1809,"Þæ":99,"Þá":57,"Þý":326,"Þó":307,"æ ":266,"Cla":106,"Cen":41,"Þa":1137,"Þe":606,"Þi":250,"Þj":278,"Þo":417,"Þu":34,"Þr":200,"Þy":38,"Þv":74,"á ":17048,"Cha":121,"Cri":38,"Úr":59,"Út":101,"Úk":30,"Úl":56,"Ós":82,"Öl":88,"Ön":69,"Ör":97,"Ös":31,"Óð":61,"Öx":50,"Cor":85,"Com":79,"Col":95,"Con":100,"Cou":37,"ós":1395,"ót":2821,"アアア":152,"óu":215,"óv":375,"ö ":331,"ðá":72,"óa":487,"ób":406,"ój":46,"ói":177,"óh":245,"óg":351,"óf":1069,"óe":87,"ód":134,"ór":3904,"óp":1247,"ón":3499,"óm":3062,"ól":4371,"ók":2164,"íð":2645,"íó":153,"íþ":437,"ðr":2069,"ðs":3396,"ðp":30,"ðv":1344,"ðt":171,"ðu":11785,"ó ":1141,"ðl":1590,"ðm":400,"ðn":620,"ðo":29,"ðh":571,"ði":13616,"ðj":880,"ðk":295,"ðd":125,"ðe":430,"ðf":1240,"ðg":495,"ða":17064,"ðb":974,"ív":134,"íu":2135,"ín":2687,"ím":2131,"íp":113,"ío":119,"ír":336,"éð":84,"ít":1441,"ís":5447,"ð ":40406,"íg":419,"íh":106,"íe":115,"íf":1316,"ík":5310,"íl":945,"íd":173,"ía":767,"íb":632,"Egy":100,"Egi":67,"Eft":63,"í ":21136,"æð":6732,"Efn":44,"ék":185,"él":2012,"én":89,"és":167,"ét":1646,"ér":1779,"éu":87,"éb":41,"éf":124,"ég":31,"Edd":90,"Ef ":37,"é ":624,"æv":174,"æx":41,"æs":710,"ær":4290,"æt":3260,"æn":1633,"æp":103,"æk":1777,"æj":307,"æm":1338,"æl":1029,"æg":1139,"æf":427,"æi":109,"æd":792,"áð":1784,"áæ":82,"FC ":43,"ýð":730,"þá":1196,"þí":45,"þæ":401,"þé":152,"þó":497,"þú":323,"þý":829,"þö":79,"Dia":31,"Dis":97,"ýl":453,"ýk":129,"ýj":265,"ýf":75,"ýd":43,"ýa":30,"ýv":32,"ýs":2406,"ýt":324,"ýr":1984,"ýp":92,"ým":480,"ýn":556,"þj":1460,"þi":534,"þe":4740,"þa":4830,"þv":1549,"þy":303,"þr":1838,"úð":432,"þu":272,"þo":314,"ý ":120,"ün":52,"ür":71,"þ ":167,"ая ":31,"úp":309,"ún":2987,"úm":548,"úl":849,"úk":435,"úv":113,"úu":46,"öð":2279,"út":3137,"ús":2168,"úr":2334,"úa":1374,"úi":308,"úf":229,"úg":271,"úd":160,"úe":84,"úb":118,"óð":3019,"öx":90,"ør":44,"Dre":57,"Dra":80,"óþ":62,"ú ":1027,"Djú":38,"ðþ":39,"ðö":84,"öt":1074,"öu":59,"ör":3745,"ös":255,"öp":100,"ön":3508,"öl":4517,"öm":308,"ök":1689,"öf":2560,"ög":3309,"öd":29,"Don":53,"Nef":35,"Net":32,"Nes":42,"Nas":29,"Nat":57,"Nau":55,"Nic":32,"Neð":45,"Nin":66,"Nik":35,"New":193,"Myn":130,"Nar":29,"Naf":146,"Jök":86,"Jóh":104,"Jót":38,"Jór":29,"Jón":432,"Jól":33,"Njá":30,"OS ":34,"Nor":1398,"Not":36,"Kár":32,"Odd":60,"Oft":93,"Jör":55,"Júl":36,"Orð":204,"Kór":59,"Kóp":83,"Kól":42,"Oxf":36,"Kín":133,"Org":32,"Ork":38,"Pla":169,"Læk":37,"Pin":45,"Pho":31,"Phi":60,"Lár":54,"Per":153,"Pet":79,"Pen":61,"Pat":43,"Par":152,"Pau":49,"Pan":54,"Pap":35,"Pal":72,"Pak":41,"Lög":81,"Pro":96,"Pri":96,"Pre":57,"Líf":63,"Pol":31,"Pot":52,"Por":129," ال":82,"Mál":122,"Már":34,"Lýð":56,"SA ":48,"Múl":61,"Mús":34,"Raf":70,"Rad":29,"Rag":108,"Mün":41,"Ran":132,"Que":34,"Isl":57,"Jaf":30,"Jac":46,"Jar":64,"Jap":87,"Jan":110,"Jam":61,"Jak":50,"Jen":40,"Jer":68,"Jes":43,"Fél":151,"あ":61,"Fær":114,"Jos":55,"Jon":44,"ア":218,"Joh":167,"Jul":35,"Kam":65,"Kal":223,"Kap":39,"Kan":178,"Kau":134,"Kat":86,"Kas":91,"Kar":285,"Ker":45,"Ket":54,"Ken":76,"Kep":34,"Kel":35,"Kef":52,"Kir":145,"Kin":55,"Kja":80,"Kna":56,"Kle":57,"Kla":45,"LP ":162,"Kon":176,"Kom":44,"Kol":166,"Kos":29,"Kor":44,"Kr ":66,"Kjö":29,"Gís":50,"Gín":44,"Kra":61," ア":29,"Kri":234,"Kro":41,"Kyn":37,"Kyr":107,"Kró":49,"Íbú":146,"Kve":46,"Kvi":48,"Ísa":105,"Írl":73,"Hát":37,"Let":29,"Hás":150,"Les":33,"Íta":188,"Len":37,"Hál":31,"Hák":37,"Lei":237,"Ísl":2081,"Ísr":41,"Lau":192,"Lax":122,"Íra":76,"Le ":30,"Lag":87,"Lat":43,"Lao":32,"Lam":35,"Lan":545,"La ":46,"Hér":92,"ML ":30,"Lim":33,"Lin":79,"Lis":104,"Lit":139,"Lun":86,"Lou":37,"Los":48,"Lof":40,"Lon":229,"Ljó":82,"Hör":55,"NA ":58,"Hún":965,"Hól":152,"Höf":247,"Men":138,"Mel":83,"Mes":43,"Mer":93,"Met":61,"Meg":45,"Med":40,"Mex":54,"Hús":107,"Man":190,"Mal":118,"Mar":589,"Mas":67,"Mag":199,"Mad":42,"Mak":33,"Mai":40,"Mac":73,"Max":34,"Mat":90,"Mið":393,"Mol":36,"Mon":128,"Mos":92,"Mor":172,"Mot":32,"Mjó":31,"Mik":116,"Mic":123,"Með":113,"Mis":52,"Mil":62,"Min":98,"Mun":57,"Mus":51,"Ték":31,"Sýr":30,"Sög":42,"Sön":96,"Sók":35,"Sól":71,"Síð":58,"Wor":55,"Wil":110,"Win":83,"Wii":32,"Wei":29,"Wes":69,"Rús":196,"Rún":33,"Was":36,"War":47,"Wal":110,"Róm":176,"ék ":30,"él ":93,"éf ":34,"éfa":46,"Vol":51,"Rík":122,"Vis":32,"Veð":31,"Ráð":30,"Við":210,"ést":58,"étr":52,"étt":1263,"étu":131,"Vík":49,"Vín":30,"Vís":51,"Víe":38,"ékk":137,"éla":1571,"én ":35,"éli":43,"élt":37,"éra":473,"érh":132,"ét ":143,"érs":261,"éru":58,"éu ":77,"ér ":713,"élö":131,"之":47,"並":35,"三":94,"Yor":108,"You":39,"æð ":244,"Yfi":66,"æða":580,"æði":5160,"æðu":478,"æðs":139,"æðr":99,"Tóm":44,"Tón":101,"Töl":55,"Tím":60,"Svæ":31,"Sví":230,"Suð":653,"Stó":139,"Stö":59,"Stæ":32,"Þýs":303,"Svi":95,"Sve":238,"Sva":354,"Sum":80,"Sup":30,"Sun":82,"Sty":51,"Str":276,"Stu":161,"Stj":104,"Sti":42,"Sto":146,"Sta":383,"Spá":114,"Ste":372,"Ten":40,"Pál":100,"Tel":34,"Tan":53,"Tal":83,"Skj":90,"Ski":81,"Sko":140,"Skr":62,"Sku":31,"Ska":549,"Ske":116,"Shi":29,"Sha":56,"Sim":64,"Sil":74,"Sig":433,"Sin":41,"Ser":78,"Set":31,"Sey":30,"Sen":51,"Sel":128,"Sem":35,"Sei":38,"Seg":32,"Snæ":134,"Spa":50,"Skú":52,"Spi":49,"Spe":34,"Slí":40,"Slé":43,"Sló":37,"Smá":43,"St ":29,"Sjá":155,"Sjö":30,"Sjó":78,"Sno":80,"Ská":150,"Sog":33,"Sof":40,"Sou":36,"Sov":61,"Skó":140,"Sol":36,"Son":39,"Skí":37,"Sky":37,"Smi":30,"обл":31,"Sag":99,"Saf":35,"Sam":545,"Sal":86,"Sco":36,"Sch":99,"Sax":56,"Sav":41,"Sau":95,"Sar":46,"San":244,"Nýj":100,"SI ":80,"Rey":1063,"Nát":43,"Rit":75,"Ric":60,"Rau":132,"Mýv":29,"Mýr":98,"SG ":207,"Rei":54,"Reg":63,"Rob":50,"Roc":43,"Ros":47,"Rom":33,"áæt":78,"Ven":79,"Veg":63,"Vei":40,"Vat":207,"Van":47,"Val":271,"Var":102,"Vig":35,"Vir":57,"Vil":122,"Vik":42,"Vin":79,"áð ":233,"Ver":208,"Ves":624,"Vet":35,"Um ":130,"áða":140,"áðg":34,"áðh":171,"áði":225,"áðu":798,"áðs":118,"Und":51,"Ung":70,"Uni":181,"Upp":182,"æg ":91,"ædd":776,"æfi":141,"Pól":106,"æfe":104,"æfa":50,"Tró":34,"Trö":38,"Tyr":85,"ægj":69,"ægi":110,"æga":135,"ægr":102,"ægt":328,"ægu":162,"æju":29,"æfð":38,"Tví":41,"æin":69,"æja":272,"æl ":48,"æli":334,"æll":56,"ælt":61,"ælu":92,"æma":80,"æmd":120,"æki":736,"ækj":217,"ækk":69,"ækn":356,"ægð":100,"ækt":237,"æku":92,"æn ":110,"æla":272,"æld":77,"ænu":227,"ænt":81,"æns":354,"ænm":30,"ænl":161,"ænn":155,"æni":89,"æng":118,"ænd":99,"æna":190,"æmu":71,"æmt":313,"æmi":690,"æpl":30,"ær ":1321,"æsi":41,"æsl":32,"æsk":45,"ærr":162,"ærs":892,"ært":38,"æru":151,"æra":217,"æri":815,"ære":175,"ætt":2050,"ætu":294,"æta":147,"æti":456,"ætl":282,"æst":554,"Tex":43,"Ter":34,"ævi":136,"æva":29,"ærð":475,"Tha":29,"The":298,"æxl":41,"Tho":106,"Til":161,"Tim":38,"Tin":49,"Tit":29,"Pét":113,"Tor":78,"Tom":37,"Tos":37,"Tjö":35,"Try":40,"Tro":45,"Tri":44,"Tre":49,"Tra":74,"Tur":46,"Tun":86,"Þrí":29,"Þrá":37,"Þve":45,"ああ":41,"áum":45,"átu":169,"bju":54,"átt":1937,"bja":121,"áti":93,"átr":47,"bis":218,"bit":57,"áss":31,"ást":312,"bir":182,"bik":50,"bil":637,"bin":115,"áta":175,"ble":145,"áve":79,"árá":48,"bli":128,"árð":42,"bla":414,"áva":365,"bol":146,"bog":60,"átö":52,"bjö":156,"bjó":189,"átí":162,"ásö":38,"blí":66,"bló":334,"ávö":33,"blö":167,"blá":155,"blæ":36,"bon":36,"bor":2681,"bot":163,"álk":336,"áll":88,"álm":334,"bbi":37,"álp":80,"áls":457,"álu":194,"álv":69,"bba":96,"be ":48,"áma":116,"bbu":35,"ámi":57,"bam":50,"ban":1603,"bak":368,"bal":62,"ákn":429,"bah":47,"áko":53,"áku":34,"bac":32,"bad":40,"áks":66,"ákv":456,"án ":338,"ála":688,"ágú":123,"álf":1089,"bau":182,"ále":131,"bat":32,"áld":466,"bas":167,"bar":589,"áli":555,"álh":106,"álg":55,"áns":123,"ánn":67,"ánu":150,"áms":328,"ámu":55,"ánd":108,"ána":282,"áni":194,"ás ":143,"álí":29,"bi ":52,"bei":420,"ár ":710,"ber":1931,"ben":97,"bel":260,"bek":34,"bey":64,"álæ":106,"bes":144,"bað":32,"bet":171,"ása":364,"árv":81,"áru":387,"árr":36,"árs":356,"ásk":711,"ási":75,"bib":31,"áse":31,"bif":37,"át ":80,"árm":104,"árn":118,"árk":58,"árl":107,"ári":3035,"árg":32,"árh":61,"áre":46,"árf":67,"árd":141,"ára":516,"áfa":149,"ábó":66,"áfu":225,"áfe":61,"áfr":66,"áhe":82,"áha":37,"ágs":40,"ágr":106,"águ":57,"ca ":193,"áhu":51,"áhr":211,"car":60,"cas":39,"cat":48,"can":86,"ál ":816,"áir":32,"cal":71,"cag":30,"áin":106,"ce ":210,"áka":90,"ám ":162,"brj":92,"bri":289,"bro":253,"bra":622,"bre":1260,"bry":35,"bu ":44,"bru":150,"boð":197,"bur":454,"bun":269,"bus":56,"áa ":42,"brá":62,"bræ":116,"bré":110,"bró":94,"brö":90,"by ":34,"brú":361,"áan":33,"áar":36,"ábe":37,"áby":43,"byl":138,"byg":1051,"bys":77,"ábr":30,"byr":205,"aka":724,"am ":1285,"ake":553,"aki":430,"afæ":30,"afé":292,"afð":193,"afí":36,"afó":34,"al ":1641,"aja":65,"ail":51,"ain":143,"air":55,"ais":50,"ak ":482,"ahy":29,"Þór":281,"adó":89,"adý":30,"ahl":129,"adæ":81,"ahv":94,"adí":88,"ahr":268,"aho":81,"agv":46,"ahe":110,"aha":506,"agj":32,"agk":31,"agl":139,"agf":101,"agg":36,"agi":919,"agr":297,"ags":903,"agt":139,"agu":274,"agn":1177,"ago":116,"anv":402,"anu":572,"ajö":66,"ano":128,"ann":7640,"anm":237,"ant":646,"ans":2276,"anr":62,"ane":475,"anf":63,"ang":1850,"anh":50,"ani":508,"anj":69,"ank":389,"anl":325,"ap ":71,"ana":1067,"anb":53,"anc":186,"and":12634,"amu":36,"amt":977,"amv":106,"amy":55,"amm":631,"aml":867,"amo":77,"amn":326,"amp":188,"ams":715,"amr":194,"amk":501,"amh":353,"ami":326,"amf":296,"amg":65,"amd":67,"ame":964,"amb":945,"ama":1875,"ahú":86,"ahö":183,"aly":37,"alv":169,"alu":337,"alt":530,"als":1039,"alr":40,"alp":48,"alo":66,"aln":159,"alm":385,"all":4558,"alk":134,"alg":346,"alh":154,"ali":1259,"ald":2532,"ale":741,"ahá":51,"alf":139,"ala":1875,"alb":102,"agö":58,"an ":5852,"agó":47,"akv":56,"aks":182,"akr":86,"aku":48,"akt":192,"agð":277,"ako":186,"akk":529,"akj":37,"akm":75,"akl":519,"aba":247,"abb":91,"abe":147,"abi":501,"abj":35,"abl":134,"abo":208,"abr":215,"abu":41,"aby":70,"ae ":196,"aaf":34,"aal":29,"aar":39,"ad ":170,"ac ":69,"afn":2524,"afm":183,"afo":148,"afr":1163,"abí":243,"aft":662,"afs":676,"aff":148,"abá":34,"afe":261,"afh":109,"afj":658,"abæ":120,"afi":1278,"afl":1145,"afk":73,"ai ":55,"abú":61,"aga":1887,"agb":56,"age":255,"afu":287,"abó":285,"afy":94,"ael":113,"aef":43,"aei":56,"ah ":67,"afa":1337,"afb":140,"aey":189,"ado":94,"adr":85,"adi":100,"add":86,"ade":268,"ag ":1083,"ads":38,"aco":29,"ack":101,"aci":77,"ach":162,"ace":117,"ada":509,"af ":5722,"act":62,"avé":39,"aví":1064,"avö":101,"atæ":44,"axi":148,"axl":39,"axn":54,"atí":446,"Þát":29,"axt":48,"asó":42,"asö":150,"az ":37,"axa":101,"asý":141,"atá":67,"auð":861,"atö":90,"ató":78,"aya":40,"aye":40,"ba ":118,"bb ":35,"axá":78,"Þær":73,"amó":187,"amí":123,"amú":39,"at ":305,"amö":61,"arh":891,"arg":845,"arf":2166,"are":429,"ard":705,"amþ":87,"arc":90,"arb":562,"ara":2184,"arp":734,"aro":178,"arn":1542,"arm":909,"arl":1420,"ark":1210,"arj":31,"ari":2716,"aru":75,"arv":495,"anó":79,"aní":198,"arr":610,"ars":2758,"art":990,"au ":547,"anú":173,"asa":1107,"ary":75,"asi":329,"ash":111,"anþ":38,"ase":151,"aso":291,"asn":37,"asp":70,"ask":904,"asj":57,"asm":56,"asl":51,"akí":50,"aos":34,"akó":58,"ar ":24659,"apa":379,"ape":84,"alæ":30,"api":60,"aph":36,"apl":48,"apo":29,"app":288,"alí":469,"apr":187,"apu":54,"aló":52,"alö":117,"as ":455,"alþ":280,"alý":31,"amá":227,"amæ":216,"ava":456,"ax ":56,"aut":633,"arð":2612,"arí":1423,"avo":132,"aré":99,"avn":36,"avi":270,"aræ":58,"ave":508,"ará":337,"arþ":116,"arú":66,"ay ":120,"awa":61,"arö":154,"aró":106,"así":119,"atb":114,"ata":1386,"asu":87,"ast":4650,"ass":502,"asy":41,"asv":193,"atn":1309,"atk":61,"atl":50,"atr":203,"ato":180,"ate":387,"atf":38,"ati":491,"ath":330,"att":952,"ats":86,"atv":191,"atu":294,"apö":55,"aul":90,"aum":222,"aun":895,"aup":528,"aur":125,"aus":1761,"auf":120,"aug":671,"auk":646,"ος":71,"ος ":71,"ς ":149,"ν ":35,"Víð":50,"α ":38,"Völ":29,"アア":185,"Það":730,"Þet":130,"Þes":144,"Þei":197,"Þeg":77,"Þin":237,"Þor":406,"Þjó":274,"Þau":111,"Þar":262,"jen":38,"fán":134,"fás":32,"jað":148,"ji ":76,"jad":61,"jaf":886,"jab":64,"jat":92,"jas":441,"jav":807,"jap":160,"jar":3369,"jal":1563,"jak":139,"jan":1062,"jam":60,"jah":111,"fá ":59,"fél":1458,"fék":83,"fæð":108,"ск":66,"fé ":69,"fæt":90,"fæs":142,"fær":603,"fæd":750,"ст":78,"itn":80,"eðn":127,"itm":37,"itl":270,"eðl":410,"eðr":140,"itr":160,"ito":53,"itv":30,"eðv":33,"eðu":188,"itu":683,"itt":1458,"its":233,"eðs":115,"itz":45,"ity":146,"isk":905,"isj":46,"ism":523,"isl":359,"iso":62,"isn":159,"isp":55,"iss":785,"isr":186,"isu":36,"ist":4346,"isv":198,"eða":6425,"ita":1646,"ite":114,"eðf":92,"itg":57,"ith":325,"eði":184,"iti":2561,"eðj":70,"irð":784,"irí":91,"isá":31,"ius":175,"ium":116,"iva":54,"ix ":65,"ivi":61,"iræ":48,"ive":235,"ilí":122,"ipp":147,"ipu":275,"ips":70,"ipt":795,"ipi":107,"ipl":30,"ilö":36,"is ":1869,"ion":501,"ior":56,"ipa":275,"ipe":46,"ir ":13932,"iru":61,"irv":49,"irs":247,"irt":855,"iní":40,"irr":770,"iro":49,"irm":92,"irn":320,"irk":1284,"irl":451,"iri":354,"isi":625,"ish":290,"isg":63,"isf":275,"ise":129,"isd":44,"isc":101,"isb":133,"isa":319,"iu ":46,"iqu":44,"irf":191,"ire":187,"irh":41,"irg":228,"irb":292,"ira":203,"eð ":3577,"it ":1254,"ünc":35,"ja ":3453,"ití":89,"isú":45,"iza":39,"kif":29,"kim":46,"kil":1176,"kk ":327,"úse":29,"úsa":165,"úsd":34,"kie":30,"úsn":29,"úsi":225,"úsk":37,"úsl":41,"kin":2085,"úsu":332,"kip":1436,"kir":1170,"kis":1049,"keð":39,"úss":498,"kit":45,"úst":268,"úta":123,"öði":221,"úti":93,"úth":65,"kja":2742,"útg":318,"útf":37,"gæf":29,"útd":41,"útb":80,"útl":88,"öðl":46,"km ":337,"öðv":305,"útv":167,"kju":1220,"öðu":713,"útu":109,"útr":45,"gæs":64,"öðr":512,"gæt":90,"úts":144,"úpv":33,"ús ":380,"ki ":3751,"kgr":34,"khl":111,"út ":1602,"öð ":459,"úra":87,"kha":33,"úrg":32,"úrf":29,"úre":62,"úrk":41,"kdó":160,"úrl":34,"úrs":50,"úní":148,"kho":40,"úrv":36,"úrt":29,"úru":307,"kef":136,"gáf":290,"únu":54,"keg":32,"kei":325,"kem":386,"kel":195,"ken":1184,"kep":493,"kes":42,"gár":91,"ker":1044,"gát":46,"ket":42,"kað":419,"key":170,"kfa":29,"úpa":59,"úr ":1479,"kaþ":93,"úpu":52,"úps":35,"kfr":105,"úlí":196,"úpi":33,"ke ":136,"úlu":109,"úml":92,"úmm":51,"úme":150,"úmi":46,"úp ":32,"úna":560,"úms":48,"úið":119,"únn":35,"úni":599,"kra":945,"kre":121,"kt ":1361,"gð ":585,"kmö":30,"gíu":82,"gít":108,"gís":71,"gíg":49,"kse":36,"ksf":65,"kry":53,"ku ":2256,"knú":46,"kro":107,"kru":154,"kri":1166,"kkó":35,"km²":99,"kot":277,"kos":362,"kor":407,"kop":46,"kon":1246,"kom":1243,"kol":168,"ks ":435,"klú":36,"kló":34,"klæ":58,"kið":1002,"kmy":402,"úsí":34,"kna":1143,"kme":201,"kmi":111,"gæð":40,"knu":434,"kjó":69,"kjö":344,"útí":111,"kob":49,"kjá":188,"kne":96,"kni":971,"kkv":35,"kku":899,"kkt":826,"kks":204,"kkr":232,"úum":39,"kn ":153,"kke":95,"kkb":29,"kka":637,"kkn":107,"kko":71,"kkl":305,"kkj":140,"kkh":101,"kki":1529,"klu":225,"khó":38,"khú":66,"ko ":34,"kma":92,"úrí":36,"kle":411,"úve":99,"kla":939,"klo":62,"kli":470," Ál":120," Ág":72," Ár":415," Ás":264,"fór":224,"fót":90,"fós":48,"fón":31,"fól":411,"jus":220,"juv":64,"jul":273,"jun":745,"jum":817,"jur":390," Á ":609,"fðu":130,"jub":47,"juh":41,"jug":89,"juf":31,"jud":50,"fða":298,"fði":429,"fðb":90,"ju ":578,"fín":37,"fð ":55,"kbr":32,"kav":64,"kat":183,"kau":363,"kar":1751,"kas":646,"kap":274,"kan":720,"kal":1475,"kam":694,"kak":79,"kah":74,"kaf":322,"kag":595,"kad":110,"kab":52,"föð":56,"fús":45,"ka ":5563,"fóð":29,"för":70,"fös":57,"föt":31,"fön":37,"föl":135," Ga":560," Bú":143," Ge":549," Fy":316," Bó":133," I ":60," Bö":36," Bí":44," Fo":401," Fu":126," Fr":1133," Fi":346," Fl":547," Fj":284," Bæ":200," Ha":2193,"gyð":102," He":1194," Gy":51," Go":223," Gr":964," Gu":613," Gv":43," Gi":180," Gj":38," Gl":210," Gn":42," Ic":56," Dý":44," K ":33," Dö":29," Hv":447," Dó":65," Hu":336," Hr":478," Hn":67," Ho":620," Hl":320," Dæ":71," Hj":179,"ha ":73," Hi":343," Fá":50," Je":228," L ":32," Ja":516," Is":113," Im":35," In":759," Il":85,"ham":273,"han":2326," M ":34," Fö":37," Ka":1198,"hal":899,"hau":175," Ke":368," Ki":275,"har":340," Kj":147,"has":39,"hat":96," Fé":158," Fæ":127," Fí":29," Jo":341,"haf":2871," Ju":93,"hae":47,"hag":381," Fó":49," N ":56," La":1289," Há":323," Le":588," Li":537," Lj":87," Hæ":71," Kl":180," Kn":101," Ko":532," Kr":556," Gí":124," Kv":148," Ku":90," Gö":52," Ky":159," Mc":44," Ma":1610," Hú":1094," O ":35," Mi":927," Mj":65," Me":769,"he ":479," Hí":33," Lo":529," Hé":115," Hö":355," Ly":57," Hó":219," Lu":199," Já":37," Ne":513,"а ":49," Na":464," Nj":57," Ni":233,"hf ":56," Ið":49," Mo":559," My":192," Mu":180,"hel":997,"hei":4035,"dái":46,"heg":81,"hef":1628,"heb":56,"hey":346," A ":141,"het":78,"hes":156,"her":942,"hen":1048,"hem":44,"hi ":50," B ":65," C ":121," Ap":140," Am":374," An":597," Ak":256," Al":992," Ai":48," Ag":60," Af":348," Ac":57," Ad":101," Aa":38," Ab":95," Ba":1274," D ":30," Av":40," Au":690," At":285," As":369," Ar":655,"hig":37," Be":741,"hic":69," Bi":297,"hia":38,"hip":34," Bj":353,"hin":765," Bl":363,"him":136,"hil":183," Bo":816," Br":1093," Bu":149,"his":35,"hit":297," By":64,"hir":173,"hja":45," E ":35," Ca":484,"dæg":46," Ce":87," Ci":85," Ch":431," Cl":177," Cr":127,"dæm":557,"dæl":69," Co":494," Cu":55," F ":53," Da":794," Di":273," Dj":72," De":342," Dr":200," Do":188," Dy":59," Du":120," Ea":43,"hn ":90," Ed":147," G ":36,"hla":226,"hle":106," El":310," Ek":54," Ei":508,"hli":228," Eg":213," Ef":192,"hlj":1680," Et":30," Að":243," Es":91," Er":231," En":509," Em":78,"hlu":2009," Ey":536," Ex":43," Eu":55," Ev":632," Bá":77,"ho ":29," Fe":260," Aþ":47," Fa":298," H ":70,"gma":107," Tó":200,"go ":107,"gme":79," Tí":126," Té":39,"glu":412," Tæ":41," Tá":38,"gls":98," Sý":65,"gle":410," Sú":125," Só":162,"gli":346,"glj":57," Sö":178,"gn ":453,"gla":791," Sí":179," Wo":94,"ggð":568," Sé":40," Sæ":89," Wi":308," Wh":41," We":157," Sá":78,"gko":58," Wa":263," Rú":290,"й ":44," Rö":41," Ró":242,"gog":30," Vé":39,"gjö":146," Ví":264,"gnu":408,"gnv":46,"gns":98," Ze":49,"gni":304,"gnh":31," Za":29,"gnf":78,"gjá":29,"gne":63,"gna":1067,"úa ":496," Yo":162,"gmy":138,"gið":678," Ya":33," Yf":65," Tö":59," Tú":51,"glö":41,"úbb":42,"gs ":890,"gmá":109,"glý":46,"glæ":66,"úar":691,"glí":50,"úaf":94," Vö":72,"gon":51,"gos":180,"gor":133,"got":57,"údd":41,"gsb":67,"úde":39,"gsa":85,"gu ":2071,"gnú":139,"gsk":208,"gsh":92,"gsi":265,"gsf":96,"úda":42,"gsd":42," a ":135,"gse":69,"gro":36,"gru":389,"gra":798,"gt ":1312,"gri":532,"grj":36,"gre":1498," R ":43," Kú":67,"úel":31," Kö":70," Kó":213," Ox":46,"gto":58," Os":65," Ot":31," Kí":164," Or":369," Op":55," Po":343,"guf":112," Pl":227,"guh":41," Læ":47,"gum":2005," Pi":180," Ph":118,"gul":515," Lá":110,"gua":30," Pe":377,"gue":40," Pa":536,"gsv":75," Jö":155,"gst":295,"goð":247,"gsu":50," Jó":679,"gsl":236," Nu":48,"gsm":187,"gsr":110,"gss":198," No":1523,"gsp":47," Ol":55," Ok":35," On":42," Oh":30," Od":79," Of":128," Ká":86," Jú":86,"gta":478,"gy ":31,"grú":33," Mö":79,"gró":151," Mü":48," Ra":615," Mú":128,"grö":62,"úgu":29," Mí":43," Mó":77," Qu":74,"grí":914," Næ":38," Ní":89," Ro":344,"gsæ":96," Re":1399," Ná":93," Mý":140," Ri":247," Rh":36," Lö":101," S ":42," Lú":62," Lí":171,"gur":4137," Pr":333,"úfu":85,"gus":223," Pu":82,"gun":1431," Ló":43," Mæ":40,"gré":42,"úi ":32,"græ":199,"gvi":54,"úga":156," Lý":96,"grá":134,"gve":169," Má":195,"gva":364," Sy":96," Sv":974," Su":940," St":1837,"gtö":37," Ta":373," Tj":67,"úfé":45," Th":487," Ti":313," Pá":120," Te":268," Tr":405," Pí":33," To":304,"gyp":133," Pé":116," Nó":36," Ru":106," Nú":101," Ný":191," Sa":1402," Sh":147,"úin":138," Si":722," Sj":303," Sc":205," Se":571," So":351," Sp":370," Sk":1509," Sl":218," Sm":127," Sn":277,"gvö":64,"ún ":1473,"úla":181," Va":709,"úkr":68," X ":47," Rá":45," Ve":1143,"úku":33,"úlk":110," Vi":651,"úll":94," Ré":29," Rí":181," Vo":162,"úlf":51,"úli":36," Tu":190," Pó":142," Tv":79," Ty":102,"guð":201,"úm ":49,"úkl":39," Ul":39,"gví":39," Um":208,"úkd":157," Un":333,"úka":42," Up":196,"gvé":77," Ur":46," Ut":32," ja":1316,"ь ":33,"iam":73,"ial":59,"ian":234,"ias":35," fá":200,"iat":58," in":1466," il":75,"ic ":168," is":51," eð":5981,"ibl":77,"ibj":53,"ibi":39," ka":1977,"dýp":59," fö":181," m ":286," gæ":107,"dýr":894," kj":379,"ibr":56," ki":467," gá":35," ke":1446,"ibu":44," fí":60," fæ":1198," fé":473,"id ":120," fó":715,"iba":30,"ibe":53," ju":184," gy":80," ha":4851,"dún":44," he":6396," dá":76," gi":256," gj":246," gl":267," gr":1982," go":395,"ia ":441," gu":299," hy":49," dö":163," dú":43," dý":362," hi":1085," dæ":326," hj":450," hl":3298," hn":173," ho":514," hr":1011," hu":968," hv":1445," dó":235,"iet":44," ni":345,"iel":71," ne":1620," já":131,"ien":104," na":898,"ier":105,"ies":63,"ied":45,"ief":45," my":1128,"iei":96," mu":272," ið":125,"ig ":2070," mo":182," mm":37," ok":208," ol":65,"ifu":195," og":20861," kæ":55,"ifo":174," od":33," ká":29," of":1574," jú":303,"ifs":149,"ift":225,"ifr":86," jö":359,"iff":48,"ife":72,"ifl":73," jó":154,"ifj":45," ny":134,"ifi":210," nu":54," no":3458,"ifa":566," le":2444," há":1191," lj":434," hæ":774,"icr":57,"ics":37,"ict":48,"icu":82," li":1725," n ":78,"ico":79,"ick":89," la":3474," kv":906," ku":88,"ici":64,"ich":282," gö":256," ky":352,"ice":85," gó":105," kn":246," km":437,"ie ":195,"ica":290," kl":476," kr":671," gí":129,"iby":31," ko":2181," me":6197," mi":3548," mj":459,"я ":46," o ":46," hú":877," ma":2672," hý":48," lu":44,"idi":32," hó":647,"idg":43," ly":173,"ide":137,"idd":384," hö":1280," hé":535,"ida":195," lo":635,"if ":187," af":6312," ag":34," ab":43," am":104," an":1387," ap":172," ak":50," al":2511," au":1349," ar":311," at":450," as":67," d ":204," ba":1579,"il ":5889," bi":592," be":1105," bo":1713," bl":752," bj":275," by":1013," bu":123," br":1739," ca":62," e ":310,"im ":624,"ika":773,"ige":85,"ibý":65,"iga":307,"ii ":75,"igl":259,"igh":129,"igi":601,"igf":50,"igg":668,"igu":503,"igs":49,"igr":192,"ign":307," b ":35,"ihe":1081,"iha":82,"ihl":41,"ik ":458,"imo":50," er":28966,"imn":59,"imm":338," að":9614," et":46,"iml":33," en":4649,"ims":1087," em":145,"imp":63,"imf":72," ei":5897," el":620,"ime":190," ek":1007,"imk":47," ef":2947," eh":31,"imi":735," eg":82,"ip ":220," bá":176," fe":1285,"inc":97,"ind":1888,"ina":1616," fa":994,"inb":291," ey":827,"imu":329," ev":138,"imy":162," fu":598,"inn":11792,"inm":78," fr":7589,"ino":134,"inr":53," bí":110," fo":1797,"int":511,"ins":4795,"inf":252,"ine":220," fl":2079,"inh":343,"ing":10532," fj":2182," bæ":1033,"inj":88," fi":969,"ini":973,"inl":365,"ink":753," ge":3864," ga":1049," bý":113," bú":500,"inu":3925," i ":55,"inv":49," bö":146,"iny":29," fy":4531," bó":727,"iko":33,"ikn":392," cm":36,"ikm":465,"ikl":338," co":79,"ikk":205,"ikj":227,"iki":1110,"ikh":77,"ikf":51," ch":40,"ike":140,"ila":590,"ilb":133," f ":217," da":1144,"in ":6373,"ikv":111,"igð":208,"ikt":88,"iku":599,"ikr":111,"iks":474," do":59,"ilo":79,"ilr":73,"ill":2619,"ilk":107," dr":748,"iln":105,"ilm":73,"ilh":348,"ilg":369,"ilj":142," de":781,"ili":745,"ild":1200," dj":84," di":134,"ilf":193,"ile":949,"ima":446,"imb":81,"io ":167," dv":45,"ily":95," du":109,"ils":420,"ilt":422,"ilu":204,"ilv":300," dy":47,"hlý":34," vö":461,"hlí":219," vé":126," væ":160," ví":914,"ла":36,"hol":488,"hom":68,"hon":246,"hou":37,"hop":49,"hor":323," yn":69,"hjó":152,"ка":44,"dí ":50,"hjú":47," yr":29," yt":52," ys":51,"hni":63," tú":84," tö":739," yf":1550,"hno":44,"hns":33," tæ":256," tó":1014,"hna":38,"hne":91,"hjá":398," tí":1122," sú":468," sö":1067," só":322," tá":346," sý":615,"hið":78,"hug":970,"ра":31,"dó ":54,"ос":32,"ов":39,"hnú":49,"об":32,"hru":56,"hry":131,"hní":30,"hro":60,"hre":864,"hri":511,"ht ":90,"на":33,"hra":356,"dís":130,"díu":40,"dín":33," ru":152," ry":31," nó":204," u ":29," nö":39," sa":4334," ný":430," nú":672," se":17046,"hyg":213," sj":1921," si":1522," sn":851," sm":466," sl":415," sk":4722,"hyl":69," sp":941," so":265," mí":73,"dót":514,"dór":123," mó":335," mö":457," t ":217," mú":64," ra":1335," mý":45," ná":971," re":1271," ri":857," næ":757," né":32," ro":246," ní":127," ló":69,"hvo":342,"hrí":33," pu":136," pr":628," lí":1770," lú":49," s ":184,"бл":47," lö":1089,"hy ":40," má":1082," lý":420,"dóe":37," mæ":323,"dón":58,"dóm":399," os":39,"hum":74,"hun":188,"hus":67," op":322," kí":261,"hur":44," or":937,"ан":42," kú":89," kó":124," kö":324," pe":303,"hva":437," lá":392,"hve":1438," pa":204,"hrá":47,"ас":31," ký":34," lé":191," pl":325,"ая":31," po":204," pi":60,"hræ":36," læ":234," rý":32," rú":443," sá":460," ró":306," rö":312," sí":1634," sæ":382," sé":1534," x ":48," va":8042," ve":5521," rá":293," vo":1291," rí":972," vi":6117," ræ":385," ré":421,"hvö":38," pö":85," ty":60," pó":129," tv":1119," tu":588," ut":212," ur":156," up":1941," um":4447," un":1589," ul":34," ta":1361,"hyr":120," sy":488," st":9503," sv":2024," su":1520," pí":89," tr":698,"dök":34,"hví":219,"dön":95," to":200," th":207," ti":6298," tj":75," te":2098," pá":51,"dög":48,"óðv":149,"óðu":414,"ffr":124,"fi ":1557,"óðm":36,"óðr":133,"óðs":215,"óðe":41,"ffe":40,"óðf":210,"óðg":53,"óðh":71,"óði":237,"ffa":53,"óðk":45,"óðl":242,"óða":595,"ffi":118,"óðb":40,"fet":34,"fað":546,"bát":196,"fes":284,"fer":1310,"fey":29,"feb":142,"fen":195,"bál":229,"fel":818,"fei":90,"fhe":36,"fhl":44,"aþó":58,"bæ ":192,"fga":65,"aþá":42,"fge":31,"fbr":125,"fbe":30,"fas":294,"fat":65,"far":1064,"fam":53,"fan":667,"fal":741,"fah":32,"fag":101,"faf":45,"óð ":473,"ff ":51,"aþj":48,"aþi":69,"eyð":283,"exí":65,"fa ":1735,"aút":75,"ext":253,"eyr":688,"eys":419,"eyp":145,"eyn":309,"eym":192,"eyj":1341,"eyk":1077,"eyi":44,"eyf":333,"eyg":150,"esú":56,"exa":95,"ez ":34,"eyt":859,"aöl":43,"etb":29,"eta":600,"aða":2137,"aðf":330,"ete":97,"aðe":248,"etj":138,"eti":412,"aði":1858,"eth":57,"aðh":97,"aðg":231,"aðn":42,"etn":430,"aðl":109,"etl":247,"esp":60,"eso":32,"est":3452,"ess":1992,"eum":32,"eto":75,"aðr":337,"etr":663,"ets":81,"aðs":858,"ett":1496,"etu":910,"aðu":2529,"aðv":31,"ew ":192,"eve":76,"erá":64,"eva":56,"evo":39,"evi":74,"eus":66,"ex ":266,"esí":96,"eró":30,"erí":413,"evr":168,"erð":2864,"ey ":517,"erú":35,"epi":31,"eph":64,"er ":26993,"epa":67,"eor":111,"eon":46,"aíd":31,"es ":1150,"ept":231,"epl":35,"epp":1389,"elí":74,"erk":1822,"erl":415,"eri":1572,"erj":619,"erg":583,"erh":55,"ere":120,"erf":1459,"erc":66,"erd":76,"era":1234,"erb":160,"et ":347,"að ":14115,"emí":69,"aín":58,"esj":33,"esk":983,"esf":32,"esh":83,"esi":419,"esb":59,"esc":36,"ese":247,"eu ":59,"esa":148,"ery":35,"erv":161,"eru":4787,"err":409,"ení":97,"ert":870,"ers":1962,"ern":801,"erm":315,"erp":109,"ero":113,"eki":1159,"ekj":180,"ekk":2070,"ekn":178,"eks":107,"ekt":94,"egð":96,"eku":210,"en ":4249,"ela":212,"eld":1621,"elf":107,"ele":208,"eli":198,"elj":279,"elg":458,"elm":97,"ell":1350,"elo":54,"elp":39,"elu":227,"els":1013,"elt":302,"eo ":32,"emb":731,"ema":216,"eme":166,"emd":57,"emm":172,"emo":53,"emi":212,"eið":2061,"emu":458,"emp":64,"ems":115,"enf":36,"ene":240,"enh":41,"eng":2379,"enb":71,"ena":189,"end":2651,"enc":88,"eno":72,"enn":4534,"enk":42,"eni":177,"enj":285,"enu":71,"ens":3046,"ent":778,"enr":50,"aí ":153,"enz":239,"egj":131,"egl":570,"ego":116,"egn":789,"ege":76,"egg":655,"egi":1272,"egr":290,"egs":216,"egt":454,"egu":1949,"egy":33,"ehf":31,"ek ":94,"eip":47,"eis":901,"eir":2011,"eim":2679,"eil":1098,"ein":8206,"eik":3123,"eid":336,"eig":1161,"eif":473,"el ":631,"eit":4783,"efð":193,"aæt":246,"efá":91,"eka":127,"em ":15176,"gfú":42,"ötu":646,"ött":156,"ötn":84,"gju":374,"ötv":30,"gfé":47,"ötl":36,"gl ":222,"öst":120,"gja":1901,"geð":49,"git":30,"gis":534,"gir":792,"ösu":31,"gil":555,"gim":55,"gin":2704,"ösk":74,"gib":68,"gdý":42,"gif":68,"örl":66,"örn":587,"örp":62,"örs":47,"öru":372,"ört":84,"örv":91,"öry":39,"ght":99,"öt ":64,"gho":33,"örd":65,"ghe":48,"örf":205,"örg":409,"gha":53,"öri":68,"örk":384,"ggv":60,"ggu":598,"ggt":85,"ggs":75,"ggl":31,"ggj":980,"ggi":554,"ggd":40,"gge":45,"gga":155,"gfr":149,"öpu":50,"öpp":29,"ölæ":50,"gi ":2174,"gbú":105,"gfa":30,"gaþ":60,"gfe":34,"ör ":105,"gfi":32,"gen":859,"get":826,"gað":150,"ger":1807,"ges":57,"gey":329,"gh ":58,"gaö":31,"gg ":105,"geb":47,"gei":373,"geg":382,"gef":1039,"gel":153,"gek":42,"gdr":32,"öns":279,"önt":102,"önk":81,"gdu":56,"önn":762,"gda":103,"önd":1211,"öng":1010,"gdi":40,"ömu":145,"ömm":54,"búð":112,"öml":44,"ge ":230,"ölv":557,"öku":681,"ökv":108,"öld":1331,"gd ":235,"ölb":96,"ölm":167,"öll":1141,"ölg":41,"ölf":107,"ölu":629,"öls":201,"býl":253,"gbl":50,"gbr":62,"býr":47,"öln":31,"gab":121,"gad":130,"öfð":390,"gaf":494,"gag":255,"gah":95,"gaa":32,"gas":712,"gar":5221,"öki":70,"gau":40,"ökl":108,"ökk":171,"gat":286,"ökf":51,"gav":94,"gak":142,"ögð":187,"gam":445,"gal":380,"gan":1061,"gap":30,"öl ":78,"búd":35,"búa":689,"ga ":4778,"ök ":413,"bús":74,"bún":284,"búi":183,"ögu":1452,"ögs":34,"ögr":85,"öfu":1400,"bú ":35,"öfr":36,"ögm":139,"ögn":233,"ögi":82,"ögl":33,"ögf":50,"ögg":153,"öfn":464,"öfl":142,"fuð":815,"ög ":817,"bök":39,"bör":116,"bön":81,"ftæ":51,"bót":132,"fsí":41,"fyr":4233,"fyl":713,"ftó":31,"fræ":3955,"fvi":41,"fré":80,"fve":203,"frá":3018,"fur":2375,"fus":91,"ból":159,"bók":1011,"bón":65,"frö":89,"frí":321,"fró":162,"fta":843,"fti":2157,"fst":735,"fss":270,"fsm":103,"fsv":103,"fuf":32,"fub":43,"fuk":55,"ful":355,"fum":292,"fun":902,"fug":341,"fts":95,"ftu":254,"ft ":1106,"fra":2612,"fre":467,"frj":180,"fri":247,"bíl":118,"bíu":86,"bís":172,"fu ":237,"fsa":40,"fsd":78,"fse":170,"fsf":61,"fsh":40,"fsi":147,"fsj":32,"fsk":78,"fro":66,"fru":674,"for":2274,"fos":163,"fol":50,"fló":302,"flæ":88,"fmæ":37,"flú":30,"fs ":273,"flö":79,"fið":525,"fna":2112,"fne":55,"fjá":227,"fnd":868,"fng":60,"fnf":164,"fns":126,"fnv":120,"fjó":323,"bæð":272,"fnt":253,"fnu":1196,"fnh":30,"fni":1953,"fjö":1748,"fle":884,"fn ":987,"fla":445,"flj":256,"fli":90,"flu":781,"flo":1007,"fly":309,"öxt":60,"fma":136,"öun":59,"fil":143,"fin":1853,"fim":307,"fir":2556,"fis":690,"báð":53,"fit":83,"feð":29,"fl ":57,"fja":1696,"bæk":87,"ffæ":88,"bæj":204,"bæi":95,"bæn":134,"bær":563,"bæt":285,"fju":37,"örð":1075," Áð":37,"da ":2461,"dd ":334,"dba":39,"dbr":34,"dbo":31,"de ":373,"dad":43,"dab":91,"dak":98,"dal":1432,"dag":946,"dah":92," Æt":40,"dae":100,"daf":226,"dat":82," Æv":33,"das":501,"dar":2968,"dap":31,"dan":878,"dam":444,"dav":102,"dau":223,"dda":212,"ddi":256,"dds":49,"ddu":785,"cul":53,"cum":33,"ctu":33,"cto":64,"cti":110," Í ":611," Ír":171," Ít":191," Ís":2273," Íb":166,"cus":90," Íþ":49,"cks":45,"ckl":29," Ól":368," Óm":42," Ód":30," Ós":82,"co ":104," Ön":69," Ör":95," Ös":31," Öl":87,"con":78,"col":55,"com":44,"cor":78," Öx":50,"cot":33," Óð":61,"cs ":45,"ct ":31,"cra":34,"cri":30,"cro":75," Úl":56," Úk":30,"öf ":67," Út":101," Úr":58,"cea":68,"ch ":237,"cer":51,"ces":67,"cet":54,"cen":40,"cel":70," Þv":74," Þy":38,"ci ":39," á ":11624," Þo":417," Þr":200," Þu":34," Þi":250," Þj":278," Þa":1137," Þe":606,"cha":138,"chw":37,"chu":59,"cia":66,"ck ":218,"cie":48,"che":262,"chi":127,"cho":60,"chn":39,"cht":62," át":481," ás":462," ár":4236," áv":94,"cil":37," áb":154," ág":152," áh":379," áf":139," ák":361,"cis":51," ál":132,"cin":65," án":237,"cm ":36," Þó":307,"cke":55," Þý":325," Þá":57," Þæ":99,"ed ":214," æt":868,"ebe":38," æs":38," æx":33,"ebr":277," æv":104," áæ":48,"eae":45," áð":574,"ead":32,"eak":31,"ean":82,"eal":37,"ear":81,"eas":45,"eat":104,"eau":29,"ea ":112,"efi":869,"efj":94,"efl":96," æð":121,"efn":3337,"efa":155,"eff":31,"ei ":96,"ega":3391,"efr":52,"eft":1944,"efs":237," í ":19047,"efu":1553,"een":87,"eed":29,"aár":34,"eet":35,"edi":112,"edd":31,"ede":88,"eda":35,"eg ":669,"edo":29,"edr":32,"eck":48,"ech":72,"ee ":58,"ef ":241,"ect":77,"eco":32,"dys":33,"duð":125," ít":165," ís":1832," ír":55,"dsö":53," íb":414," íl":31,"dró":35,"drú":32,"dy ":43,"dvi":51,"drá":54,"dve":148,"drí":37,"dræ":56,"dré":44,"duv":56,"dur":3307,"dus":104,"dva":88," ór":37," ól":197," óm":33," óh":75," óg":40," óf":82," óe":43," ób":82," íþ":190,"ðár":38,"dor":109,"don":304,"dom":32,"dow":49,"dos":38," öf":73," ök":39," öl":609," ön":266," ör":241,"ds ":1667,"dmi":55," ót":48," ós":171," óv":94,"dið":637,"dna":116,"dni":37,"dnu":50,"ðöl":79,"djú":102,"dsv":141,"dss":318,"dst":207,"dsr":47,"dsp":43," úr":1554," öð":482," út":2473,"dun":333,"dum":1677,"dul":119,"duf":29,"duh":45,"duc":33," óþ":38,"dri":390,"dra":458,"dt ":40,"dná":398,"dre":520,"dry":91,"du ":383,"dro":176,"dru":103,"dsh":112,"dsj":55,"dsi":362,"dsl":272,"dsk":119,"dsn":42,"dsm":154,"dsb":51,"dsa":115,"dsd":51,"dsf":53,"dse":98," þo":209," þu":239," þr":1309," þy":189," þv":1520," þa":4775," þe":4557,"dge":78," þi":195,"dgo":49," þj":806,"dic":66,"dia":76,"dhe":43,"der":294,"des":336,"det":32,"dað":218,"dey":65,"dea":33," þ ":166,"deg":113,"dei":506,"del":110,"den":250,"dem":107,"dfr":39," ým":413,"di ":5025,"dbú":64,"daþ":31,"dfj":56,"dle":192," þö":45," þý":700,"dla":206," þú":310," þó":393," þé":142," þæ":322," þá":953,"dkn":291,"dgæ":30,"do ":152,"dlu":40,"dli":96,"dim":46,"din":1824,"dio":43,"dir":2045,"dis":659,"die":47,"dik":52,"dil":68,"rgv":83,"rgu":338,"órí":40,"rhe":181,"óve":202,"rha":190,"óvi":58,"rdæ":68,"rhl":419,"rhr":181,"órð":209,"rhu":32,"óró":29,"rho":90,"rdí":30,"rfy":82,"rbó":57,"rfu":285,"rft":34,"óun":156,"rbý":31,"rga":1056,"rbú":62,"ri ":5309,"rgl":50,"rgi":863,"rgj":52,"óva":44,"rge":305,"rgf":73,"rgs":155,"rgt":31,"rgr":329,"rað":905,"ret":461,"nát":321,"ótm":41,"nás":32,"res":811,"reu":56,"óti":277,"ótl":55,"rey":1506,"óte":161,"rfa":643,"óta":345,"rfe":164,"rfi":1445,"rfj":246,"rbæ":241,"ótu":133,"rfl":183,"rfo":103,"ópí":47,"rfr":289,"óts":159,"rfs":230,"ótt":1174,"rdu":33,"ósm":64,"rds":39,"ósl":49,"ósk":121,"ósi":102,"rg ":1633,"óse":107,"rea":127,"ósa":223,"ree":99,"ref":289,"red":93,"rei":2743,"reg":939,"nág":58,"rem":334,"nám":587,"nán":98,"ren":1042,"rek":593,"nák":43,"óst":252,"ósu":45,"nál":173,"rel":158,"raí":49,"rep":672,"rf ":244,"óra":323,"órb":108,"rda":542,"mþy":72,"óre":82,"órf":38,"rcu":48,"órh":40,"óri":369,"órn":1251,"rdo":29,"órr":30,"óní":98,"órt":130,"rdj":41,"órs":264,"órv":45,"óru":242,"rdi":87,"rde":130,"ós ":169,"ná ":105,"re ":456,"rby":65,"rbu":32,"mýr":102,"rbr":230,"rch":57,"rce":64,"ót ":306,"ópa":167,"ór ":572,"rd ":235,"ópi":56,"rap":103,"rar":1340,"ópe":33,"ras":718,"rat":554,"rau":1255,"rav":117,"rbi":30,"ólí":218,"rbj":47,"óps":195,"rbl":48,"rbo":361,"rba":200,"rbe":117,"ópu":659,"rai":43,"rah":258,"rag":405,"ran":2332,"ram":2670,"ral":525,"rak":489,"rab":445,"raf":954,"rae":86,"rad":211,"rac":77,"rpu":127,"rpr":62,"rps":409,"rlí":129,"rpo":41,"rs ":1328,"rlö":185,"rlá":68,"rpe":36,"rpa":113,"rkú":29,"rr ":186,"rlæ":104,"rpi":226,"rkí":63,"ror":58,"ros":443,"rot":445,"rom":128,"ron":188,"rop":81,"roy":30,"rou":80,"rov":35,"row":39,"rod":104,"roc":48,"ní ":161,"rjú":69,"rol":93,"rok":333,"rof":43,"rog":34,"rno":60,"rnl":105,"rnm":279,"rnr":31,"rns":265,"rnv":34,"rjó":300,"næð":35,"rnt":68,"rnu":692,"rjö":122,"rp ":163,"rnb":71,"rna":2301,"rng":308,"rnf":82,"rne":499,"rjá":342,"rnd":175,"rni":1126,"rml":167,"rmo":35,"rms":59,"rið":4639,"rmu":102,"rmy":87,"rhö":75,"ro ":119,"rhú":92,"rma":627,"rme":281,"rmi":222,"rly":31,"rhó":65,"rlu":136,"rls":75,"rlo":52,"rlm":64,"rhé":29,"rlj":29,"rhæ":116,"rli":393,"rld":50,"rhá":110,"rle":987,"rla":936,"rn ":955,"rgö":94,"rkv":63,"rku":705,"rkr":89,"rgí":51,"rgð":52,"rkt":84,"rks":157,"rkn":154,"rkm":132,"rko":161,"rkj":1072,"rki":911,"rkl":152,"rke":391,"rgá":37,"rkf":85,"rka":797,"rm ":127,"né ":49,"næs":243,"nær":514,"rju":301,"næt":37,"rfð":143,"rfæ":63,"næm":31,"rfé":382,"rja":455,"næf":123,"næg":56,"ótí":55,"rl ":136,"rip":130,"rio":79,"rir":3442,"náð":134,"reð":86,"rit":1626,"ris":1095,"riu":44,"rih":31,"rig":346,"ril":173,"rik":328,"rin":4044,"rim":103,"ria":195,"rdý":141,"rib":57,"ric":218,"rid":143,"rie":134,"rif":777,"rhv":114,"rdó":74,"ósí":50,"rhy":62,"rk ":749,"rsá":81,"nól":35,"rsæ":104,"nót":79,"rsí":75,"rsó":269,"nóv":141,"rsö":95,"rtá":75,"rsý":233,"ófa":126,"rtæ":610,"óev":37,"rtí":153,"óað":58,"ófo":31,"rtó":34,"ófr":36,"rtö":112,"ófl":62,"rtú":143,"ófi":133,"ryd":53,"ófe":115,"ruh":42,"rug":140,"ruf":120,"rud":31,"ruc":30,"rur":213,"rup":45,"run":1571,"rum":2163,"rul":208,"ruv":97,"rus":350,"rut":38,"rva":375,"rvi":233,"rræ":279,"óf ":138,"rve":420,"rrá":98,"rrí":167,"rré":62,"rvo":44,"ry ":262,"rsk":1287,"rsl":476,"rsi":446,"rsj":74,"rso":176,"rsp":74,"rsm":68,"rsn":93,"rsd":88,"rsa":290,"rsb":37,"rsh":96,"rse":406,"rsf":44,"rsy":38,"rta":441,"rst":3509,"rss":354,"rsv":330,"rsu":120,"óar":52,"óas":59,"óat":33,"rtl":50,"óan":31,"rto":127,"rte":220,"rth":122,"rti":364,"nó ":64,"óbe":269,"rub":37,"óba":44,"rts":104,"rtr":57,"rtu":242,"nín":81,"rmá":390,"níf":29,"nía":80,"rlý":62,"rmú":75,"rt ":1301,"óa ":210,"rmö":79,"rmó":68,"níu":415,"nít":33,"nís":81,"rro":51,"rri":789,"rrk":38,"rná":49,"rre":213,"rra":1384,"ru ":5901,"rry":72,"rnö":83,"rru":200,"rnó":42,"rrv":80,"rní":108,"ómv":228,"sab":56,"óms":871,"sac":50,"óið":33,"ómu":162,"saf":750,"sag":708,"ómp":698,"sak":243,"ómk":72,"sal":365,"sam":4354,"ómi":78,"ómb":34,"óme":237,"óma":424,"óly":43,"sba":82,"sbe":82,"ónu":716,"ónv":387,"óns":366,"sbi":51,"nýj":114,"ónn":30,"nýl":85,"ónl":482,"sbl":34,"óni":207,"óng":36,"san":529,"sau":114,"sat":94,"óne":67,"sas":112,"ónd":59,"sar":943,"óna":507,"sav":82,"óp ":40,"núa":192,"ókr":63,"óks":153,"óku":123,"sa ":884,"óki":198,"núi":49,"ókm":151,"ókn":521,"óka":293,"ryð":51,"óm ":126,"óls":237,"ólu":206,"ný ":52,"ólk":565,"óll":128,"óli":764,"ólm":135,"nús":141,"núp":46,"óla":1201,"ólg":69,"nún":502,"núm":106,"ólf":325,"óle":64,"núl":72,"núv":68,"ón ":402,"nút":151,"nú ":311,"óin":48,"ók ":536,"óju":31,"ól ":221,"óge":44,"nöf":78,"ógi":34,"ógr":30,"rys":58,"ófs":262,"ruð":130,"ófu":99,"ryk":114,"ryl":29,"ói ":77,"ryn":55,"ryg":260,"óga":70,"óhe":37,"rvö":60,"ódí":33,"ógu":78,"rví":87,"nöl":72,"óha":107,"sha":333,"sho":46,"shr":178,"she":190,"shi":231,"sdæ":76,"shl":141,"si ":1082,"sga":69,"sfy":34,"sbó":49,"sgr":89,"sge":55,"nþá":53,"sja":169,"sl ":180,"sju":30,"sfé":34,"sid":34,"sic":68,"sdý":41,"sia":58,"sk ":1182,"shy":73,"sdó":359,"shv":58,"sit":427,"sir":292,"sis":245,"sin":3946,"sio":58,"sil":235,"sig":687,"nþr":30,"núð":42,"sda":221,"sde":55,"nýr":57,"sbr":123,"sbo":107,"sbu":68,"nýs":66,"nýt":153,"sby":61,"se ":199,"sca":45,"sch":105,"sco":77,"sex":134,"sey":275,"ser":203,"ses":89,"set":1580,"sað":68,"sfa":35,"sh ":114,"sbæ":68,"sfj":305,"sfi":93,"sfe":87,"sfo":31,"sfr":321,"sfl":100,"sea":30,"sei":316,"seg":634,"sef":91,"sep":228,"sen":611,"sem":15452,"sel":291,"sek":38,"saæ":40,"sló":155,"spu":111,"spy":259,"slö":108,"spo":83,"slé":92,"slí":192,"spr":262,"slá":52,"spe":881,"slæ":31,"spj":61,"spi":313,"skú":111,"ský":245,"spa":131,"sou":29,"skó":1556,"skö":121,"sol":30,"son":2333,"sop":47,"skí":253,"sor":180,"ská":595,"sof":60,"skæ":55,"sjú":230,"soc":29,"su ":308,"snú":516,"sní":36,"snæ":42,"sri":40,"sre":88,"sra":90,"smö":45,"oð ":82,"st ":7277,"smó":46,"smí":94,"smæ":45,"smá":328,"ss ":1445,"sli":370,"slo":65,"shó":47,"slu":1624,"sgö":54,"sky":454,"sn ":57,"sla":2777,"sle":2574,"shá":42,"ski":2451,"skj":398,"skl":38,"sko":719,"sks":67,"skr":1500,"sku":3717,"skt":636,"skv":172,"sm ":71,"ska":5867,"ske":638,"sjö":285,"sjó":945,"sna":202,"sni":260,"snj":58,"sne":753,"sjá":875,"smo":37,"smy":129,"smu":253,"sið":390,"shú":35,"sma":628,"sly":46,"shö":100,"smi":324,"sme":283,"ssí":67,"ssý":210,"ssö":35,"stí":390,"sté":71,"stæ":1897,"stá":53,"stý":228,"stú":122,"stö":1473,"stó":1005,"syn":591,"suð":680,"sys":40,"syl":37,"syk":82,"íþj":172,"sví":186,"íþr":259,"svæ":826,"svö":99,"sse":290,"sný":67,"ssa":788,"ssn":223,"sso":1722,"ssl":175,"ssj":54,"ssk":305,"ssi":507,"ssv":116,"ssu":314,"sst":880,"ssp":30,"ssy":180,"ste":1923,"spá":57,"stf":191,"sth":38,"sta":8651,"oða":349,"stb":39,"stm":156,"stn":133,"oðn":31,"sto":2031,"sti":2147,"oði":87,"spæ":137,"stj":1787,"stk":49,"stl":62,"stv":37,"oðu":86,"stu":5049,"str":2496,"spí":66,"sts":239,"oðs":85,"sty":391,"sum":731,"sun":1042,"sus":74,"sur":86,"sva":378,"sve":2028,"srá":129,"svi":516,"svo":582,"srí":153,"tai":47,"tak":1550,"tal":2080,"tae":43,"taf":1306,"tag":148,"tah":147,"tab":188,"tad":164,"tbe":34,"tba":41,"tav":183,"tau":127,"tat":143,"tas":1447,"tar":3875,"tap":85,"tan":2188,"tam":380,"tch":58,"te ":264,"tbo":47,"tbr":96,"tbu":123,"tda":38,"가":30,"ta ":6721,"syð":69,"ký ":32,"kút":86,"kúr":39,"kúl":122,"pa ":507,"oxí":40,"íð ":441,"kýr":177,"pe ":53,"lá ":83,"kýj":35,"par":415,"pat":41,"pas":115,"pav":105,"pac":29,"pad":30,"paf":53,"pak":38,"pal":112,"pap":68,"pan":400,"phe":36,"pha":447,"phi":81,"pi ":583,"íði":373,"íðn":37,"íðu":289,"íðs":99,"íó ":37,"pen":326,"lán":85,"lár":68,"per":484,"lát":267,"pað":131,"pes":31,"lás":107,"peg":29,"íða":1262,"lág":191,"pel":119,"lák":76,"pek":637,"pla":766,"pn ":39,"pli":59,"ple":140,"pgö":32,"pja":37,"læg":317,"læm":64,"læk":184,"læp":38,"læt":66,"lær":134,"phy":56,"íói":42,"pil":337,"pin":465,"pir":132,"pis":61,"pit":31,"por":171,"pop":61,"pos":65,"pon":36,"pol":74,"plö":432,"ps ":194,"pps":271,"ppr":373,"ppu":465,"ppt":170,"pph":431,"ppi":417,"ppl":285,"ppn":424,"ppa":270,"ppe":128,"ppf":56,"ppg":58,"pið":157,"lét":224,"lés":58,"lén":49,"lék":31,"ðuð":62,"pma":115,"lí ":172,"pnu":104,"læð":115,"ðví":60,"pni":409,"pp ":769,"pna":137,"pss":172,"pst":155,"pta":402,"pse":49,"psi":86,"psn":40,"psk":239,"pso":41,"ptu":116,"ló ":63,"pub":42,"pte":249,"pti":394,"ppí":56,"líu":494,"lís":172,"lít":407,"pra":73,"pt ":185,"líf":935,"plý":155,"lía":90,"lín":354,"lím":87,"lík":1027,"pru":359,"psa":36,"pu ":453,"pri":135,"pre":517,"pro":73,"lór":49,"lót":52,"lóv":63,"lói":51,"lók":52,"lóm":402,"lón":87,"psþ":115,"ptö":103,"pur":707,"pus":125,"put":29,"líð":255,"pum":165,"pun":389,"puk":38,"pul":139,"pve":36,"prí":173,"lóa":225,"pró":302,"lóð":350,"pyr":266,"puð":74,"lög":1326,"lön":726,"lök":35,"löt":398,"ðju":320,"ðfæ":123,"ðfé":50,"ðji":36,"lús":36,"lút":54,"löð":154,"ðja":484,"ðis":677,"ðir":1217,"lúb":39,"ðin":3092,"ðim":112,"ðil":607,"ðig":61,"ðih":890,"ðid":32,"ðib":80,"ðdý":38,"ðlu":118,"ðhö":65,"ðle":272,"ðli":420,"ðla":663,"ðgö":37,"ðko":89,"ðke":36,"ðki":33,"ðka":49,"ðnu":157,"ðne":31,"ðna":212,"lúð":37,"ðni":136,"ðið":1005,"lþj":313,"lþi":147,"ðmu":161,"ðma":32,"má ":229,"lýt":37,"lýs":582,"ðmi":61,"lýð":232,"ðs ":277,"ðlæ":31,"mát":62,"már":47,"más":73,"mán":166,"mál":2457,"lþý":88,"ðri":810,"ðsa":58,"ðu ":1241,"ðru":553,"ðmæ":37,"ðra":457,"ðto":53,"mæl":428,"ðub":33,"mæt":102,"mær":230,"ðsk":523,"ðsl":355,"ðsm":81,"ðsp":39,"ðse":398,"ðsf":48,"ðsh":47,"ðsi":217,"ðta":31,"ðst":779,"ðss":159,"ðsv":67,"ðsy":35,"ðré":42,"ðræ":84,"ðvi":83,"ðsá":34,"ðrú":35,"ðul":76,"ðuk":30,"ðuf":35,"ðuh":32,"ðug":67,"ður":7875,"ðus":182,"ðun":524,"ðum":1484,"ðuv":112,"ðve":852,"ðva":303,"ðsö":131,"mís":58,"míu":36,"mín":126,"míl":29,"qua":30,"míð":92,"ða ":7924,"que":67,"qui":57,"mób":30,"mót":447,"món":57,"ðal":1210,"ðak":71,"ðan":1528,"ðam":182,"ðab":236,"ðad":86,"ðaf":336,"ðae":34,"ðah":156,"ðag":69,"ðba":46,"ðas":709,"ðat":38,"ðar":3764,"ðau":278,"ðav":103,"ðbo":469,"ðbr":88,"ðbu":122,"mög":91,"mön":242,"mör":555,"móð":114,"ðaá":38,"ðei":268,"ðen":29,"ðað":227,"ðey":75,"ðfa":52,"ðfe":384,"ðaþ":30,"ðfl":57,"ðfj":46,"ðbæ":76,"ðfr":439,"ði ":5726,"ðbó":84,"ðge":167,"ðga":93,"múl":68,"ra ":5434,"ðgu":32,"ðgr":104,"mún":52,"ðhe":185,"mús":74,"ðha":43,"múr":37,"ðho":42,"ðhv":60,"ngn":161,"ngm":109,"ngo":35,"ngj":642,"ngi":2358,"ngl":694,"ngk":66,"ngv":376,"ngu":4585,"ngr":646,"ngt":285,"ngs":1362,"ni ":6328,"nfy":38,"nge":478,"ngf":42,"ngh":122,"nga":4769,"ngb":69,"ngd":467,"ndí":91,"nhl":58,"ndó":106,"nhv":283,"nha":96,"nhi":29,"nhe":69,"ndá":32,"neg":62,"nei":195,"nel":88,"jál":1132,"ják":79,"nen":108,"ján":150,"nem":287,"jár":442,"ner":236,"ját":39,"nað":2058,"net":289,"nes":1695,"jás":35,"jáv":273,"neu":45,"ndv":196,"ng ":2515,"nea":43,"ned":41,"nef":1415,"nfj":30,"nfl":71,"nfr":379,"nfu":33,"ney":381,"naú":37,"naþ":36,"nfa":160,"nfe":55,"nco":35,"nci":82,"nce":184,"nch":109,"ne ":377,"já ":476,"nbu":51,"ndu":3833,"ndr":595,"nds":3224,"ndn":520,"ndo":373,"ndl":456,"ndm":49,"ndk":337,"ndh":138,"ndi":7817,"ndf":105,"ndg":40,"nde":320,"ndd":33,"ndb":149,"nda":5929,"nak":181,"nal":486,"nam":345,"nan":1706,"nap":74,"nar":7258,"nac":33,"nad":255,"nae":106,"naf":1278,"nag":145,"nah":376,"naj":48,"nab":189,"nbo":78,"nbl":83,"nbr":60,"nbe":288,"nbj":30,"nd ":4229,"nav":232,"nau":139,"nat":892,"nas":978,"na ":7656,"myr":42,"myn":2237,"msó":36,"msæ":58,"msö":32,"msý":70,"iðö":77,"mtö":286,"mtí":120,"ntö":45,"ntý":78,"ntí":118,"ntó":67,"nsö":46,"nz ":37,"jö ":94,"nsý":72,"nsæ":244,"jól":491,"jóm":1532,"jón":1264,"nsí":40,"jór":2056,"jós":611,"jót":508,"nsó":384,"ny ":83,"jóf":63,"nsá":38,"nré":59,"nvi":93,"nrí":48,"nve":746,"nva":467,"nul":144,"num":5240,"nun":1626,"nug":63,"nuh":50,"nus":525,"nuv":51,"nur":921,"nua":31,"nub":32,"nuf":123,"nud":81,"jó ":290,"nto":119,"ntu":324,"nts":226,"ntr":104,"nti":309,"nth":63,"nta":596,"nte":421,"nsu":61,"nsv":84,"nsy":38,"nsn":109,"nsm":56,"nsp":46,"nso":41,"nst":1135,"nss":607,"nsf":108,"nse":233,"nsh":91,"nsg":31,"nsj":37,"nsi":284,"nsl":375,"nsk":4454,"nsd":160,"nsa":227,"nsb":64,"nu ":4087,"nní":45,"nri":142,"nná":48,"nra":58,"nt ":1180,"nmö":126,"nmá":266,"nlí":51,"ns ":5692,"nok":465,"noi":41,"nom":35,"non":64,"not":1703,"nos":55,"nor":1577,"nnd":365,"nne":296,"nnf":115,"nng":84,"nna":7028,"nnb":60,"nnl":189,"nno":53,"nnh":72,"nni":6598,"nnk":88,"nnu":1613,"nnt":643,"njó":114,"nnv":87,"nns":1691,"nnr":157,"nny":33,"nme":186,"nma":83,"nið":1052,"nmy":38,"nli":460,"nn ":8805,"nla":365,"nle":833,"no ":154,"nke":308,"ngá":73,"nki":143,"nka":436,"ngó":130,"nku":284,"nky":63,"ngö":59,"nko":60,"nkt":196,"nfæ":48,"nja":244,"nfö":56,"nju":309,"nih":310,"nig":1566,"nif":72,"nie":59,"nid":40,"nic":97,"ndý":173,"nia":97,"ndú":78,"nk ":108,"niu":46,"niv":147,"nis":1128,"nit":151,"neð":186,"nir":1570,"nio":41,"nip":29,"nim":227,"nin":4763,"nik":72,"nil":175,"ogs":89,"ogr":32,"ogu":44,"ogi":191,"ogl":33,"ogn":32,"oga":158,"oge":37,"ogg":37,"ohn":133,"oha":44,"ois":44,"oid":32,"ok ":125,"kær":45,"kæn":58,"ol ":139,"och":58,"oci":55,"ock":125,"oco":29,"ode":87,"odi":36,"odo":53,"of ":366,"odd":103,"oda":50,"kák":62,"kál":657,"odu":43,"og ":20914,"ofn":1635,"ofi":70,"ofu":107,"ofs":67,"oft":1402,"off":70,"ofa":240,"júk":314,"jún":149,"júl":154,"júg":38,"júf":76,"ob ":50,"júp":173,"د ":39,"oba":45,"od ":57,"obi":55,"obe":61,"nyr":104,"nuð":960,"nyt":33,"jöf":126,"jög":408,"nvæ":34,"jök":280,"nzk":209,"jöl":1329,"jör":1720,"jöu":59,"jöt":144,"nvö":31,"jóð":2051,"jú ":59,"oya":34,"ア ":30,"kót":31,"kór":108,"kós":45,"ows":60,"kól":1488,"own":47,"köt":45,"köm":42,"ové":67,"kön":66,"kök":33,"köl":238,"kör":99,"köp":65,"otu":454,"otv":37,"kó ":88,"ow ":78,"otl":108,"otk":150,"oti":132,"oth":76,"ote":93,"ott":415,"ots":82,"oto":46,"otn":229,"ost":320,"ota":1324,"ov ":34,"osi":138,"osh":54,"osk":246,"ose":94,"osf":59,"oss":397,"oso":80,"osn":180,"oy ":61,"kóg":196,"owe":53,"ovi":54,"orí":119,"orð":3303,"ox ":46,"ova":32,"orá":31,"ove":83,"oug":45,"oui":32,"oul":47,"oun":72,"ous":64,"our":135,"out":62,"kíð":62,"opn":231,"opo":41,"opp":155,"opi":251,"ope":40,"oph":87,"opa":52,"ítö":52,"os ":473,"olí":72,"opt":43,"ool":48,"ook":64,"ood":45,"or ":435,"okö":33,"ítá":50,"íví":47,"ork":465,"orl":173,"orm":710,"orn":1435,"oro":81,"orp":260,"orr":707,"orc":31,"ord":318,"ore":423,"orf":203,"org":2899,"ori":386,"ou ":62,"osa":139,"ort":719,"ors":867,"orv":93,"oru":1072,"ory":62,"kíl":193,"kín":122,"kíf":146,"ot ":172,"m² ":103,"orb":110,"ora":164,"kís":41,"kír":55,"olb":58,"ola":137,"old":173,"ítr":55,"ítt":43,"on ":2981,"ítu":112,"oli":166,"oll":558,"olk":48,"íti":396,"éði":33,"ítl":29,"olf":120,"ole":105,"ols":62,"olt":453,"olm":30,"olo":103,"oly":34,"olu":106,"olv":29,"oka":194,"ísu":62,"íst":50,"om ":494,"okk":1938,"ísi":469,"oki":67,"ísl":2033,"ísk":2316,"íta":480,"oks":33,"okt":196,"oku":100,"ona":1076,"ond":305,"one":201,"ong":207,"oni":201,"onn":87,"ono":62,"ons":298,"ont":181,"onu":1209,"ony":41,"oma":392,"ome":121,"íus":154,"íur":45,"omb":46,"omi":303,"íun":207,"íum":114,"íul":62,"omm":235,"íuh":63,"omp":59,"omn":42,"omo":42,"omu":187,"íva":36,"oms":54,"op ":66,"íma":1376,"íme":53,"la ":3270,"ími":124,"íms":207,"ímu":159,"ímy":31,"ína":797,"íne":65,"íni":88,"gús":189,"íns":125,"ínu":752,"ínv":127,"ím ":33,"íka":550,"íkj":759,"íkl":107,"góð":87,"íki":1509,"íkr":40,"íks":66,"ígð":53,"íkt":208,"íku":987,"ín ":498,"íle":41,"íld":62,"íla":168,"íll":70,"íli":51,"íls":42,"há ":44,"le ":477,"lby":30,"ít ":92,"éð ":29,"íra":38,"lf ":135,"írs":66,"ldf":77,"ldg":92,"lde":90,"ldb":66,"lda":1630,"ísa":218,"ldn":83,"ldm":49,"ldl":84,"íu ":1396,"ldk":29,"ldi":1971,"ínó":48,"ldv":44,"ldu":1350,"íru":32,"lds":601,"ldr":327,"íon":35,"lab":255,"lac":81,"lad":110,"laf":643,"lae":76,"lah":156,"lag":2929,"lai":54,"ír ":94,"lal":147,"lak":210,"íkó":69,"lan":8388,"lam":321,"lap":48,"lar":1445,"íos":29,"lat":1416,"las":1408,"lax":34,"lau":1468,"lav":277,"lay":48,"lba":94,"ld ":1392,"lbe":135,"ís ":151,"lbo":49,"íló":181,"ípu":47,"lbr":155,"kvi":617,"kve":660,"krá":299,"kva":323,"íet":48,"kuv":29,"kut":72,"íg ":45,"kus":117,"kur":3957,"kup":220,"kun":523,"kum":1574,"kul":461,"ífi":116,"ífl":51,"ksá":78,"ífr":77,"ífs":158,"íft":46,"ífu":123,"ífv":204,"ky ":34,"krú":51,"kró":126,"krö":33,"kvu":31,"ífa":134,"krí":69,"íff":195,"ífe":48,"gða":277,"kta":448,"kte":85,"kss":123,"ksv":50,"koð":120,"kst":476,"ksk":82,"ksi":136,"ksh":75,"ksm":107,"ksl":35,"kub":39,"kuf":44,"kug":52,"gó ":40,"íf ":93,"kts":31,"ktu":499,"gðu":319,"gði":360,"kti":182,"íde":43,"ída":53,"kto":78,"gön":268,"göm":74,"göl":30,"kvæ":806,"gög":58,"kuð":160,"kyr":42,"kyn":662,"ík ":916,"göt":244,"kví":214,"gör":37,"íl ":215,"kvö":70,"ígu":52,"ígs":41,"ígr":36,"ígi":50,"gól":117,"íga":62,"íbú":416,"íhy":55,"kyl":290,"któ":189,"llí":79,"lpe":30,"lph":37,"ls ":828,"llý":48,"lló":29,"lpu":35,"lok":1278,"lon":100,"lom":31,"lop":33,"lor":130,"loc":48,"lof":376,"log":101,"lpa":98,"los":137,"lot":189,"lou":29,"lkó":30,"low":39,"lni":132,"ljá":29,"lne":42,"ljú":103,"ljó":2991,"hæð":207,"lnu":78,"lmi":211,"hél":52,"lme":420,"lma":336,"lna":176,"lmu":132,"hér":502,"lms":88,"hét":88,"lið":1440,"íba":75,"lti":430,"ltr":104,"lts":172,"ltu":112,"lub":100,"luh":51,"lug":511,"luf":94,"íbe":59,"lue":48,"lsh":178,"lsi":379,"lsj":39,"lsk":731,"lsl":62,"lsm":64,"lsn":115,"lss":277,"lst":946,"lsu":92,"lsv":167,"ías":50,"íal":40,"ían":123,"lta":329,"lte":303,"lri":85,"lu ":1523,"lsf":58,"lse":116,"lsd":64,"lsb":58,"lsa":85,"ía ":451,"lmö":34,"lre":29,"lt ":907,"lra":219,"ldó":125,"lhl":81,"lho":108,"lhe":309,"lhj":75,"lha":33,"lgu":75,"lgr":315,"lge":419,"lgj":181,"lgi":219,"li ":3368,"lga":439,"lbú":63,"lfv":36,"lfr":406,"lfs":536,"lft":177,"lfu":334,"lfo":43,"lfj":68,"lfl":58,"lfi":167,"lfb":34,"lfe":71,"lbá":43,"lfa":315,"ley":649,"lex":80,"leu":35,"lev":29,"les":811,"hás":508,"lað":1400,"hát":389,"let":264,"ler":229,"hár":141,"lep":51,"lem":83,"len":3455,"lek":97,"hál":239,"lei":4428,"laæ":29,"leg":4445,"lef":174,"lea":40,"lls":642,"llr":182,"llu":1097,"llt":609,"llv":107,"lly":78,"lo ":81,"lla":2838,"llb":51,"lld":150,"lle":713,"llg":128,"llh":48,"lli":2397,"llj":272,"llk":55,"llm":34,"lln":58,"llo":157,"lgí":110,"lko":96,"lku":305,"lks":187,"lky":33,"lka":170,"lke":74,"lki":628,"lkj":58,"lkn":60,"hæs":106,"hær":33,"lju":52,"hæt":240,"lm ":74,"ll ":1950,"lja":366,"hæk":32,"hæf":189,"hæg":247,"leð":89,"lit":720,"háð":110,"lis":1592,"lir":354,"lip":103,"lin":2452,"lim":235,"liv":30,"liu":91,"lic":99,"lid":33,"lia":157,"ldý":49,"lib":33,"lk ":248,"lik":141,"lil":61,"lig":590,"lie":155,"lif":428,"ma ":1535,"hún":569,"hús":642,"mb ":57,"mab":539,"mah":39,"mak":53,"mad":43,"mae":55,"maf":42,"mag":278,"mar":1996,"mas":392,"mal":260,"mam":64,"man":3392,"mav":111,"mat":635,"mba":627,"md ":63,"mbl":54,"mbi":46,"mbe":570,"hýs":53,"mbr":131,"mbo":170,"me ":192,"mbu":134,"mby":39,"húð":63,"mda":120,"mde":37,"mdu":54,"mdi":69,"med":51,"mef":118,"meg":340,"met":614,"mað":1182,"maí":169,"mes":450,"mer":1104,"mel":116,"men":2186,"mei":865,"maæ":41,"mfe":123,"mfa":71,"mey":48,"mfr":56,"mbí":46,"mbæ":186,"mfj":29,"lva":264,"lve":225,"lvi":125,"lul":121,"luk":133,"lun":888,"lum":1455,"lut":2348,"lus":353,"lur":1152,"luv":69,"ly ":105,"lsá":123,"hóf":338,"lræ":29,"lvu":443,"lsí":62,"hóp":300,"hól":244,"lyk":142,"lyf":122,"ltö":53,"hög":61,"höf":1628,"höl":107,"lvæ":179,"lym":116,"lyn":76,"lys":63,"luð":344,"lyt":300,"lyr":91,"hön":281,"lví":102,"hör":44,"mpi":49,"mpe":55,"mpr":35,"mpl":736,"mpu":43,"mps":68,"ms ":324,"mon":182,"mol":39,"mor":175,"mos":64,"mou":30,"mpa":70,"mri":72,"mru":37,"msa":120,"mu ":328,"mse":173,"msb":39,"mmá":75,"mt ":874,"ið ":16040,"mmú":58,"mra":69,"mtu":58,"iðu":850,"iðv":49,"iðs":853,"iðt":99,"mpí":104,"iðr":196,"iðm":78,"iðn":200,"iðk":105,"iðl":242,"iði":994,"mti":77,"iðj":659,"iðh":142,"mss":231,"mst":639,"msu":130,"msp":568,"msj":68,"msk":329,"msl":119,"msm":255,"msf":81,"msh":58,"msi":108,"iðd":64,"iðf":164,"mte":29,"iðe":79,"iðb":270,"iða":1209,"mta":215,"msv":831,"mvi":66,"mræ":144,"msá":58,"my ":29,"mur":1133,"mus":94,"mul":139,"mum":344,"mun":905,"mva":32,"mve":268,"mhl":52,"mhv":209,"mha":163,"mdæ":65,"mhe":130,"mi ":1234,"mbö":37,"mfy":45,"mfé":153,"min":1199,"mil":1646,"mir":185,"mis":788,"mit":132,"með":4188,"mic":43,"mik":821,"mo ":39,"mlu":66,"mli":71,"mle":912,"mla":218,"mgö":49,"mky":51,"mkv":450,"mki":55,"mke":47,"mm ":233,"mjö":303,"mjú":31,"mnu":39,"mjó":184,"mni":205,"mna":60,"mne":186,"mmy":31,"mms":259,"mmu":172,"mið":1660,"mmt":327,"mmi":66,"mmo":32,"mma":212,"mme":102,"xár":48,"xík":59,"xá ":30,"víd":42,"vía":47,"vít":367,"vís":868,"vív":36,"víu":65,"vír":31,"víl":52,"vík":1324,"vín":173,"vím":40,"víg":117,"víþ":176,"víð":290,"vö ":226,"vöx":63,"vöt":84,"vör":454,"völ":332,"vök":88,"アア ":30,"vöð":43,"ví ":1408,"væð":1152,"Ásg":52,"Ást":139,"ال":93,"vél":295,"vét":58,"Ára":30,"Ári":106,"Árm":44,"Árn":150,"væt":40,"vær":197,"zku":191,"væg":225,"væm":521,"væl":58,"væn":135,"Ágú":61,"Álf":73,"yrð":218,"yvi":33,"uðu":1637,"ytu":186,"uðv":232,"uðs":298,"ytt":292,"ytr":53,"uðr":201,"uðm":148,"uðn":68,"uðk":47,"uðl":128,"ytj":179,"yti":525,"uði":226,"uðg":34,"uðf":78,"uðb":470,"uða":444,"yta":127,"yss":114,"yst":379,"ysu":42,"ysk":93,"ysl":34,"ysi":128,"ynþ":31,"ysa":75,"yrk":276,"yrj":263,"yri":3304,"yrp":48,"yrn":424,"yrt":41,"yrs":1207,"yrr":562,"yru":38,"uð ":1944,"yra":258,"yrg":59,"ys ":74,"ypi":37,"ypt":168,"yps":42,"yr ":47,"yjó":34,"uðá":45,"týr":322,"yf ":34,"ydd":64,"yfa":39,"yfl":41,"yfi":1843,"yfj":42,"yer":35,"ya ":46,"túd":45,"tún":89,"töð":1090,"túr":354,"túg":124,"túl":110,"yan":50,"uæt":68,"yju":348,"ykh":37,"yki":114,"ykj":958,"ykk":283,"yks":31,"ykr":37,"yku":91,"ygð":31,"ykt":79,"yn ":65,"yld":242,"yle":30,"ylf":29,"ylg":269,"ylk":497,"yll":160,"ylv":38,"ylt":92,"yma":72,"ymi":55,"yms":49,"ymp":115,"yna":50,"ynd":2435,"yni":439,"ynj":135,"ynl":57,"ynf":55,"yng":529,"yns":204,"ynt":58,"ynn":253,"ر ":29,"yft":54,"ygi":89,"ygg":1542,"ygl":52,"ygj":36,"yin":76,"yja":1253,"tím":1376,"tín":493,"tíl":107,"tíu":187,"tís":148,"tíf":31,"tíg":107,"xtu":66,"xta":178,"xti":64,"tæð":489,"xne":38,"xna":31,"xið":31,"tét":65,"ي ":37,"xlu":43,"töf":197,"tön":65,"tök":743,"töl":1034,"tör":51,"ن ":58,"tóð":129,"tó ":38,"tíð":431,"tóm":77,"tón":860,"tók":231,"tól":186,"tób":197,"tóf":35,"tór":803,"tót":73,"sþá":113,"xfo":37,"tán":117,"tár":67,"ták":413,"tál":58,"xla":43,"tæt":90,"tær":1323,"tæk":1071,"tæp":54,"xin":82,"súl":58,"sút":44,"súr":97,"xa ":51,"sú ":352,"sýr":127,"sýs":821,"sýn":431,"sýk":65,"sþi":29,"tá ":55,"xas":32,"xar":46,"xan":81,"síð":895,"sök":67,"söl":167,"söm":115,"sön":374,"söf":68,"sög":1012,"sót":79,"sós":78,"són":245,"sól":222,"sók":506,"sér":1103,"séu":75,"sæt":356,"sé ":343,"wn ":40,"síg":43,"ws ":58,"sía":114,"sís":110,"síu":323,"sík":31,"sím":100,"síl":50,"sín":753,"wor":29,"rúð":68,"rþe":39,"rþi":59,"sá ":403,"rýt":47,"rýs":98,"rýn":71,"rým":56,"wer":56,"sár":272,"sát":78,"sál":193,"sæl":271,"sæk":59,"sæn":178,"wic":43,"rön":643,"röl":81,"rös":68,"rög":86,"röf":82,"rök":168,"róð":187,"rú ":190,"rúi":57,"rún":199,"rúm":310,"rús":221,"röð":352,"rút":141,"wa ":41,"rúa":419,"rúg":52,"rúf":57,"way":31,"war":95,"wai":35,"ríu":241,"rív":32,"rís":1547,"rít":76,"réð":35,"rír":32,"río":31,"rím":339,"rín":121,"rík":2512,"ríl":176,"ríh":63,"ríf":39,"ríb":73,"ría":168,"rð ":1989,"vu ":91,"rðv":334,"ró ":38,"rðr":296,"rðs":472,"rðu":3047,"rðg":39,"rðf":294,"rði":2526,"rðh":35,"rðm":67,"rðl":335,"rða":3018,"rðb":53,"rðe":35,"ríð":409,"vus":33,"vur":48,"vuo":30,"ríó":57,"vum":75,"vun":101,"vul":145,"vró":716,"rót":502,"rós":105,"róu":170,"róa":188,"róf":441,"rók":92,"ról":88,"rói":38,"rój":32,"róp":739,"róm":241,"rón":128,"vip":108,"vir":486,"vik":659,"vil":263,"vin":1308,"vig":107,"vic":33,"vid":89,"vif":41,"veð":482,"ráð":822,"vit":214,"vis":416,"ræn":875,"ræl":54,"ræm":47,"ræk":248,"ræf":40,"ræg":184,"ré ":89,"ræt":349,"ræv":35,"vo ":541,"réf":119,"rét":867,"við":5233,"rés":59,"ræð":4116,"rí ":42,"vog":188,"vol":114,"vok":77,"von":122,"vop":132,"vor":1409,"vot":61,"vi ":117,"vex":159,"vep":209,"ver":6921,"rár":206,"rás":260,"ves":1169,"vet":255,"rát":145,"vað":288,"ráv":43,"rái":33,"vei":2637,"veg":1474,"ven":751,"rán":98,"vem":147,"vel":1100,"rák":60,"vek":61,"ráb":38,"ráa":38,"vef":239,"ve ":176,"rá ":3167,"val":1084,"vak":173,"van":556,"vam":93,"var":9040,"vat":1043,"vas":74,"vav":70,"vax":219,"Áðu":37,"vaf":68,"vad":53,"vag":69,"va ":334,"uvö":31,"uví":69,"utæ":43,"utí":62,"ux ":46,"uvi":38,"uva":134,"uve":291,"urá":81,"urí":54,"urð":755,"usl":30,"usk":240,"ush":40,"usi":109,"use":190,"usa":273,"usv":66,"ust":3311,"uss":141,"usp":64,"usn":74,"utl":60,"utn":112,"uth":88,"uti":783,"upá":53,"ute":116,"utf":76,"uta":1193,"utt":454,"uts":66,"utv":219,"utu":201,"uto":43,"utr":39,"us ":1167,"ulý":49,"umá":434,"umæ":45,"umö":32,"ut ":328,"urb":253,"ura":213,"urd":67,"urf":235,"ure":339,"urh":524,"urg":224,"urj":30,"uri":1241,"url":562,"urk":192,"urm":112,"urn":504,"uro":90,"urp":40,"urr":390,"urs":1140,"urt":381,"uru":95,"urv":93,"ury":37,"uor":53,"upa":89,"ur ":26291,"upi":81,"upe":58,"ulá":50,"upp":2005,"ulí":46,"upm":133,"ulö":48,"ups":167,"ums":276,"umr":110,"umu":278,"umt":34,"umv":35,"umi":189,"umh":215,"umk":61,"umm":97,"uml":76,"umn":32,"uma":561,"umb":222,"umd":81,"ume":325,"umf":103,"uhö":65,"unt":112,"uns":75,"unv":62,"unu":1350,"unk":272,"uni":524,"unn":2545,"unc":32,"und":5296,"una":2110,"unb":61,"ung":2211,"une":148,"umy":38,"up ":193,"uku":56,"ukt":40,"ukn":82,"ukk":98,"uki":102,"uke":171,"um ":21458,"uka":181,"ulu":90,"ult":54,"uls":171,"ulr":34,"ulo":30,"ull":717,"ulj":36,"uli":154,"ulg":31,"uhá":62,"ule":1154,"ulf":47,"uld":119,"ula":290,"un ":2337,"uin":39,"uis":52,"uk ":357,"ufé":80,"uit":37,"ul ":138,"ugf":52,"ugg":223,"ugh":68,"ugi":102,"ugb":111,"uge":80,"ugn":84,"ugl":480,"ugm":142,"ufu":94,"ubó":48,"ufr":151,"uft":32,"uga":631,"ufy":58,"uhe":55,"uhr":48,"uhl":89,"ugv":167,"ugu":342,"ugt":564,"ugs":232,"ugr":64,"uha":44,"uct":39,"uda":130,"udd":31,"ude":123,"udi":40,"ubo":41,"ubr":59,"uca":53,"ue ":86,"uch":32,"uck":49,"uer":36,"ues":38,"uff":37,"ufe":30,"ufa":76,"ufo":48,"ubæ":33,"ufj":77,"ufi":29,"ufl":123,"ug ":195,"uef":41,"uel":43,"uar":31,"ual":30,"uan":43,"ubl":130,"ube":67,"uba":61,"ubb":30,"tvö":262,"tvæ":181,"tví":220,"pön":127,"pör":37,"tyk":37,"tyr":286,"tuð":583,"tyt":114,"ty ":229,"trö":549,"trý":35,"trú":459,"tró":64,"tré":135,"træ":183,"trí":436,"tvo":138,"trá":56,"tve":811,"tvi":179,"tva":215,"tur":6286,"tus":346,"tut":290,"tul":115,"tuk":92,"tun":2035,"tum":1349,"tub":54,"tud":78,"tuf":48,"tuh":68,"tug":285,"ttú":315,"ttá":38,"tz ":61,"pós":50,"two":32,"pól":144,"pía":68,"ts ":398,"tmæ":47,"tmá":108,"pít":55,"pír":83,"píp":39,"píu":114,"tre":326,"tt ":3973,"tra":1427,"trj":59,"tri":1095,"tru":188,"tro":207,"tu ":1914,"try":105,"tsa":40,"tsb":48,"tse":120,"tsd":95,"tsi":93,"tsj":49,"tsh":220,"tsm":42,"tsk":176,"tsl":69,"tsp":261,"tsv":50,"tsu":54,"toð":80,"tst":183,"tss":149,"tta":1700,"ttb":296,"tte":221,"ttf":40,"tth":142,"tti":1896,"ttk":177,"ttl":443,"ttm":78,"ttn":145,"tto":50,"ttp":29,"tts":368,"ttr":107,"ttu":1777,"ttt":56,"ttv":68,"tme":42,"tma":134,"to ":193,"thö":259,"tið":769,"tmi":41,"tni":1019,"tne":174,"tjá":158,"tna":432,"tmy":32,"tjó":1537,"tns":509,"tnu":113,"tof":1728,"toc":34,"tog":155,"tjö":220,"tos":79,"tom":29,"ton":377,"tok":74,"tol":63,"tor":456,"top":73,"tlæ":32,"til":6806,"tik":46,"tif":55,"tie":49,"tig":294,"tir":3353,"tit":169,"tis":756,"tin":2196,"tim":103,"tio":397,"thy":59,"thu":143,"thv":123,"tia":90,"tic":138,"tid":39,"tfæ":31,"tju":44,"pæn":140,"tiv":71,"tja":445,"tkv":226,"tku":148,"Ætt":33,"tke":39,"tgá":259,"Ævi":29,"tli":156,"tlu":263,"tn ":382,"tla":1003,"thá":36,"tle":549,"tem":310,"pán":114,"ten":1249,"tep":34,"tei":1039,"tek":688,"tel":552,"tef":480,"teg":799,"ted":71,"tfl":34,"tfj":120,"tfi":62,"tfe":37,"tbá":198,"tfa":120,"th ":216,"tey":170,"tex":159,"tað":3001,"tet":95,"tes":176,"ter":920,"pár":60,"tgr":38,"tge":143,"ti ":5397,"tbý":74,"tga":31,"tfr":38,"tho":74,"thl":29,"thr":34,"the":336,"thi":41,"tha":162,"þús":303,"þýs":403,"þýt":31,"þýð":375,"ýða":33,"ýðr":52,"ýði":302," アア":29,"ýðs":32,"ýðu":113,"ýðv":179,"þét":142,"þör":71,"þól":58,"þór":44,"þót":75,"þó ":313,"þá ":592,"þær":240,"þæt":143,"þát":560," об":31,"þrá":74,"þve":149,"þró":578,"þrí":169,"þræ":66,"þur":132,"þun":127,"þrý":79,"því":1355,"þyr":48,"þyn":97,"þyk":156,"三 ":35,"ýnt":39,"ýr ":423,"ýrd":38,"ýra":596,"ýrl":53,"ýri":416,"ýrt":38,"ýrs":37,"ýju":59,"ýki":49,"ýli":248,"ýle":93,"ými":230,"ýms":227,"ýni":230,"ýnd":168,"ýna":59,"ýja":206,"úða":105,"úðu":100,"úði":56,"úð ":64,"þro":69,"þre":237,"þrj":165,"þri":320,"þjó":1391,"þol":52,"þot":31,"þor":186,"þjá":53,"þin":513,"xíð":39,"þeg":905,"þei":1439,"þek":897,"þen":84,"það":1705,"þet":98,"þes":1283,"þar":1999,"þan":673,"þak":46,"yða":47,"yðj":117,"yði":287,"yðr":29,"þau":382,"yðs":65,"ýrð":81,"ýva":31,"ýti":83,"ýtt":104,"ýtu":56,"ýta":55,"ýsl":836,"ýsk":757,"ýsi":434,"ýst":220,"ýru":217,"ýsa":87},"n_words":[2831948,3326341,2728347],"name":"is","type":"latin"}