{"freq":{"ūci":182,"ūdu":26,"ūdr":44,"ūdo":28,"ūde":716,"ūda":90,"D":3059,"E":2166,"F":1831,"G":1835,"A":5495,"B":3355,"C":2145,"L":4567,"M":3974,"N":1829,"O":1507,"H":1820,"I":2327,"J":1801,"K":4616,"U":852,"T":4509,"W":365,"V":3715,"Q":38,"P":4759,"S":5447,"R":3339,"Y":65,"X":234,"Z":1747,"f":8161,"g":29438,"d":58295,"e":131519,"b":30435,"Fed":124,"c":22500,"a":237698,"n":95937,"o":88352,"l":73126,"m":69285,"j":43124,"k":78380,"Fel":22,"h":5764,"Fen":23,"i":199506,"w":553,"v":49552,"u":101354,"Fer":33,"t":118682,"s":178123,"r":127678,"q":293,"p":52161,"z":35062,"y":1297,"x":396,"²":54,"Fil":64,"í":35,"Fin":30,"Fir":23,"é":81,"ç":26,"ä":65,"â":42,"á":40,"ü":91,"ö":83,"ó":42,"Fiz":28,"ē":27728,"Ē":143,"Ā":409,"ā":76597,"Č":300,"č":1638,"ı":70,"ķ":3799,"Ķ":255,"Eze":42,"Ļ":56,"ļ":8048,"Ģ":128,"ģ":3732,"Ī":133,"ī":34346,"Ģer":28,"Ģeo":39,"Ģen":28,"ş":30,"ņ":7202,"Ņ":124,"ō":55,"Ž":134,"ž":4793,"Š":1043,"š":16459,"Ū":37,"ū":7903,"Equ":185,"Eri":30,"Ern":25,"Eur":70,"Eir":595,"́":38,"Ele":79,"Eks":36,"Eko":28,"μ":50,"ν":83,"End":31,"ο":116,"ι":60,"κ":31,"λ":61,"δ":42,"ε":43,"η":40,"α":118,"β":23,"γ":49,"ί":37,"Emi":22,"Eli":48,"ω":27,"Ent":23,"ό":36,"σ":41,"ς":97,"ρ":66,"π":29,"φ":23,"υ":22,"τ":47," l":9777,"ь":65," m":8646," n":13651," o":3224,"я":84," h":1222," i":26578," j":3868," k":23420,"ы":62," d":13444," e":3216,"х":31,"ц":23," f":3413," g":7521,"ч":56,"р":268," a":22507,"с":262," b":8086,"т":170," c":4249,"у":116," y":33," x":65," z":3907," u":13570," t":13126," w":93," v":19041," q":33," p":25406," s":20595," r":6772,"HK ":23,"Ūde":29,"Л":28,"К":30,"Н":52,"М":37,"О":27,"Б":29,"А":26,"В":29," J":1795," K":4607," H":1796," I":2309," N":1813," O":1473," L":4536," M":3956," B":3324," C":2058,"Р":35," A":5469,"С":193," F":1822," G":1815,"Ф":23," D":3031," E":2156,"л":187," Z":1739,"к":221,"й":81," Y":64," X":228,"и":382,"п":57,"о":387,"н":271,"м":85," S":5368,"г":53,"Ger":28," R":3325,"в":222,"б":51," Q":37," P":4729,"а":390,"Geo":50," W":350,"з":76," V":3691,"Gen":23," U":847,"е":335," T":4452,"д":133,"šža":24," ā":501," Ā":409," č":467," Č":299," Ē":143," ē":282,"HL ":22," ž":311," Ž":134," Ū":37," ū":565," Š":1042," š":2083," Ļ":56," ļ":329," ķ":663," Ķ":254," Ī":131," ī":702," Ģ":128," ģ":1094," Ņ":120," ņ":41,"י":25,"Gan":49,"Gal":115,"Gam":34,"Gau":47,"Gar":70,"Gai":64,"Fut":176,"و":37,"ي":53,"ل":68,"م":47,"ن":33,"د":35,"ب":27,"ة":22,"ا":101,"س":25,"ر":50,"Frī":41,"šūn":142,"Flo":40," А":25," Б":28," В":29,"Fra":343," К":29,"Fri":44," Л":27," М":37," Н":52," О":26,"Fre":87,"A ":493,"For":93," α":37,"F ":117,"Da":634,"Cu":37,"Cl":54,"Co":292,"Cr":43,"Ce":347,"Ch":135,"Ci":209,"G ":59,"Ed":95,"Eb":22,"Du":106,"Dz":229,"Do":208,"Dr":103,"De":400,"Di":679,"IP ":41,"Fe":227,"H ":468,"Fa":110,"Ez":43,"Eu":85,"Ev":42,"Ex":29,"Er":98,"Eq":185,"Et":48,"Es":44,"En":123,"Em":90,"Ei":677,"El":193,"Ek":93,"Eg":26,"Ge":158,"Bā":56,"Ga":460,"I ":434,"Fu":230,"Fr":536,"Fo":212,"Fl":70,"Fi":194," о":23,"B ":133," Р":34," С":176," Ф":23,"II ":185,"C ":377," с":29,"Av":74,"Au":759,"Ar":519,"At":405,"As":243,"D ":170,"Ba":1010,"Az":34,"Af":50,"Ag":51,"Ah":37,"Ab":147,"Ac":82,"Ad":148,"Am":328,"An":739,"Ap":260,"Ai":200,"Ak":154,"Al":535,"Hit":49,"His":22,"Bu":240,"Br":526,"Ca":279,"E ":106,"Bi":333,"Be":447,"Bo":341,"Hil":23,"Bl":116,"Him":40,"Hip":27,"Kv":49,"Ku":433,"Kl":267,"Kr":1045,"Ko":785,"Gā":24,"Le":274,"Li":1187,"N ":114,"La":2106,"Lu":187,"Ly":26,"Lo":258,"Me":656,"Hā":28,"Dž":311,"Mi":487,"O ":256,"Ma":1352,"My":39,"Hē":35,"Mu":257,"Mo":497,"Ni":163,"Ne":339,"Na":331,"P ":315,"Hel":44,"Hei":53,"Nu":37,"No":488,"Ok":85,"Ol":289,"On":42,"Og":53,"Oh":28,"Od":50,"Jā":93,"Hen":52,"Of":29,"Ob":41,"Her":113,"Gi":68,"Gl":88,"Gr":518,"Go":173,"IA ":51,"Gu":165,"Gv":31,"Bē":72,"J ":48,"Ha":442,"He":346,"Hi":235,"Ho":305,"Bī":48,"Hu":55,"Cē":86,"K ":99,"Ib":23,"Id":25,"Dā":72,"Ie":161,"Ig":193,"Im":77,"In":597,"Ik":26,"Il":62,"Dē":23,"Iv":35,"Is":56,"It":130,"Ir":159,"Ja":606,"L ":193,"Iz":255,"Je":180,"Jo":238,"Hab":30,"Ju":235,"Hal":59,"Hai":24,"Ka":1308,"Han":77,"M ":140,"Ham":27,"Har":76,"Ki":234,"Hav":40,"Ke":175,"Mū":173,"Ur":133,"Up":46,"Un":191,"Uk":57,"Ul":29,"Ug":37,"Pā":146,"W ":36,"Tu":367,"Nī":78,"Tr":348,"Lū":27,"To":528,"Th":183,"Ti":330,"Tj":24,"Te":412,"Ta":1094,"V ":507,"Bēr":58,"Grī":41,"Sy":41,"St":811,"Sv":222,"Su":204,"Wo":58,"Wi":99,"Wa":68,"Rā":30,"We":47,"Vo":206,"Pī":38,"Vu":40,"Vi":1349,"Vl":38,"X ":140,"Va":795,"Ve":528,"Pē":222,"Uz":97,"Lā":40,"Pu":149,"Pr":574,"Ps":29,"Gus":31,"S ":509,"Pe":330,"Kā":157,"Pa":1460,"Gui":25,"Pl":246,"Po":522,"Pi":543,"Ph":56,"Gul":51,"Os":199,"Ot":132," ا":37,"Ov":28,"Op":65,"Or":179,"R ":242,"šņu":59,"Jē":211,"Nā":75,"Se":449,"Sc":140,"Si":396,"Sh":52,"Sn":22,"Sm":71,"Sl":112,"Sk":318,"Mī":29,"Sp":308,"So":292,"Ru":198,"Jū":171,"Mē":139,"U ":122,"Sa":1320,"Grā":24,"Re":684,"Mā":133,"Ri":309,"Rh":25,"Ro":567,"Lī":215,"Qu":25,"Lē":28,"T ":118,"Ra":377,"Gre":140,"Gri":112,"Gra":91,"Vī":58,"b ":1431,"Gru":54,"Gro":39,"a ":45978,"Sē":77,"Tā":889,"Yo":26,"Tē":78,"Sī":40,"Z ":47,"Rē":60,"Sā":102,"Pū":23,"Rī":858,"Gol":28,"Got":33,"Vā":356,"Vē":122,"Za":126,"Ze":604,"Zi":554,"Tī":49,"Zo":72,"Zu":34,"God":26,"Rū":43,"Zv":222,"šķā":29,"i ":20844,"aē":38,"gd":52,"ge":675,"bā":1878,"ga":11955,"gb":23,"Ing":34,"Inf":36,"fl":161,"fg":38,"ff":54,"aā":32,"fi":2006,"šķē":67,"fs":184,"fr":742,"ač":195,"fu":915,"ft":143,"Int":119,"fo":1630,"Ins":32,"j ":431,"aķ":196,"gz":413,"bē":351,"Ir ":43,"cā":282,"he":981,"aļ":2174,"ha":893,"gn":346,"gm":103,"gl":1302,"gk":23,"aģ":126,"gi":1023,"gh":75,"gg":39,"gv":152,"gu":2538,"gt":345,"gs":1978,"gr":3115,"šķī":179,"aī":165,"go":1269,"dt":34,"du":3460,"dv":153,"dy":39,"dz":8558,"g ":378,"Ima":40,"ea":831,"eb":2145,"ec":2362,"ed":5035,"de":6326,"dd":61,"dg":22,"di":7508,"dh":33,"dk":50,"dm":437,"dl":81,"do":4137,"dn":387,"dp":40,"ds":1737,"dr":2632,"ew":72,"ex":66,"eu":138,"ev":3202,"ey":101,"ez":2104,"fa":698,"h ":326,"Inc":26,"Ind":290,"fe":924,"eh":574,"eg":1917,"ef":579,"ee":260,"el":8559,"ek":9435,"ej":1682,"ei":6080,"ep":1928,"eo":1018,"Imp":27,"en":17231,"em":12435,"et":9035,"es":13667,"er":13266,"cb":46,"ca":1325,"e ":9104,"bv":92,"by":23,"bs":478,"br":1873,"bu":2780,"bn":90,"bo":2478,"bp":134,"bj":321,"bk":204,"bl":923,"bi":5030,"bb":37,"bd":41,"be":3600,"da":13240,"f ":227,"cy":80,"cu":688,"ct":320,"cs":106,"cr":118,"co":534,"cp":28,"cm":65,"ck":210,"cl":78,"ci":9940,"ch":496,"ce":3798,"cc":58,"c ":1617,"Zī":28,"az":1867,"ay":138,"ba":7096,"d ":1260,"at":15301,"as":46560,"ar":22107,"šķe":37,"ax":44,"aw":25,"av":4016,"au":11606,"šķa":58,"ak":5105,"al":13877,"ai":16755,"aj":4377,"ao":99,"ap":6109,"šķi":792,"am":7193,"an":13591,"ac":1971,"ad":7331,"aa":123,"šķu":61,"ab":3333,"ag":2079,"ah":438,"ae":799,"af":317,"nu":3766,"nt":6816,"ns":6634,"ič":143,"nr":301,"hī":43,"np":87,"no":13676,"nn":366,"nz":252,"ny":68,"iē":45,"nv":1299,"oe":196,"jā":6443,"of":937,"Dān":37,"oc":1480,"od":5344,"oa":231,"ob":1666,"Dār":22,"om":4560,"on":9439,"ok":3012,"ol":6437,"oi":175,"gš":291,"iģ":203,"oj":3579,"og":1772,"oh":231,"Iga":176,"ot":8233,"m²":53,"gū":417,"os":7017,"ov":1717,"ou":258,"op":3592,"oo":225,"or":8642,"iķ":475,"r ":23056,"ox":43,"jē":253,"ow":104,"oz":1358,"oy":26,"pd":241,"pe":2624,"kā":9200,"pg":761,"gž":90,"pa":12196,"pb":92,"iļ":351,"pc":59,"pl":2446,"iņ":2232,"pm":337,"pn":123,"po":2922,"ph":171,"pi":8931,"pj":212,"pk":534,"lo":5141,"ln":1238,"eņ":1120,"lm":668,"ll":864,"ls":6050,"dū":151,"lr":53,"fī":68,"lp":774,"lv":2188,"lu":3183,"lt":2348,"lz":417,"ly":68,"gē":101,"o ":13523,"md":123,"ma":11255,"mb":1027,"dž":490,"mg":152,"me":8257,"mf":62,"hā":197,"mk":81,"ml":84,"mi":7529,"eš":2372,"mj":254,"mn":294,"mm":568,"mp":1937,"mo":3385,"mt":1499,"ms":4163,"mv":67,"Iek":27,"mu":4579,"hē":85,"mz":26,"Ied":23,"Ier":30,"p ":1187,"Ies":23,"na":11100,"nb":173,"nc":1308,"gļ":378,"nd":3610,"ne":6367,"nf":496,"iā":1355,"ež":1461,"ng":2033,"nh":159,"ni":10637,"nj":103,"nk":1409,"nl":178,"nm":119,"jv":54,"jt":24,"ju":6450,"jr":40,"eč":136,"bū":646,"js":1745,"jp":49,"dī":2457,"jn":108,"jo":2718,"jl":29,"jk":33,"ki":2861,"eģ":460,"kh":87,"kg":105,"fā":86,"ke":1430,"kd":52,"kc":519,"kb":27,"ka":21595,"m ":14604,"fē":229,"ky":24,"cū":51,"ks":6047,"kt":4783,"ku":9917,"kv":498,"ko":8251,"kp":53,"eī":44,"kr":3493,"kk":49,"kl":2204,"dņ":25,"km":1006,"kn":291,"li":12111,"lh":104,"lk":789,"lj":234,"le":5914,"ld":1879,"lg":521,"lf":344,"gā":2261,"la":14259,"eļ":2084,"lc":198,"lb":519,"n ":12333,"eķ":397,"hr":242,"hs":176,"bī":818,"ht":159,"hu":177,"hi":1019,"hn":345,"ho":773,"hl":97,"aņ":799,"hm":55,"id":6988,"ic":1972,"ib":840,"ia":987,"ih":374,"ig":1651,"if":662,"dā":3118,"ie":43851,"hy":49,"cē":786,"k ":3032,"cī":1751,"iq":24,"ir":20819,"is":22114,"it":6916,"iu":210,"iv":1914,"dē":1715,"ix":47,"ii":76,"aš":1551,"ij":18002,"ik":8262,"il":7272,"im":5227,"in":12037,"io":3152,"ip":1361,"je":2277,"jd":65,"až":1131,"eā":550,"ji":2430,"iz":8191,"l ":908,"ja":18785,"xi":24,"pš":285,"rģ":265,"pū":149,"rī":5569,"xt":23,"rē":1505,"ww":72,"z ":3167,"ož":188,"sā":1658,"nž":71,"wi":65,"oš":2487,"šīs":96,"šīr":28,"wo":40,"šīn":152,"ws":45,"vv":135,"vz":34,"y ":470,"wa":100,"pļ":34,"rā":7122,"we":66,"vl":36,"vm":57,"oņ":431,"vj":161,"vk":55,"vi":15879,"nš":154,"vg":67,"vu":1511,"vr":110,"vs":665,"nū":52,"vp":135,"pī":487,"vn":277,"vo":2198,"šīb":168,"uz":3239,"ux":47,"pē":3898,"uv":1138,"uu":163,"ve":6316,"vd":128,"vc":24,"oļ":231,"va":13478,"oķ":34,"x ":250,"oģ":891,"ui":330,"mš":154,"uj":549,"uk":2577,"ul":3970,"ue":159,"pā":3136,"uf":42,"ug":2904,"lž":37,"uh":49,"oī":103,"ur":8826,"mū":945,"us":8406,"ut":3554,"um":10369,"un":12883,"uo":66,"up":1299,"ty":109,"tz":181,"tu":9581,"tt":1263,"tw":38,"tv":2682,"ub":1129,"ua":219,"ud":1801,"uc":777,"w ":104,"to":9558,"tn":1900,"tm":416,"tl":676,"lū":587,"ts":7290,"tr":9995,"oč":89,"nī":2204,"tp":327,"tg":235,"tf":75,"te":8645,"td":205,"tk":771,"tj":107,"ti":16287,"lš":164,"th":431,"v ":977,"šī ":103,"tb":1541,"tc":58,"ta":17648,"su":2355,"sv":864,"ss":1501,"kū":96,"st":22568,"sy":29,"sz":152,"sw":23,"nē":1546,"sl":2038,"sk":10907,"sn":958,"sm":2964,"sp":4072,"so":1970,"sr":95,"nč":276,"mī":785,"sd":451,"sc":379,"sf":321,"nā":8240,"se":3495,"sh":197,"sg":86,"sj":78,"si":5921,"kš":1455,"rz":732,"u ":34678,"sa":11922,"sb":260,"rr":239,"rs":5613,"jū":1021,"rt":4290,"ru":7404,"rv":1310,"Cēs":56,"mē":2975,"ry":160,"lī":4107,"rp":1821,"ro":10142,"rn":1729,"kņ":114,"rm":3278,"rl":568,"rk":1664,"rj":126,"jš":27,"ri":15479,"rh":439,"rg":2074,"iž":275,"mā":4269,"rf":127,"re":6968,"rd":2322,"rc":590,"kļ":994,"rb":2090,"ra":18562,"t ":6209,"lē":2235,"qu":266,"kī":37,"iš":513,"lā":5128,"s ":99264,"kē":55,"pz":438,"pt":1346,"pu":3008,"pv":476,"pp":139,"jī":54,"pr":4678,"ps":1123,"zī":3820,"zā":1002,"IX ":48,"šģi":28,"zē":1137,"už":113,"uš":785,"IV ":42,"tš":221,"uļ":295,"uņ":333,"vī":926,"tū":1454,"vā":2847,"tļ":184,"uģ":166,"rž":79,"zz":61,"sū":160,"Bīb":25,"vē":3474,"tņ":104,"uā":341,"Hor":54,"zg":379,"zi":7929,"rš":1224,"zb":206,"Hou":27,"zc":577,"zd":606,"ze":4296,"za":1506,"Hom":27,"Hon":23,"Hok":34,"Hol":58,"zv":1734,"uē":34,"rū":541,"zs":1624,"uč":23,"zr":375,"zu":648,"zt":460,"zo":976,"zn":964,"tī":5903,"zp":657,"zk":332,"zj":64,"zm":1200,"zl":791,"yg":24,"ye":62,"tā":11917,"rļ":24,"yc":58,"yd":22,"ya":64,"rķ":279,"sē":2104,"tē":2602,"yt":35,"ys":126,"yr":30,"sī":1152,"yp":31,"yo":86,"yn":43,"ym":26,"rņ":171,"yl":66,"yi":22,"Arg":44,"Arh":40,"Are":22,"Ard":29,"Ara":25,"Arm":42,"Ari":31,"Šīs":37,"Apv":89,"Apo":23,"Atk":35,"Atl":83,"Atr":91,"Ato":22,"Ast":53,"Ata":28,"Asi":33,"Aso":76,"Art":56,"Avo":25,"Aut":94,"Aus":451,"Aug":149,"Alū":46,"Arā":51,"šēj":249,"zš":91,"zū":24,"zņ":392,"Šķi":29,"Atš":29,"Bak":26,"Bal":501,"Ban":57,"Bab":25,"Baz":45,"Bar":119,"Bas":49,"Bau":40,"Abr":31,"Act":23,"Ada":38,"šā ":313,"Adr":25,"šād":125,"šāk":184,"šām":60,"šās":183,"šāv":22,"Afg":26,"Aiz":104,"Aka":34,"Ala":26,"Alb":79,"Ale":93,"Alf":40,"Alt":55,"All":36,"Alp":29,"Ame":197,"Ama":49,"Šī ":93,"Ang":135,"Ana":95,"And":123,"Ant":228,"Ann":55,"Ar ":101,"ОН ":57,"Bul":41,"Bur":79,"Blū":22,"Bru":49,"Brī":92,"² ":53,"Brā":30,"Cal":37,"Cam":27,"Car":39,"Cau":23,"Can":86,"Cap":22,"CH ":201,"Bez":37,"Ber":134,"Ben":73,"Bel":45,"Bie":67,"Biz":31,"Šād":55,"Bil":27,"Bir":42,"Bio":33,"Blo":34,"CP ":24,"CO ":32,"Bla":25,"Bre":53,"Bra":125,"Bro":55,"Bri":92,"Bol":40,"Bon":23,"Bor":50,"Bos":71,"Bov":25,"Der":41,"Des":26,"Dei":40,"Del":44,"Dem":45,"Den":34,"Deg":23,"Dan":52,"Dar":42,"Dat":63,"Dau":261,"Dab":33,"Chr":32,"Cit":38,"Cir":22,"Cil":47,"Cel":26,"Cen":195,"Cet":27,"Cer":41,"Cha":50,"Cor":106,"Com":69,"Col":30,"Con":48,"FA ":41,"ģip":59,"ģin":756,"ģio":352,"ģit":52,"ģis":449,"ģim":77,"ģij":982,"Dze":94,"Dzi":93,"ģi ":28,"ģer":123,"ģel":28,"ģeo":161,"ģen":236,"Edv":25,"Edu":28,"ģa ":65,"Dzī":27,"āg":215,"Daž":59,"āf":379,"āc":3184,"ād":3136,"āb":862,"āp":472,"ām":4331,"ān":2529,"āk":5743,"āl":5581,"āj":3661,"āv":1981,"āt":4781,"ās":7161,"ār":6698,"āz":697,"Dib":24,"Dis":48,"Din":26,"Āb":22,"Dig":22,"Ād":23,"Āg":35,"Āf":113,"Die":362,"Āz":143,"Ār":50,"Div":37,"ā ":23455,"Dub":30,"ür":23,"ая ":29,"ģu ":60,"СН ":64,"Dra":31,"Dob":31,"ES ":40,"Don":29,"Dom":61,"OH ":75,"Nea":33,"ēģ":190,"Nei":26,"Net":40,"Ner":49,"Nep":30,"Neo":28,"Ēģ":41,"Nat":30,"−":111,"īdi":166,"īdr":32,"īds":186,"īdu":170,"īda":185,"īde":154,"Nin":27,"Nik":51,"ēž":23,"īci":383,"ūšu":22,"īca":276,"ūša":102,"īce":148,"ībn":58,"ēš":773,"ībi":22,"ību":1222,"ībv":37,"īd ":59,"ībe":36,"ība":3544,"ēļ":376,"New":31,"ēķ":56,"ēņ":27,"īcā":40,"ībā":960,"īgi":496,"īga":1676,"īgu":405,"īgo":298,"īgs":407,"īdz":1603,"īla":22,"Nam":26,"īgā":813,"īle":67,"īli":124,"Nac":121,"īka":42,"īkl":241,"īko":106,"īks":151,"īja":305,"ģu":81,"īji":84,"īju":700,"īdī":105,"īm ":246,"ģi":2798,"ģe":601,"ģa":66,"īdā":112,"īcī":70,"Ģe":106,"āļ":238,"āņ":597,"āč":113,"Či":48,"Če":124,"Ča":35,"Ču":25,"či":150,"če":516,"Īri":58,"ča":247,"āš":567,"āž":93,"No ":69,"ē ":2668,"Īsl":26,"čo":33,"čs":42,"ču":562,"ēz":349,"ēt":4896,"ēs":1279,"ēv":258,"čū":27,"Čī":26,"OS ":28,"ēm":2242,"ēn":867,"ēk":1496,"ēl":2212,"ēr":3544,"ēp":82,"Nov":61,"ēc":1136,"ēd":833,"Nor":163,"ēj":4209,"ēg":174,"Nos":50,"Not":22,"ēb":25,"Nok":22,"Ēr":64,"Nob":33,"ķe":541,"ķa":229,"ķu":510,"ķs":30,"ķo":78,"Odi":27,"ķi":1644,"ļ ":195,"Ogr":36,"Jān":51,"ļa":2291,"ļi":696,"ļk":39,"ļj":32,"ļe":71,"ļd":32,"ķā":31,"Ķī":170,"ļr":180,"ļs":48,"ļl":36,"ļo":646,"ķē":171,"ļu":2107,"ļv":154,"Ļe":28,"Oke":30,"ķī":541,"ļķ":37,"ļī":23,"ļģ":54,"ļē":91,"PA ":36,"ļā":656,"ļš":133,"ļū":169,"ļļ":89,"ļņ":176,"ņv":39,"ņi":716,"ņk":42,"ņj":25,"ņo":260,"ņn":28,"ņu":2226,"ņs":60,"ņr":139,"Ņu":43,"ņa":1766,"ņb":29,"ņd":47,"ņe":432,"Otr":101,"Ovi":22,"ī ":3304,"ģē":120,"ģī":39,"Jēk":140,"Īs":48,"Īr":60,"īb":5893,"Jēz":37,"īc":960,"īd":2819,"īj":1202,"īg":4125,"īl":317,"īk":663,"īn":1786,"īm":2002,"īp":453,"īr":757,"īt":3369,"īs":1871,"īv":3050,"īz":500,"ģīt":31,"Oli":250,"ı ":35,"Jāņ":29,"īģ":38,"īč":97,"īņ":368,"PS ":25,"īļ":122,"īš":592,"Ope":52,"Org":41,"Ost":30," −":67,"Osk":35,"Osm":120,"Ķe":55,"š ":1382,"Ple":55,"Pla":145,"Pil":83,"Paš":73,"Pit":22,"Pir":196,"QL ":27,"Pie":153,"Pha":28,"ģēt":22,"ģēr":24,"Kār":70,"ģēl":37,"šī":572,"šģ":28,"Per":109,"šļ":41,"Pet":30,"Pen":59,"Pek":25,"Pel":45,"šķ":1261,"Šī":134,"Kā ":42,"šā":893,"šē":273,"Šķ":45,"Šā":65,"Paz":31,"Pat":54,"Pas":386,"Par":468,"Pav":27,"Pau":41,"Pad":103,"Pan":44,"Pap":26,"Pal":61,"Pak":46,"šg":29,"še":180,"šd":202,"ša":5315,"šo":571,"šp":217,"šm":110,"šn":89,"šk":157,"šl":112,"ši":1623,"šv":170,"šu":2014,"št":354,"šs":357,"šr":148,"šz":36,"Še":104,"Ša":199,"Šo":132,"Ši":163,"Št":29,"Šv":81,"ņš":324,"Ņū":40,"ņģ":77,"Prū":54,"ņē":348,"ņķ":245,"ņā":297,"Prā":22,"Pro":228,"Pri":121,"Pre":78,"Pra":58,"Pol":274,"Pos":25,"Pop":24,"Por":59,"žr":80,"žs":96,"žu":691,"žn":24,"žo":773,"že":338,"ža":902,"žk":75,"žm":27,"ži":613,"Ža":46,"Ži":23,"Že":35,"RS ":104," ال":23,"ž ":41,"žū":26,"žņ":118,"žī":67,"žģ":48,"žā":790,"SA ":43,"Rad":110,"Rai":35,"Rag":24,"Rak":35,"ū ":140,"šņ":106,"Ūd":31,"šž":26,"šū":152,"ūg":56,"ūd":971,"ūc":206,"ūz":629,"ūs":815,"ūt":957,"ūv":256,"ūp":130,"ūr":2415,"ūk":417,"ūl":106,"ūm":112,"ūn":373,"ūš":146,"ūž":54,"Isl":22,"Irā":62,"Iva":31,"Izv":72,"Izr":29,"Itā":112,"Jac":27,"Jav":26,"Jau":217,"Jap":129,"Jan":40,"Jam":45,"Jag":28,"Ja ":27,"Jel":80,"Jer":41,"Jor":27,"Jon":25,"ア":23,"Joh":102,"KS ":29,"Jug":32,"Jup":83,"Jur":42,"Jum":22,"Kad":24,"Kab":22,"Kai":30,"Kam":79,"Kal":190,"Kap":52,"Kan":182,"Kau":72,"Kat":99,"Kas":57,"Kar":357,"Kaz":79,"Ker":28,"Ken":34,"Kem":29,"Kei":25,"Kir":46,"Kin":77,"Kij":27,"Kli":34,"Kle":26,"Kla":44,"Klu":132,"Kon":195,"Kom":112,"Kol":59,"Kos":58,"Kor":100,"Kop":106,"Kod":29,"Kok":40,"Kre":35,"Kra":70,"Kri":714,"Kro":35,"Kru":113,"Krā":28,"Kul":67,"Kur":259,"Kva":27,"Let":23,"Leo":37,"Lej":26,"Led":38,"Lau":64,"Lak":51,"Lai":103,"Lag":34,"Lat":1556,"Lar":29,"Lap":25,"Lam":24,"Lan":56,"Lab":56,"ML ":46,"Lib":28,"Lie":695,"Lim":30,"Lin":97,"Lit":29,"Liv":157,"Lut":24,"Luk":24,"Lud":28,"Lug":27,"Lor":22,"Lon":64,"Lok":22,"ūs ":24,"ūpn":62,"ūra":1491,"ūt ":294,"ūsd":328,"ūnā":49,"ūrs":28,"ūru":316,"ūrv":45,"ūrm":32,"ūrn":45,"ūrg":22,"ūri":123,"ūks":153,"ūku":78,"ūka":36,"ūko":44,"ūma":25,"ūli":71,"ūmu":36,"ūna":154,"ūns":22,"ūnu":55,"ūni":45,"Mek":48,"Mei":30,"Men":40,"Mel":144,"Mer":74,"Met":75,"ūtā":37,"Med":58,"Mez":22,"ūzi":561,"Džo":145,"ūzu":22,"ūtī":135,"Džu":25,"Dže":88,"ūsi":58,"ūsm":68,"ūsu":37,"ūst":237,"ūta":126,"ūte":28,"Man":129,"Mal":86,"ūti":73,"Mam":22,"Mar":393,"ūto":32,"Mas":145,"ūtn":56,"Mag":45,"ūts":52,"Mad":99,"Mak":70,"Mai":65,"ūtu":111,"Mac":23,"īzā":35,"īzē":29,"ūvi":42,"Maz":108,"Mat":72,"ūve":114,"ūrā":242,"īvā":296,"ītī":76,"īzi":177,"īze":130,"ītē":23,"Mod":95,"Mol":50,"Mon":122,"Mos":23,"Mor":85,"Mot":31,"Moz":28,"NS ":43,"īvī":139,"Mež":62,"īvē":41,"Mih":26,"Mik":53,"Mie":24,"īrā":42,"Mic":50,"īvn":200,"īvm":36,"īvp":28,"īvo":1046,"īvu":146,"Mir":23,"īvs":154,"Mil":64,"Min":133,"īva":467,"īve":148,"īvi":298,"ūvē":84,"ītā":552,"NO ":49,"īz ":81,"īsā":29,"īlī":22,"īrs":118,"īru":139,"īri":268,"īsa":30,"īnā":148,"īmē":659,"Mur":22,"Mus":124,"īra":120,"īt ":399,"ītu":205,"īnī":56,"ītr":41,"īts":565,"ītn":23,"īto":115,"īti":392,"īst":852,"īss":36,"īmī":130,"īsl":28,"īsk":119,"īsi":181,"īkš":28,"īte":151,"īta":808,"īne":41,"īni":507,"īno":33,"īns":285,"īnu":169,"īme":446,"īmi":343,"īmj":45,"īmo":31,"īmu":34,"īms":40,"īna":462,"īkā":26,"īs ":468,"ījā":106,"īpa":426,"Sāk":57,"Rēz":54,"XX ":24,"кий":32,"Wor":39,"Wil":32,"Win":29,"War":28,"Vul":29,"Vor":36,"Vol":134,"Viņ":206,"Viļ":33,"Vis":230,"Vit":48,"Vla":36,"ču ":517,"Zaļ":27,"Zie":391,"Zin":62,"Zil":29,"Zel":41,"Zem":525,"之":22,"Tēr":50,"三":24,"на ":32,"Tā ":634,"Tāl":53,"Tās":150,"Sēr":28,"Sēl":24,"Rīg":820,"Svē":102,"Sys":26,"Sve":45,"Spē":56,"Sul":33,"Spā":87,"Str":115,"Stu":53,"Sti":60,"Sto":87,"Sta":349,"Ste":80,"Teh":22,"Tec":22,"Tem":25,"Teo":25,"Tei":33,"Tel":43,"Tam":51,"Tan":40,"Tas":583,"Tar":26,"Tau":65,"Tai":63,"Taj":81,"Tak":27,"Tal":71,"Sko":119,"Sku":25,"Ska":110,"Sim":41,"Sil":58,"Sig":27,"Sir":32,"Sin":63,"Sid":28,"Sie":22,"Sib":28,"Nāc":29,"Ser":100,"Sen":122,"Sel":26,"Sem":34,"Sek":22,"TV ":22,"Spa":42,"TS ":22,"Spi":27,"Spe":35,"Spo":27,"Soc":53,"Sol":25,"Som":114,"Son":25,"Slo":56,"Smi":29,"TP ":38,"Mēr":47,"Mēn":64,"Jūr":108,"Jūl":32,"SV ":351,"Run":31,"Rum":56,"Rub":29,"Sai":29,"Sah":30,"Sak":57,"Sam":35,"Sal":189,"Sac":23,"Sab":29,"Sae":27,"Sad":27,"Sco":41,"Sci":36,"Sch":39,"Sav":262,"Sat":49,"Sau":200,"Sar":143,"Sas":60,"San":93,"ови":22,"Mār":46,"Māk":28,"SI ":51,"Res":30,"Rie":159,"Rau":22,"Rec":23,"Red":33,"Rei":58,"Ren":27,"Rep":321,"Rob":99,"Rod":49,"SR ":106,"Ros":76,"Ron":23,"Rom":176,"SS ":24,"Līg":32,"Līd":101,"čūs":27,"Reģ":30,"SO ":60,"Pēc":116,"Pēt":62,"Vai":65,"Vel":97,"Ven":119,"Vei":37,"Vec":107,"ски":39,"ска":25,"ско":22,"Vas":82,"Van":50,"Val":406,"Var":89,"Vaš":22,"Vid":291,"Vie":179,"Vir":65,"Vil":141,"Vik":70,"Vin":38,"Ver":44,"Ves":70,"Ukr":55,"Ung":47,"Uni":125,"Urs":73,"Mūz":68,"Mūs":71,"Ērg":30,"Uz ":28,"Čīl":23,"ēcī":76,"ēdā":27,"Trī":27,"ēj ":73,"ēgu":33,"ēgt":73,"ēkl":37,"ēko":23,"ēki":215,"ēku":376,"ēkt":35,"ēks":180,"ēm ":819,"ēka":504,"ēji":561,"ēju":643,"ējs":400,"ējr":35,"ējp":24,"ējo":477,"ēl ":109,"ēdē":151,"ējd":44,"ēja":1223,"ēmu":365,"ēma":558,"ēmi":221,"ēli":303,"ēlo":171,"ēln":72,"ēls":126,"ēlu":113,"ēla":172,"ēle":379,"ēc ":930,"ēci":41,"ēdu":26,"ēdz":296,"Pāv":29,"Pār":113,"ēda":98,"VI ":40,"ēde":49,"ēdi":142,"Ter":125,"Tet":23,"ēvs":32,"ērē":61,"ērā":124,"ērķ":215,"ēsē":144,"The":138,"ērī":91,"ēsā":29,"ēze":148,"Tib":26,"Tie":134,"ēsī":28,"Tim":41,"ētā":792,"Tir":25,"ēzi":135,"ērš":71,"ētī":178,"ēzu":41,"ēvē":143,"To ":233,"ēne":214,"ēni":174,"ēna":102,"ēns":137,"ēnu":91,"Top":34,"ējā":633,"Tor":80,"Tom":55,"Tos":31,"ēkā":56,"ēr ":112,"ējī":33,"ēpo":30,"ēlā":185,"ēs ":404,"ēt ":252,"ēlē":492,"Nīd":49,"ēra":721,"ērb":56,"ērd":31,"ēre":37,"ēmā":142,"ēri":669,"ērk":23,"Tro":39,"ērn":117,"ērp":23,"ēro":293,"ēlī":53,"ērt":389,"Tri":83,"ērs":217,"ērv":101,"ēru":97,"ēmē":83,"Tre":69,"ērz":31,"Tra":108,"ēnā":38,"ēkš":30,"ēsl":23,"ēsu":45,"ēst":566,"ēnē":31,"ēte":130,"ēta":1832,"ētn":71,"ēto":79,"ēti":598,"ētk":66,"ētu":414,"ētr":34,"ēts":396,"Tur":208,"Tuv":48,"Tuk":33,"Tul":26,"šdz":152,"šde":24,"ši ":834,"šel":77,"ša ":338,"šas":321,"šau":228,"šah":27,"šai":236,"šaj":205,"šam":126,"šan":3757,"ēģi":168,"Šve":65,"šte":79,"šta":234,"šst":29,"šum":55,"šus":57,"švi":22,"šve":23,"šva":72,"špa":34,"škā":87,"špi":125,"šos":132,"šot":31,"Ēģi":41,"špu":29,"šs ":266,"šre":66,"šru":52,"šsa":28,"šu ":1883,"šla":74,"šme":77,"вич":26,"šo ":346,"šni":32,"šno":38,"šie":334,"šif":27,"šin":270,"šim":31,"šis":80,"ēļa":42,"ēļ ":153,"ēķi":49,"švā":48,"šze":25,"ēļu":170,"bju":45,"bje":249,"biz":35,"bis":145,"bit":116,"bio":155,"bir":59,"bik":26,"bil":410,"bin":496,"bij":2367,"bo ":36,"blo":48,"ble":47,"bli":610,"bla":73,"bku":154,"bok":22,"bol":1514,"boj":283,"bni":61,"bež":545,"bs ":212,"biļ":23,"bpi":124,"biņ":28,"bon":217,"bor":108,"bot":84,"bos":35,"bov":23,"be ":419,"bam":32,"ban":81,"bak":69,"bal":1602,"bai":173,"baj":47,"bag":46,"bac":26,"bad":23,"baz":174,"bau":36,"bat":100,"bas":2875,"bar":192,"azī":447,"bi ":165,"bei":323,"bed":22,"ber":482,"ben":195,"bel":118,"bek":85,"bez":361,"bes":245,"bet":713,"bib":56,"bie":860,"brū":72,"− ":42,"buļ":79,"−C":44,"ca ":396,"car":55,"cas":201,"cat":29,"cau":337,"can":76,"cab":38,"cam":74,"cal":52,"ce ":431,"cba":35,"blē":52,"bri":385,"bro":61,"bra":298,"bre":171,"bu ":1529,"blī":48,"bru":342,"bsk":33,"bso":54,"bse":25,"bst":77,"bur":350,"bul":250,"bun":25,"bum":299,"bud":74,"but":64,"bus":88,"boļ":39,"bva":41,"brā":110,"brī":410,"aka":880,"am ":2221,"ake":96,"akc":136,"aki":53,"aji":783,"ajo":724,"ajs":38,"adī":860,"aju":73,"adē":277,"aiz":832,"al ":300,"aja":469,"aje":41,"aij":61,"aik":1200,"ail":137,"aim":532,"ain":809,"aip":45,"acī":139,"air":752,"ais":4315,"ait":1125,"aiv":51,"aig":508,"adā":819,"aie":25,"aid":426,"aic":101,"aib":25,"ahi":35,"ahs":67,"aht":36,"abī":81,"ahr":22,"abē":108,"aha":93,"agl":88,"abā":487,"agi":39,"agr":218,"ags":92,"agu":84,"agn":169,"ago":152,"ajā":2224,"anv":34,"anu":718,"anz":65,"ano":394,"ann":140,"ant":1775,"ans":674,"anr":123,"ane":123,"ang":611,"anh":30,"ani":1185,"anj":22,"ank":275,"anl":23,"ap ":332,"ana":3035,"anc":401,"and":1589,"amu":130,"amm":408,"amo":175,"amp":185,"ams":603,"ami":532,"ahā":45,"adž":91,"ame":775,"amb":217,"ama":1351,"ao ":25,"alv":1226,"alu":519,"alt":791,"als":1977,"alp":208,"alo":1383,"aln":628,"alm":121,"all":272,"alk":231,"alg":97,"ali":1208,"alc":61,"ald":1013,"ale":584,"alf":96,"agā":163,"ala":1330,"alb":172,"Šaj":103,"an ":784,"aks":1610,"akr":121,"Šar":24,"aku":213,"akt":789,"ako":151,"akn":91,"akm":124,"akl":47,"aba":1096,"abe":95,"abi":630,"abl":44,"abo":176,"abp":131,"abr":109,"abs":116,"abv":34,"abu":136,"ae ":655,"aca":38,"aau":77,"ad ":480,"ac ":37,"afr":25,"aft":53,"afi":105,"ai ":5352,"aga":835,"age":107,"ael":27,"aei":29,"ah ":32,"afa":26,"ado":609,"adr":151,"adl":29,"adn":49,"adm":304,"adi":802,"ade":142,"adz":161,"ads":379,"adu":517,"ack":35,"aci":939,"ach":47,"ace":507,"ada":1586,"act":88,"acu":34,"azn":207,"azm":31,"azo":137,"azi":230,"arš":263,"azu":55,"atī":1487,"azs":68,"atē":140,"aze":46,"aza":217,"azd":25,"atņ":23,"avē":54,"avā":267,"arž":51,"arī":2864,"arē":195,"az ":62,"asā":83,"asī":143,"asē":82,"Šob":33,"atā":330,"aye":23,"auž":79,"ba ":1526,"azā":276,"atū":468,"auņ":57,"avī":79,"atš":186,"auš":105,"at ":261,"alē":137,"arh":312,"aiž":27,"arg":217,"amā":271,"are":686,"ard":512,"arc":143,"akļ":72,"arb":1417,"ara":2574,"arp":1342,"aro":671,"arn":121,"arm":206,"arl":146,"ark":821,"arj":66,"ari":685,"aru":580,"Šie":27,"arv":25,"amē":73,"alī":910,"arr":34,"ars":430,"art":883,"au ":159,"asa":1301,"ary":36,"anā":994,"asf":22,"akš":415,"asi":550,"ash":28,"asc":35,"ase":553,"aso":90,"asn":297,"amī":170,"asp":375,"ask":709,"asm":50,"asl":59,"ar ":6199,"apb":88,"apa":727,"Šep":43,"akā":218,"ape":72,"apd":220,"aiļ":41,"apj":56,"api":222,"aph":30,"apg":734,"aiņ":241,"apm":273,"Šei":27,"apl":157,"apk":491,"apo":44,"app":36,"apr":520,"aps":483,"apt":349,"apu":118,"apv":358,"apz":415,"as ":38125,"alā":492,"aiš":99,"ava":1146,"ax ":25,"auz":73,"auv":33,"aut":1629,"avs":157,"apī":65,"avr":23,"avo":299,"avp":76,"anš":45,"avi":843,"ave":232,"ay ":49,"Šo ":72,"avv":82,"avu":357,"arā":580,"av ":331,"atb":314,"ata":845,"asu":217,"ast":3489,"ass":194,"anč":183,"anē":182,"asv":32,"atm":195,"atn":153,"atk":493,"atl":205,"anī":82,"atr":1790,"ato":1405,"atp":124,"ate":661,"atf":33,"Šis":89,"atc":32,"atd":107,"ati":895,"atj":54,"atg":171,"ath":38,"auc":511,"att":979,"ats":614,"alū":32,"atv":2153,"atu":973,"atz":132,"aul":1187,"aum":53,"aun":922,"aup":26,"aur":568,"aus":1232,"aud":1114,"apā":234,"aug":1739,"auj":444,"auk":1608,"Vēs":43,"Vēr":24,"ος":59,"ος ":59,"ς ":97,"ν ":22,"Zvi":157,"Zva":55,"α ":62,"Vār":66,"Vāc":268,"ēša":752,"Н ":147,"ий ":35,"ич ":26,"jeb":1453,"jer":106,"jek":399,"jel":23,"jen":64,"jet":57,"jev":88,"eān":337,"eāl":99,"eāt":94,"ji ":637,"aža":89,"aži":139,"ažk":37,"ažo":204,"ažr":77,"ažu":75,"ļģi":26,"jad":67,"izē":509,"jas":8640,"jau":557,"jap":53,"jar":34,"jak":65,"jan":85,"jam":931,"dēš":109,"jai":593,"izņ":119,"izš":65,"jda":46,"jni":88,"jol":22,"jon":751,"jom":89,"jot":574,"jos":350,"jor":71,"js ":1627,"dīb":475,"dīc":65,"jiņ":29,"jpu":34,"ск":94," zī":183,"jis":272,"jie":1464,"то":24,"ст":46,"jko":24,"jo ":387,"ažā":482,"itm":69,"itl":241,"itr":232,"inī":182,"itp":32,"ito":983,"itu":694,"itt":30,"its":171,"ity":36,"imš":47,"isk":6070,"ism":951,"isl":163,"iso":147,"isn":115,"imī":127,"isp":195,"iss":145,"inč":41,"isu":253,"ist":3658,"isv":78,"inē":330,"ita":561,"ite":695,"ith":30,"iti":844,"ilš":47,"inū":22,"ivs":26,"ivr":48,"ipī":32,"ivp":30,"ivo":171,"ivv":36,"ivu":117,"irā":703,"inž":48,"ius":102,"iur":38,"ium":46,"ipē":33,"iva":204,"ivd":29,"dē ":186,"ix ":38,"ivi":487,"inš":34,"ivj":45,"ivk":27,"ive":291,"ipr":208,"ipo":63,"ipu":70,"ips":96,"ipt":115,"ipi":127,"igž":89,"ipl":132,"cīb":793,"cīg":288,"ilā":148,"is ":8439,"ion":1944,"iop":23,"ašī":283,"ior":31,"igū":45,"ios":84,"iot":138,"ijā":2772,"iog":37,"iok":51,"iol":177,"iom":40,"ipa":229,"ikā":1450,"ipe":167,"iov":23,"ir ":14672,"imē":165,"iru":216,"irs":599,"irt":236,"ilī":94,"irr":24,"iro":905,"irm":929,"irn":124,"irk":171,"iri":558,"isi":459,"ikš":84,"ish":36,"inā":3097,"ise":117,"isc":158,"isb":151,"isa":605,"irz":314,"cīt":112,"cīn":190,"cīj":23,"cīk":97,"imā":119,"ire":99,"irg":402,"irb":90,"ira":259,"ird":185,"irc":39,"it ":228,"ilē":113,"cīz":63,"itū":160,"ivī":107,"izā":483,"dēļ":202,"ja ":7647,"itā":1332,"irī":150,"dēs":22,"dēt":124,"dēv":144,"dēj":602,"dēn":29,"dēm":188,"cīņ":106,"dēl":80,"isā":208,"irē":31,"iz ":254,"ivā":236,"itļ":164,"izz":43,"izu":55,"izv":798,"itī":222,"izr":274,"izs":752,"izt":200,"izp":558,"izo":166,"izn":131,"izm":1077,"izl":692,"izk":139,"izj":45,"irš":41,"izi":513,"izg":245,"ize":159,"izd":376,"izc":301,"izb":41,"iza":170,"itē":104,"isī":84,"eģi":394,"kij":77,"kil":129,"kia":33,"kie":620,"eģe":52,"kin":233,"ļās":38,"kip":24,"kir":36,"kis":66,"ļām":48,"keā":336,"km ":504,"kga":63,"ki ":1566,"kgr":28,"kaļ":69,"kaķ":31,"kho":57,"kaņ":374,"kej":204,"kel":71,"ken":50,"kes":27,"ker":86,"ket":457,"ļā ":507,"fāt":30,"ke ":111,"kci":508,"kdi":30,"kra":920,"kre":163,"klē":111,"kt ":222,"eīn":30,"klā":396,"ksa":250,"kse":83,"kmē":88,"ku ":2253,"kro":296,"klī":65,"kru":265,"kri":985,"koz":38,"kov":64,"kot":513,"km²":49,"kos":513,"kor":259,"kop":1110,"koo":61,"kon":1216,"kom":1199,"kol":578,"kok":286,"koj":143,"koh":29,"kog":34,"koe":27,"kod":306,"ks ":1859,"kme":260,"kne":183,"klu":183,"kls":75,"ko ":1627,"kle":136,"kla":494,"klo":153,"kli":573,"ļēj":87,"dīš":155,"još":397,"jus":320,"jum":2601,"jur":89,"jvi":27,"jsi":45,"būv":217,"būs":22,"būt":380,"eču":47,"ju ":3050,"dīg":518,"dīj":452,"dīn":38,"dīt":668,"dīz":28,"jra":36,"eče":56,"kaz":48,"kav":162,"kat":1010,"kau":385,"kar":1806,"kas":6913,"kap":301,"kan":621,"kal":1136,"kam":395,"kaj":1054,"kak":37,"kai":2823,"kad":430,"kab":198,"ka ":3723,"juš":280," Ga":455," Bā":54," Ge":158," I ":103,"guļ":52," Fo":211," Fu":230," Fr":535,"ļš ":124," Fi":190," Fl":70," Ha":441,"aķu":37," He":345," Bē":72,"aķi":22,"guš":31," J ":40," Go":172,"aķe":127," Gr":516," Gu":162," Gv":31," Gi":68," Gl":86," Ig":193," Dā":72," Ie":156," Id":25," Ib":23," K ":22," Cē":86," Hu":54," Bī":48," Ho":304,"ha ":116," Hi":232," Je":179," Ja":604," Iz":255," Iv":35," Dē":23," Ir":159," Is":56," It":130," Im":77," In":594," Ik":26," Il":59,"ham":85," M ":45,"han":159,"hai":42," Ka":1303,"hal":100," Ke":174,"hau":35," Ki":234,"har":152,"has":51,"hat":24,"aļ ":30," Jo":237," Ju":233,"hae":23," N ":55," La":2100," Le":272," Gā":24," Li":1175," Kl":266," Ko":784," Kr":1044," Kv":49," Ku":433," Ma":1344," O ":55,"aļu":335," Mi":483,"aļv":40," Dž":308," Me":654," Hā":28,"he ":281," Lo":254,"aļa":796," Ly":24," Lu":187,"aļi":184," Ne":334," P ":63,"а ":100," Na":328," Ni":163,"cā ":43," Mo":496," My":39," Mu":257," Hē":35,"hek":42,"hel":84,"hei":58," A ":102,"С ":41,"het":54,"her":196,"heo":49,"hen":64,"hem":51,"cāk":136,"cām":35,"hi ":25," B ":49,"cās":52," C ":203," Ap":260," Am":327," An":736," Ak":149," Al":533," Ai":198," Ag":50," Ah":36," Af":50," Ac":82," Ad":148,"aļā":556," Ab":144," Ba":1003,"aļē":89," D ":68," Az":34," Av":74," Au":758," At":403," As":243," Ar":519," Be":444,"hie":34,"hid":182,"hic":23,"hib":51," Bi":327,"hip":128,"hin":98," Bl":114,"him":44,"hil":44," Bo":338,"hij":70," Br":524," Bu":238,"his":79,"hit":143,"aļķ":22," E ":56," Ca":270," Ce":344," Ci":203," Ch":131," Cl":40," Cr":39," Co":292," Cu":37," F ":24," Da":629," Di":673," De":398," Dr":102," Do":202," Dz":227," Du":106,"hn ":22," Eb":22," Ed":95," El":193," Ek":92," Ei":676," Eg":26," Et":48," Es":44," Er":98,"hlo":75," Eq":185," En":121," Em":90," Ez":43," Ex":28," Eu":85," Ev":42," Fe":226,"aņa":180," Fa":110," H ":140,"aņd":30,"gma":49,"go ":413,"gme":45," Rī":858," Pū":23,"glu":49,"glo":94," Sā":102,"gls":48," Z ":22,"gle":241," Rē":60,"gli":344,"gla":305," Wo":56," Wi":95," We":44," Rā":30," Wa":65,"й ":60," Rū":43,"gog":33," Zu":31,"god":68," Zv":222," Zo":72,"aģē":26," Tī":49," Ze":604,"gno":38," Zi":551,"gni":35,"bāš":52," Za":124," Sī":40," Tē":78,"gna":34," Yo":26," Tā":889," Sē":77," Vī":58,"gs ":1150,"glā":76,"о ":42," Vē":121,"н ":27,"gol":71,"gon":119,"gos":60,"gor":256," Vā":354,"got":83,"gov":43,"gu ":870,"gnā":78," a ":72,"р ":25,"glī":122,"gro":67,"gru":596,"gra":755,"gt ":56,"gri":552,"gre":213,"aīs":153,"gtu":35," R ":37," Jē":211," Ov":27," Os":199,"gto":46," Ot":132," Or":178,"gts":50," Op":65," Po":516," Pl":245,"gum":401," Pi":541," Ph":55,"gul":224," Kā":157,"gua":28," Pe":329,"gub":86," Pa":1447,"gud":66,"gst":733,"gnē":109,"gsn":33," Nu":37," No":486," Ol":289," Ok":85," On":42," Oh":28," Og":53," Od":50," Jā":93," Of":27," Ob":41,"gta":111," Ra":371,"д ":27," Lē":28," Qu":23,"goš":45," Lī":215," Ro":565," Re":681,"grā":671," Ri":308," Rh":25," Mā":133," S ":101,"guv":148,"gur":196," Pr":570," Ps":28,"gus":188," Pu":147,"gun":194,"gvi":84," Lā":40,"gva":31,"bēr":112," Sy":39,"grī":79,"bēt":95," Sv":220," Su":203," St":793," Ta":1092," V ":48," Tj":24," Th":177," Ti":329," Te":399," Tr":346," Lū":27,"ļūt":29,"ļūs":33," Nī":78," To":521," Mē":139," Jū":171," Ru":196,"ļūd":92,"grē":114," Sa":1313," U ":30,"е ":61," Sh":52," Si":395," Sc":134," Se":442," Nā":75," So":290," Sp":307," Mī":29,"bēj":25," Sk":316," Sl":112," Sm":70,"bēm":82," Sn":22," Pē":221,"grū":45," Uz":96," Va":790," X ":41,"и ":54," Ve":526," Vi":1347," Vl":38," Pī":38," Vo":205," Vu":40," Tu":361," W ":26," Pā":146," Ug":37," Uk":57," Ul":29,"gzd":28," Un":191," Up":44," Ur":133,"gzn":376," Mū":173," ja":682,"cēš":42,"iak":26,"ь ":24,"iam":59,"ial":119," iz":4946,"ian":220,"ias":27," je":1511,"iat":108," im":336," in":1344," ik":136," il":190,"ic ":183," dē":302," iv":22," is":92," it":111," cī":105,"iag":25," ir":14600,"ibl":76," ka":7945,"ibi":285,"ibo":30," m ":158,"ibr":57," ki":241," fā":22,"ibu":58," ke":72,"iaz":26," jo":407," dī":55,"id ":25,"iba":66," bū":407,"ibe":125," ju":119," bē":90," ha":132," he":218," aģ":61," gl":287," gr":1494," go":110," gu":155,"ia ":270," gs":71," cē":148," id":175," dā":101," ie":4455," ig":94," hi":297," hl":48," ho":304," bī":86," hr":108," ht":33," hu":35,"iet":4005,"iev":1792," ni":63,"iez":227,"iel":3446,"iem":8120," ne":2383,"ien":7676,"iep":380," na":986,"ier":1197," p ":50,"ies":2658,"iee":100,"ied":2745,"ieg":992,"iek":4508," mu":445,"iej":39,"iea":35," mo":718,"iec":1164," mm":35,"ieb":72," ok":512," ol":76," on":40,"dāv":49," og":135,"ifo":180,"dām":160," of":307," jā":140,"dān":30,"ifs":22,"dās":334,"dāt":198,"dār":218,"ifr":46," ob":243,"dāf":28,"ife":75,"dāl":53,"dāj":251,"ifi":245," nu":108," no":9749," gā":212," le":458,"icr":40,"ics":32,"ict":31," li":2852,"icu":63," n ":74,"ico":88,"ick":37," eļ":37,"icl":22," la":3298," kv":261," ku":4521,"ici":543," cū":37,"ich":68,"ice":118,"ie ":1698," km":554,"ica":238," kl":531," kr":1914," ko":4523," me":1393,"idz":312," dž":28,"idu":626," mi":1711,"ids":336,"я ":56,"idr":632,"ido":1694,"idp":27,"idm":53," ma":1802,"idn":29," lu":115,"idi":317," lv":27,"ide":638,"idd":33,"ida":1167," lo":437,"dā ":1681," af":23," ag":155,"aša":197,"idā":226," ab":209," ac":105," ad":392," am":414," an":722,"aši":302," ap":4517,"ašn":47," ai":846," ak":503,"ašl":70," al":593," av":171,"ašs":53," au":2262,"ašr":63,"icī":260," ar":6236,"ašv":86," at":4655,"ašu":167," as":496," d ":35," ba":1482,"idē":338,"il ":50,"ija":12639," bi":2895,"ije":54," be":1390,"iji":165," bo":133," bl":146,"idī":348,"ijs":425," bu":382,"iju":1715," br":766," ca":410," e ":62,"im ":312,"ika":3320,"ige":58,"iga":284,"ii ":23,"igl":56,"igm":40,"igh":40,"igi":68,"igu":73,"igs":27,"igr":58,"igo":33,"ign":102,"ij ":163,"igz":407," b ":53,"iha":58,"ihi":54,"ihs":70," Zī":28,"iho":104,"ibī":64,"ik ":182,"icē":211," c ":63," er":23,"imo":88,"imn":195," et":118," es":227,"ims":83," en":251," em":85," ep":55,"imp":593,"idž":50,"imf":36," ei":45," el":849,"ime":522," ek":494," ef":77,"imi":811,"ieš":1802," fe":288,"ip ":24,"inc":281,"ind":539,"ina":1252," fa":282," ez":655,"imt":1282,"imu":237," ev":61," fu":829,"inn":34,"ino":729," fr":351,"ļļu":39,"inr":24,"int":1230," fo":740,"ins":796,"inf":318,"ašā":181,"ine":633," fl":69,"inh":61,"ing":589,"iež":570,"inj":23," fi":803,"dāš":37,"ini":1119,"ink":89," ge":43,"cī ":27," bā":233,"ioa":45," ga":5014,"iod":270,"ļļa":40,"inu":278,"inv":33," i ":44,"iko":225,"ikn":25," cm":50,"ikm":90,"ikl":215," co":68,"iki":144,"ikg":62," ce":962," ch":25,"ike":59,"ikd":24," ci":2295,"ila":297,"ilb":52," da":4272,"in ":197,"ieķ":378,"ikv":30," cu":46,"ikt":677,"iku":1045,"ikr":195,"iks":380," do":494,"ilp":256,"ilo":443,"ill":168," dr":234,"ilk":121,"iln":265,"ilm":237,"ieņ":198,"ilh":58,"ilg":175," de":1205,"ilj":175,"ili":579,"ild":409,"ilc":81,"ieļ":23,"igā":206," di":3087,"ile":125,"ima":242,"imb":308,"ч ":32," g ":36,"io ":204," eb":89," du":128,"ilz":47,"idū":60," dz":3456,"ils":2044,"ilt":346,"ilu":127,"ilv":752,"ль":27,"hs ":112,"bīg":65," sū":56,"bīd":30," vē":1059,"ми":22,"bīb":430,"ло":25," vā":1227," tī":340," zo":142,"ла":30," zu":23,"ле":23," rū":113,"ли":29," zv":544,"hok":186,"hol":226,"hom":35,"hon":30," za":193,"ко":45,"hos":37," ze":740,"hot":32," zi":2010,"hop":25,"hor":75,"ка":54," tē":247,"ки":52," sī":84,"hni":146," sē":228," tā":1796,"hno":151,"aņu":241," pū":63," rī":133,"aņe":35,"hme":29,"ин":34,"aņi":61," ww":36,"ий":38," sā":685,"ич":34,"aņo":46,"ри":31,"ро":53,"ра":42,"ре":36,"htt":39," zā":53,"hst":50,"ос":22,"ор":37,"ол":32,"aņģ":36,"ов":87,"hu ":43,"ое":22,"aņē":59,"нс":22,"но":31,"hro":158,"aņā":78,"ни":29,"hri":23," tū":103," vī":192,"ht ":30,"на":44,"bīr":30,"bīt":96,"bīs":120,"bīn":33,"cēt":118," ru":206," jū":849," mē":678," u ":116," sa":6813," nā":219," sf":46," se":1483," sc":42," si":1753," sh":33," sn":112," sm":289," sl":596," sk":1357," mī":111," sp":2239," so":351,"ве":29," qu":23,"ви":41," lē":170," t ":61,"во":24," ra":2342," kļ":152," re":2229," mā":826," ri":726,"cēn":32," kņ":49,"cēm":41,"cēl":179," ro":913,"cēj":228," lī":2107," pu":1266," pr":3156," ps":120," s ":86," lā":230,"ļņu":56,"ва":29," os":114," gū":38," ot":330,"ļņi":27,"hum":50," op":221,"ав":30," or":1147,"ан":46,"ļņa":76," jē":154,"ал":24," pe":651,"cē ":120," kā":2571," pa":8411,"ар":38," pc":24," pl":1389,"ая":29," po":1148," pi":5908," rā":73," x ":60," va":7044," ve":2127," pē":1285," uz":2903," vo":159," pī":83," vu":52," vi":7158,"ес":31,"ер":46,"ен":52," tv":38," tu":790," mū":750," ut":55," ur":52," up":232," un":10091," ug":66," pā":1765," ta":1745," st":3025," kū":39," sv":412," su":879," nī":29," tr":1203," lū":49," to":1082," th":155," ti":3365," te":2144,"aāt":29,"fi ":28,"fes":176,"fer":133,"feo":25,"fed":168,"ņi ":361,"feb":35,"fen":84,"fek":185,"fel":37," Ča":35,"ņin":63," Či":48,"ņie":244," Če":124,"fga":33,"faz":23,"fas":28,"ezī":69,"far":40,"fan":93,"fak":97,"fal":45,"fai":36,"ņbr":28,"fab":102,"ņem":387,"ņda":33,"fe ":34,"ņos":47,"ņot":124,"ņoj":49," Čī":26,"evē":231,"evī":174," ēz":45," ēt":31,"ņra":135,"fa ":173," Ēr":64,"ņs ":24," ēd":44," ēr":63," ēk":65,"esē":107,"esī":292,"erņ":62,"etā":683," Ču":25,"ez ":111,"erē":156,"erī":393," če":400,"ņji":23,"erģ":206," ča":23,"esā":195,"ezv":29,"ezu":188,"evā":40,"eza":38,"ezd":35,"etē":183,"ezm":33,"ezn":141,"ezo":141,"ezp":31,"etī":89,"erū":27,"ezt":29,"eze":817,"ezg":53,"erš":24,"ezi":201,"ezk":125,"etb":351,"eta":734,"ete":624,"eti":845,"elš":89,"eth":26,"etn":170,"etl":29,"esp":338,"emī":84,"esn":43,"eso":286,"est":937,"ņoš":22,"esu":212,"enč":28,"esr":33,"ess":340,"enē":213,"esv":35,"ev ":24,"epā":130,"emš":50,"eto":1378,"enī":969,"etr":698,"ets":222,"ett":58,"etu":1584,"etv":168,"ew ":38,"eve":83,"eva":376,"evo":146,"evn":29,"evi":1543,"enš":59,"eut":31,"eus":24,"ex ":26,"erā":709,"evu":397,"evr":24,"evs":91,"ey ":55,"epe":71,"ekā":290,"epi":258,"epj":76,"eph":37,"er ":1104,"epa":258,"eot":23,"egū":271,"eos":34,"eor":322,"ņu ":2105,"eom":53,"eol":176,"eop":39,"eon":61,"elā":1125,"es ":8988,"ept":197,"eps":32,"epu":444,"epl":47,"epo":71,"epr":190,"erk":66,"erl":157,"eri":2539,"erg":167,"ere":536,"emā":318,"erf":37,"ekļ":537,"erc":178,"erd":99,"era":1626,"erb":238,"et ":1093,"elē":112,"esk":278,"esl":110,"esm":388,"enā":1113,"ņus":89,"esi":374,"ekš":656,"esc":24,"ese":289," Ēģ":41,"esa":337,"erz":36,"ery":29,"erv":331,"eru":391,"emē":508,"ņve":32,"err":36,"elī":103,"ert":417,"ers":1648,"ern":467,"erm":855,"erp":67,"ero":595,"eki":366,"ekl":427,"ekm":150,"ekn":62,"eko":416,"ekr":305,"eks":1397,"ekt":1750,"eku":811,"ekv":109,"en ":402,"elb":111,"ela":1449,"eld":81,"egā":92,"elf":85,"ele":1367,"eli":980,"elj":22,"elg":122,"elm":98,"eln":210,"elk":50," Ģe":106,"ell":209,"elo":182,"elp":198,"elu":464,"elv":59,"els":567,"elt":409,"elz":306,"eo ":63,"emb":176,"ema":412,"edž":46,"emg":143,"ehā":103,"eme":2607,"emd":28," ģe":323,"emn":25,"emo":348," ģi":768,"emi":389,"emj":71,"emt":133,"emu":60,"emp":493,"ems":89,"ep ":41,"ene":1004,"eng":203,"enb":97,"ena":2039,"end":388,"enc":397,"eno":1358,"enp":40,"enm":45,"enn":52,"enk":331,"enl":88,"eni":1040,"enu":734,"env":1058,"ens":2464,"ent":2847,"ehī":26,"enr":79,"enz":110,"egš":47,"eog":110,"eof":26,"ejā":89,"eod":60,"egl":203,"ego":210,"ege":31,"egi":29,"eaģ":26,"egr":83,"egs":36,"egt":159,"egu":482,"egv":44,"ehn":276,"eho":29,"ecā":200,"ehi":58,"ek ":1542,"eib":23,"eic":317,"ecē":53,"ecī":715,"eis":229,"eir":180,"eim":142,"eil":42,"ein":253,"eih":26,"eik":735,"eie":54,"eid":2544,"eig":207,"edā":218,"eja":808,"el ":113,"edē":86,"eiz":614,"eit":215,"eiv":56,"ejs":177,"ebū":23,"edī":123,"ejo":81,"ejn":76,"eji":80,"eke":31,"ekc":120,"eka":402,"em ":6412,"eju":260,"ejv":23,"gaž":22,"git":41,"gis":49," īs":256,"gin":40,"aģe":63,"gie":240," īp":415,"aģi":37,"ght":32," Īr":60," Īs":47,"gaļ":93,"bās":254,"bāt":57,"bāz":178,"gi ":519,"bāj":44,"bāl":44,"bāk":295,"bān":43,"bām":208,"gen":244,"ger":118,"ges":34,"gel":54,"gej":38,"bā ":646,"ge ":89,"gab":646,"gad":2505,"gai":779,"gas":1682,"gar":786,"gau":305,"gat":362,"gav":387,"gaj":108,"gam":98,"gal":1339,"gan":1451,"ga ":1326,"frī":26," ķē":68,"aēl":30," ļo":206," Ķī":169,"frē":39," ļa":118,"žņu":81," ķī":292,"Ņuj":43,"fut":631," Ļe":28,"fta":36,"fun":189,"ft ":61,"fra":303,"fre":65,"fri":213," Ķe":55,"fu ":37," ķi":28,"fro":69,"aču":132," ķe":273,"for":1089,"fos":41,"fot":77,"fon":280,"fol":75,"ņak":24,"ņam":33,"ņas":543,"ņaz":78," ņe":38," Ņu":39,"fs ":175,"ņai":51,"ņa ":1018,"fle":24,"fla":25,"fli":29,"flo":42,"fic":294,"fig":49,"fij":235,"fil":435,"fik":181,"fin":189,"fir":37,"fis":214,"fiz":287,"da ":3140,"de ":574,"dac":25,"dab":346,"dak":25,"dal":823,"dai":150,"dag":58,"dae":523,"dat":711,"das":2562,"dar":1471,"dap":69,"dan":60,"dam":271,"dau":771,"dda":35,"cul":28,"cum":72,"cty":34,"cto":75,"cti":74,"cte":48,"cus":46,"cyo":60,"ceļ":571,"cle":31,"co ":36,"ciā":742,"cog":76,"con":50,"col":50,"com":55,"cor":52,"cop":28,"cot":97,"ciņ":28,"cs ":85,"ct ":32,"cro":67,"cu ":436,"cea":28,"ch ":124,"cer":171,"ces":699,"cet":115,"cen":1090,"cep":69,"cek":125,"cem":35,"cel":374,"ced":32,"ci ":164,"cha":72,"cia":105,"ck ":59,"cie":767,"che":97,"chi":53,"cho":24,"chn":24,"civ":69,"cij":3939,"cik":179,"cil":946,"cim":32,"cif":53,"cir":29,"cis":561,"cit":901,"ciu":34,"cin":303,"cio":768,"cip":250,"cm ":47,"cke":32,"cka":44,"ed ":130,"eba":49,"ebe":168,"ebi":87,"ebk":175,"ebo":22,"ebr":247,"ebs":44,"eak":105,"ean":79,"eal":83,"ear":51,"eas":36,"eap":54,"dzī":2001,"eat":203,"eau":46,"eb ":1292,"dzā":72,"dzē":373,"ea ":66,"efi":131,"efo":131,"efa":30,"efe":198,"ei ":338,"ega":166,"efs":31,"eej":99,"een":27,"edi":335,"ede":1042,"eda":646,"edz":1195,"eds":41,"edu":254,"edo":120,"edr":685,"eck":45,"ech":44,"eci":633,"ece":209,"eca":89,"ee ":59,"ecu":116,"ect":70,"ecp":24,"eco":62,"drī":349,"dz ":1238,"doš":285,"drā":113,"dy ":22,"dvi":33,"dve":34,"doņ":93,"dur":107,"dus":742,"dva":54,"duš":31,"dzv":49,"dzs":170,"dzu":124,"dzo":52,"dzn":78,"duā":33,"dzi":2913,"dze":1097,"dza":294,"dor":118,"don":402,"dom":421,"dol":232,"dok":188,"dow":29,"dov":34,"dot":762,"dos":455,"diņ":89,"dpo":22,"ds ":1372,"dmi":319,"dne":44,"dni":257,"diā":75,"dob":64,"dod":87,"doe":23,"doj":533,"dnī":68,"dun":24,"dum":173,"dul":78,"duk":158,"dug":33,"dub":73,"dua":23,"duc":94,"dri":640,"diž":52,"dra":350,"dre":139,"du ":1832,"dro":640,"drs":87,"dru":292,"dsi":206,"dsk":23,"dsm":48,"daļ":1548,"dic":163,"dia":195,"dib":246,"der":1382,"des":875,"det":70,"dev":375,"deb":147,"dea":22,"ded":49,"dec":38,"def":128,"deh":29,"deg":170,"dej":161,"dei":89,"del":244,"dek":100,"den":1101,"dem":139,"dep":138,"deo":95,"di ":661,"deļ":51,"dko":25,"dma":88,"do ":341,"deņ":285," Āz":143,"div":810,"diu":34," Ār":50,"dim":118,"din":621,"dio":398,"dip":35,"dir":59,"dis":577,"dit":40,"die":2511," Āf":113,"dif":53," Āg":35,"dig":41," Ād":23," Āb":22,"dij":481,"dik":129,"dil":24," ār":250," āt":154," āp":26,"daž":632," ād":29,"ižu":32,"rgu":304,"raļ":69,"rhe":62,"raķ":99,"rha":55,"rhi":273,"rbī":529,"māz":34,"raē":35,"māt":506,"iža":92,"rga":943,"jš ":26,"ri ":1063,"ižk":30,"rgi":83,"iže":26,"rge":111,"rbā":31,"rgs":168,"rgo":78,"ret":778,"res":696,"rev":103,"reu":25,"rez":384,"rfa":28,"māc":507,"māj":191,"māk":627,"māl":154,"mām":145,"mān":158,"rfo":45,"mār":102,"mās":220,"rdu":246,"rds":349,"rg ":40,"rdz":219,"reb":22,"rea":246,"ree":37,"ref":132,"rec":144,"red":582,"rei":822,"rej":271,"reg":233,"rem":185,"ren":387,"rek":208,"rel":259,"rer":29,"reo":23,"rep":144,"mā ":1508,"rda":365,"kļu":259,"rct":35,"rdo":96,"rdn":63,"rdi":228,"rde":305,"re ":399,"ņām":78,"ņās":22,"rbu":231,"rbs":88,"rco":80,"kļo":52,"kļi":136,"rci":226,"rch":63,"rce":59,"rca":34,"kļa":421,"rax":25,"raz":76,"rd ":116,"rap":69,"rar":28,"ras":4121,"rat":1049,"rau":810,"rav":242,"rbi":268,"rbo":531,"rba":232,"rbe":87,"raj":717,"lēš":123,"ņā ":197,"rai":643,"rah":53,"rag":283,"ran":1071,"ram":1238,"ral":520,"rak":1567,"rab":128,"raf":152,"rad":1141,"rac":100,"rpt":521,"rpu":97,"rpr":64,"rpp":23,"rpo":72,"rs ":2853,"rpe":30,"rpa":43,"riķ":45,"riņ":229,"rpl":24,"rpi":90,"rkā":93,"ror":63,"ros":500,"rot":765,"rom":435,"ron":900,"roo":23,"rop":1052,"roz":140,"rou":41,"rov":266,"rob":624,"roa":30,"rod":1744,"roc":512,"lī ":122,"roj":521,"roi":35,"riģ":56,"rol":216,"rok":423,"rof":236,"roe":58,"rog":545,"rno":46,"rns":56,"rnu":187,"rp ":573,"rgļ":35,"rna":307,"rež":135,"riā":400,"rne":333,"rni":347,"māš":32,"rmk":26,"māņ":51,"rmo":304,"rms":203,"kņu":24,"rmu":139,"ro ":308,"kņa":79,"rma":773,"rme":418,"rdž":57,"rmi":499,"reš":174,"rls":24,"rlo":32,"rli":126,"rgā":217,"ižā":28,"rld":35,"rle":24,"rla":201,"rn ":84,"rku":265,"rkt":251,"rks":248,"kļū":96,"rkn":35,"rko":61,"rki":73,"reģ":361,"rkl":58,"rke":63,"rka":377,"rbū":24,"reč":45,"rdī":30,"rja":44,"reā":83,"raž":305,"rje":48,"riz":128,"rdē":22,"rip":74,"rio":330,"rit":1293,"ris":2568,"riv":81,"riu":29,"rih":80,"rig":98,"rij":2366,"raš":66,"ril":99,"rik":885,"rin":683,"rim":290,"ria":161,"rib":107,"ric":188,"rid":231,"rie":3740,"rif":114,"rdā":161,"rk ":63,"roš":448,"mēd":92,"rož":23,"rsā":44,"mēj":294,"mēm":78,"mēl":71,"mēn":131,"mēs":84,"mēr":1231,"mēt":199,"rsē":59,"rtā":193,"rpā":40,"rud":44,"ruc":33,"rur":31,"roī":36,"rup":644,"run":357,"rum":1852,"ruk":350,"ruz":42,"rpē":106,"rus":878,"rut":84,"rva":432,"mē ":626,"rvi":327,"rve":210,"rvs":22,"līč":64,"roņ":62,"rvu":63,"ry ":107,"rsk":108,"rsl":46,"jūl":25,"rsi":451,"rkš":28,"rso":354,"rsp":142,"rsm":215,"rsn":57,"jūd":35,"rsd":23,"rsa":148,"rse":69,"rnā":130,"rta":1012,"jūt":39,"rst":685,"rss":51,"jūr":881,"rnē":53,"rsv":73,"rsu":128,"rtl":32,"rtn":59,"rto":248,"rnī":124,"rte":168,"rth":30,"rti":792,"rts":333,"rtr":97,"roč":76,"rtu":328,"līm":186,"līn":460,"riš":83,"līj":172,"līg":392,"līc":164,"līd":1562,"līb":213,"rt ":437,"līz":66,"līv":121,"līt":444,"rri":36,"rre":54,"rmā":762,"rra":96,"ru ":2726,"rmē":77,"rlī":45,"sab":330,"sac":442,"sad":310,"sag":154,"sai":857,"mēš":100,"saj":138,"sak":466,"sal":1082,"sam":248,"sbi":144,"rzī":41,"sap":162,"san":223,"sau":2277,"sat":285,"sas":1660,"sar":747,"sav":1100,"saz":48,"sa ":1042,"mēģ":49,"rsū":33,"rvē":141,"ruš":59,"ruņ":155,"rze":250,"ruā":39,"rza":50,"rtē":197,"līš":88,"rvā":75,"rzs":23,"rtī":278,"rzi":284,"saņ":59,"sho":31,"shi":22,"si ":826,"kš ":48,"sga":35,"nāv":198,"nāt":1807,"nās":1024,"sgr":33,"saī":148,"siz":24,"saž":44,"sie":635,"sid":107,"kšd":149,"sic":34,"sib":36,"kša":264,"sia":56,"sk ":23,"kšt":50,"sit":335,"kšu":53,"sir":69,"sis":1127,"kšs":52,"kšp":164,"sip":27,"sin":756,"kšn":32,"sio":148,"sil":229,"kšl":23,"kšm":75,"sim":594,"sij":423,"sik":99,"kšk":106,"sih":129,"sif":65,"sig":89,"nā ":1513,"sda":48,"sdi":356,"sbu":40,"se ":542,"sca":22,"sce":66,"sci":117,"sch":88,"sco":39,"sev":271,"ser":334,"ses":362,"set":54,"sfa":26,"sez":117,"sh ":43,"nāj":705,"nād":289,"nāc":166,"sfo":68,"nār":126,"nāl":1149,"nāk":422,"nām":427,"sdz":22,"sei":104,"seg":72,"sed":36,"sec":62,"sep":119,"sen":630,"sem":62,"sel":189,"sek":324,"sej":83,"spu":61,"spo":584,"siņ":49,"kšņ":49,"spr":198,"skā":2459,"spe":377,"spl":61,"spi":604,"kšķ":38,"spa":151,"sot":106,"sov":22,"sol":116,"som":91,"son":503,"sor":227,"sos":35,"sod":41,"sof":59,"kšģ":28,"soj":40,"soc":383,"su ":834,"smē":44,"nču":194,"sjū":46,"slī":114,"kšž":25,"smā":173,"nča":33,"sra":53,"st ":664,"slē":278,"mīt":118,"mīn":84,"mīk":32,"mīl":44,"mīg":202,"slā":344,"mīb":243,"mīd":29,"ss ":875,"sli":399,"slo":148,"slu":68,"sfē":192,"sla":592,"sle":81,"ski":1153,"sko":1104,"sks":400,"skr":170,"sku":481,"ska":4650,"ske":410,"sno":53,"kšē":181,"sns":27,"sna":41,"nāš":340,"sni":516,"sng":29,"sne":180,"kšā":24,"smo":229,"shē":40,"sms":242,"smu":340,"so ":75,"sma":1140,"smi":429,"seš":62,"sme":291,"soš":166,"nēt":549,"nēs":72,"nēm":160,"nēj":281,"nēz":87,"stā":3123,"sze":116,"suā":44,"stē":996,"stī":1710,"svā":52,"sse":108,"ssa":247,"sso":61,"ssk":34,"ssi":62,"ssv":26,"kūv":24,"smī":51,"ssp":22,"snē":32,"ste":1133,"sta":3898,"stm":49,"stn":212,"sto":1125,"stp":85,"sti":2606,"stl":22,"stv":62,"stu":1969,"str":3208,"snī":38,"sts":1496,"sud":63,"sub":69,"spā":202,"sug":619,"sul":139,"sum":128,"sup":49,"sun":42,"sus":127,"sur":82,"spē":1745,"suv":25,"nē ":308,"sva":373,"sve":113,"svi":110,"soņ":53,"spī":75,"nēš":36,"tai":828,"taj":702,"tak":124,"tal":256,"taf":30,"tag":177,"tab":171,"tac":309,"tad":222,"tbi":216,"tba":91,"tav":303,"tau":931,"tat":537,"tas":3364,"tar":1920,"tap":52,"tan":395,"tam":934,"tce":25,"te ":724,"tbo":1157,"tbr":38,"tdi":61,"tda":95,"svē":166,"suņ":88,"stū":113,"svī":41,"ta ":6165,"ozā":24," št":206," ši":160,"pa ":730," šo":253," ša":314,"iķu":54," še":87,"iķi":331," Šv":81,"iķa":30," Št":29,"iķe":39," Šo":131," Ši":163," Še":104,"ovī":25," Ša":199,"ovē":187,"osū":27," Šķ":45,"pdr":26," šā":147,"iļu":60," Šī":134,"kā ":4239,"iļi":22,"pci":27," Šā":65,"iļa":27,"pe ":174,"par":3884,"ozī":528,"pat":548,"pas":2092,"pav":354,"pau":149,"paz":430,"pba":51,"pac":124,"pad":181,"paa":70,"pab":25,"pag":415,"pak":786,"pal":445,"pai":59,"pap":138,"pam":682,"pan":195,"pc ":24,"iļā":27,"paļ":30,"pha":38,"paņ":40,"phi":54,"pga":664,"kāz":22,"pi ":142,"pgr":35,"kād":424,"kāb":641,"kāc":170,"kāp":196,"kān":152,"kāt":32,"kās":1168,"kār":1333,"paā":29,"kām":189,"kāl":251,"kāk":39,"kāj":89,"pea":50,"pec":223,"ped":72,"pdz":192,"pen":158,"per":1152,"pet":33,"pes":264,"pei":23,"pel":224,"pek":146,"peļ":35,"pla":1300,"pli":106,"pgā":32,"ple":241,"plo":77,"plu":29,"pka":321,"pko":110,"pja":69,"iļņ":141,"pjo":49,"pju":63,"pie":4300,"pig":22,"paš":762,"pij":105,"pil":2275,"pin":133,"pio":305,"pir":966,"pis":387,"pit":151,"poz":106,"por":630,"pop":247,"pot":153,"pos":221,"poj":154,"pog":70,"pon":210,"pok":25,"pol":767,"pod":51,"ps ":241,"ppu":25,"ppl":37,"piņ":42,"pkā":95,"iņu":475,"iņs":42,"iņo":51,"kāņ":216,"iņi":157,"iņj":22,"pme":52,"pma":68,"iņa":746,"po ":65,"gžņ":89,"pni":63,"pne":24,"psu":31,"pst":387,"iņķ":170,"pta":564,"pse":42,"ņķo":49,"ņķi":80,"psi":158,"psk":78,"ņķa":92,"pso":28,"ptu":237,"ptv":61,"pub":494,"pte":121,"pti":177,"pto":59,"pnī":27,"plū":201,"plē":184,"pra":501,"jīg":32,"plā":202,"pmē":120,"pru":34,"psa":72,"pu ":321,"pmā":37,"iņā":150,"pri":1091,"pre":942,"pro":1797,"plī":101,"poš":65,"pož":46,"prē":65,"prī":60,"psē":31,"pur":145,"pmū":26,"pus":720,"put":341,"pum":233,"pun":290,"ņģē":37,"iņš":323,"pul":349,"poļ":35,"pva":35,"pvi":404,"prā":125," Ņū":40,"ptū":22,"pzi":58,"ptī":28,"prū":42,"ņģe":27,"pzī":361,"lā ":1304,"lār":401,"lās":590,"lāt":209,"lām":367,"lān":215,"lāp":55,"lāj":219,"lāk":1056,"lāg":85,"lād":144,"lāc":180,"lāv":61,"lāz":36,"iša":70,"iši":31,"išu":56," Ži":23," Že":35," Ža":46,"lāč":85,"lāš":22," ža":153," že":29," žu":96,"lāņ":65,"išķ":223,"išņ":36,"ņēm":347,"qua":27,"lē ":420,"quu":124,"que":29,"qui":79," šī":215," šķ":525,"lēd":76,"lēc":25,"lēm":141,"lēn":178,"lēk":87,"lēl":48,"lēj":178,"lēg":138,"lēs":295,"lēt":383,"lēr":42,"lēp":64," šū":130," Ūd":31," ūd":556,"ra ":3874,"ežo":374,"ngo":130,"ngi":47,"eži":331,"ngl":303,"ngv":61,"ežu":144,"ngu":183,"ngr":212,"ngt":36,"ngs":108,"ni ":1261,"nge":139,"eža":263,"nga":229,"ncē":85,"nha":38,"nhi":24,"nhe":54,"neg":80,"nej":92,"nei":201,"nel":264,"nek":293,"nen":247,"nem":97,"nep":336,"neo":76,"ner":698,"net":418,"nes":1590,"nev":218,"ndz":31,"ng ":184,"nea":224,"neb":55,"nec":44,"ned":153,"nfi":27,"nfo":273,"iān":89,"iāl":1004,"nfl":40,"nfr":48,"nez":35,"iāc":169,"nfe":88,"nci":571,"gļi":38,"nce":476,"nch":29,"nca":32,"ne ":1014,"nbu":52,"ndu":273,"ndr":359,"nds":68,"ndo":248,"ndi":727,"nde":437,"nda":780,"gļu":239,"nak":85,"nal":235,"nam":315,"nan":170,"nar":136,"nac":383,"nad":66,"nae":90,"naf":23,"nag":57,"nai":923,"naj":193,"nab":23,"nbe":61,"nd ":206,"nav":456,"nau":117,"nat":306,"nas":3073,"naz":22,"na ":4384,"muļ":23,"muš":43,"hēm":45,"mtā":193,"ntā":395,"nsē":48,"noš":193,"ny ":39,"nvi":1034,"nux":29,"nve":133,"nva":62,"nuk":32,"nul":25,"num":139,"nus":295,"noī":26,"nto":950,"ntu":416,"nts":925,"ntr":875,"nti":950,"nth":28,"nta":799,"nte":768,"nsu":59,"nsv":36,"nsp":162,"nso":88,"nst":540,"nss":27,"nkū":25,"nsf":27,"nse":131,"nsg":24,"nsi":192,"nsl":44,"nsk":554,"nsa":85,"nu ":3157,"nmē":32,"iču":24,"ičs":33,"nrs":66,"iči":25,"nri":78,"iča":38,"nra":85,"nt ":98,"hīd":23,"nkā":234,"niņ":82,"ns ":4213,"noc":58,"nod":505,"noa":58,"nob":42,"nog":200,"nof":35,"nok":292,"nol":424,"noj":304,"nop":85,"nom":610,"non":115,"not":1518,"nos":1301,"nor":435,"nov":804,"noz":696,"npa":23,"niķ":23,"nne":83,"nna":118,"ngļ":211,"nno":31,"nni":41,"nme":24,"nma":29,"iāņ":39,"ežģ":48,"neš":108,"ndž":62,"ežī":26,"ežā":198,"ngā":136,"nn ":32,"nla":94,"neļ":30,"nle":25,"no ":5915,"nke":26,"nki":45,"nkc":180,"nka":173,"nku":121,"nko":53,"gļū":52,"nks":81,"nkt":272,"nkr":126,"nja":39,"ndī":35,"njo":28,"nij":1586,"nig":62,"nif":36,"ndā":228,"nie":3147,"nid":123,"nic":83,"nia":73,"nk ":29,"niz":488,"ndē":98,"niv":242,"nis":2463,"nit":151,"nir":27,"nio":28,"nip":37,"nim":128,"nin":84,"nik":329,"nil":57,"ogs":183,"ogr":713,"ogu":116,"ogi":122,"ogl":96,"ogo":65,"ogn":46,"oga":163,"obā":56,"ņš ":323,"obī":23,"ocē":27,"oho":29,"ohn":25,"oha":113,"odē":120,"ois":41,"oin":31,"ocī":54,"odā":459,"iģi":165,"iģe":27,"ok ":31,"gša":114,"oju":1293,"odī":31,"ojo":586,"oji":109,"oje":183,"oja":1186,"ol ":51,"oce":578,"och":26,"oci":581,"ock":58,"oco":46,"obs":66,"obu":91,"oca":32,"ode":548,"odi":313,"odo":337,"odn":41,"ods":132,"odr":212,"ocy":51,"jā ":4204,"of ":167,"oda":2367,"oel":45,"oef":31,"oei":29,"oen":27,"odz":39,"odu":575,"jām":1042,"jān":27,"ofi":331,"jāj":22,"jās":923,"ofs":60,"oft":50,"ofo":72,"ofe":168,"jād":51,"jāb":32,"ofa":27,"nzē":40,"oal":24,"oak":87,"oba":54,"od ":93,"obo":33,"obr":164,"obl":72,"obj":208,"obi":154,"obe":704,"nsī":306,"ntē":146,"ة ":22,"nza":50,"nzi":41,"nzo":53,"ntī":340,"nvā":46,"ntū":58,"otā":1010,"orķ":25,"orī":50,"opš":220,"jēj":29,"osā":36,"jēd":148,"orē":91,"ows":32,"ovā":78,"gūš":56,"ozu":30,"otī":57,"ozo":189,"oze":115,"ozi":143,"oza":288,"otē":115,"orņ":38,"otu":305,"oti":1556,"oth":36,"ote":602,"ott":59,"olū":125,"ots":723,"otr":369,"onī":135,"oto":694,"otn":222,"onē":180,"ost":506,"gūt":168,"osu":40,"ota":947,"osi":149,"osk":156,"ose":88,"osf":203,"onā":1526,"osp":73,"oss":48,"gūs":114,"gūr":45,"osm":456,"osl":225,"oso":109,"orā":211,"owe":22,"ovi":389,"ovg":31,"opī":120,"ovs":143,"opē":176,"ox ":29,"jē ":37,"ova":643,"ove":137,"opā":322,"oun":55,"ous":25,"our":37,"out":44,"opm":30,"opo":347,"opi":253,"opl":68,"ope":301,"okā":278,"oph":40,"opa":835,"os ":3856,"opu":475,"opr":71,"opt":86,"ops":93,"ojā":198,"or ":99,"oot":22,"oor":77,"ork":107,"orl":52,"orm":1086,"orn":222,"oro":248,"orp":128,"olī":129,"orr":39,"orc":49,"okļ":89,"ord":492,"ore":247,"omā":452,"orf":64,"org":872,"orh":26,"ori":1689,"osa":935,"ort":723,"ors":691,"orv":185,"oru":295,"omē":208,"orz":33,"ory":23,"olā":244,"ot ":1449,"m² ":52,"orb":148,"ora":653,"olē":98,"olb":29,"ola":1498,"old":135,"on ":659,"oli":1155,"oll":82,"olk":110,"olf":57,"ogā":71,"ole":441,"olg":32,"ols":417,"olt":46,"olm":107,"oln":31,"olo":1146,"olu":413,"ogē":50,"oka":339,"om ":55,"oki":85,"okh":49,"oke":542,"okr":192,"oks":506,"oko":208,"okl":145,"okm":47,"okt":89,"oku":309,"ona":1194,"ond":224,"ogļ":73,"onc":136,"onf":111,"one":173,"ong":158,"oni":1530,"onk":159,"onn":56,"ono":626,"onr":30,"ons":1271,"ont":491,"onu":567,"onv":60,"gšē":65,"ony":39,"onz":36,"oma":1047,"ome":546,"omb":95,"omi":730,"omm":51,"omj":98,"omp":487,"omo":191,"omt":26,"omu":284,"oms":200,"op ":56,"la ":3657,"eķu":303,"kuļ":50,"ktū":291,"kuš":110,"eķi":82,"le ":615,"eļd":25,"lce":40,"eļe":30,"eļa":635,"lci":93,"eļi":128,"eļv":32,"eļu":421,"eļo":286,"eļr":165,"gā ":654,"lde":303,"lda":256,"ldo":68,"ldn":139,"ldi":101,"ldv":22,"ldu":71,"lds":71,"ldr":27,"lab":686,"lac":74,"lad":63,"lah":38,"lag":32,"laj":474,"lai":2379,"lak":285,"lan":766,"lam":314,"lap":246,"lar":131,"lat":1524,"las":2361,"lau":462,"lav":247,"lay":44,"laz":38,"lba":32,"ld ":81,"lbe":128,"lbu":171,"lbr":107,"kvi":68,"kve":97,"kva":316,"kuu":25,"kut":36,"kmū":49,"kus":576,"kur":4124,"kup":73,"kun":181,"kum":1594,"kul":627,"kuk":32,"kuj":25,"koš":92,"krā":588,"koņ":106,"kta":560,"kte":51,"knē":45,"kss":117,"kmī":26,"ksp":156,"ksu":120,"kst":1947,"ksk":31,"cūk":37,"ksi":433,"kso":59,"ksn":205,"ksm":118,"ksl":373,"ktr":699,"kts":634,"ktu":492,"kti":662,"kto":408,"ksī":103,"ktē":73,"kuģ":144,"krū":64,"ktī":473,"ksā":78,"krē":127,"ktā":172,"krī":67,"fēr":208,"ksē":49,"lpo":192,"liņ":107,"lps":165,"lkā":113,"lpe":42,"lpi":52,"dū ":66,"ls ":2358,"lpu":76,"lok":186,"lon":250,"lom":194,"lop":98,"lor":215,"lod":1255,"loc":172,"log":309,"loj":39,"liģ":139,"lpa":98,"los":267,"lot":233,"lov":125,"loz":171,"lno":58,"lnk":23,"lni":256,"lne":55,"lob":58,"lnv":34,"lnu":164,"lns":198,"eņo":30,"lmi":75,"eņi":138,"lme":73,"eņe":150,"eņb":28,"lma":269,"eņa":350,"gāļ":23,"lna":214,"lmu":99,"eņu":143,"eņr":134,"lms":33,"ltk":80,"lti":424,"ltn":68,"lto":53,"ltr":29,"lts":217,"lnī":100,"ltu":221,"lud":54,"luc":32,"lub":111,"lug":36,"lpā":54,"lsi":33,"lkš":22,"lsk":140,"lsm":135,"lsn":30,"lso":131,"lsp":34,"lss":53,"lst":1735,"lsu":49,"eņķ":69,"lv ":26,"lta":371,"lte":188,"lkņ":24,"lmā":69,"lu ":1807,"eņē":35,"lnā":79,"lse":64,"dūd":48,"lsa":85,"lt ":35,"lhe":59,"eļā":42,"lgu":44,"lgs":36,"lgt":25,"lgr":44,"lgo":65,"lbā":28,"lge":25,"li ":1126,"gāz":197,"lga":178,"gār":144,"lfr":22,"gās":198,"gāt":113,"gān":110,"gāj":129,"gāk":229,"gāl":68,"gām":215,"gāc":40,"gād":124,"lfa":193,"lez":112,"lev":95,"les":1626,"let":176,"ler":213,"leo":70,"lep":67,"lem":358,"len":329,"lek":1222,"lei":141,"lej":190,"leg":36,"lef":47,"led":254,"lec":71,"lea":23,"lfī":26,"lls":27,"ldū":50,"llu":78,"lo ":480,"lla":140,"lle":160,"lgā":68,"lli":182,"leņ":73,"llo":82,"lko":184,"lku":31,"lks":97,"lka":119,"lke":27,"lki":33,"eļš":95,"leģ":37,"lkl":39,"leč":51,"ljo":123,"ldī":542,"eļļ":42,"lje":30,"ll ":123,"lja":61,"eļņ":24,"lit":895,"lis":1779,"lir":22,"lip":94,"lio":99,"lin":517,"lim":573,"liz":308,"ldē":33,"liv":35,"lic":208,"lid":326,"lia":94,"lib":49,"lik":929,"laš":379,"eļģ":25,"lij":964,"lig":100,"lie":3537,"lif":131,"ldā":34,"ma ":2997,"mac":23,"mai":882,"maj":174,"mak":194,"mad":68,"mag":255,"map":23,"lzī":23,"mar":276,"mas":1459,"mal":305,"mam":184,"man":1880,"maz":508,"mat":1537,"mba":149,"mbl":29,"mbi":138,"mbe":47,"mbr":158,"mbo":287,"me ":570,"mbu":166,"mda":33,"mde":27,"mdo":23,"med":310,"meg":22,"met":1247,"mes":1625,"mer":791,"mem":29,"mel":157,"men":1391,"mei":147,"meh":105,"mek":209,"mez":28,"hār":41,"mfo":25,"hān":110,"lva":502,"lve":648,"lvi":41,"luk":23,"loģ":845,"lup":35,"luo":34,"lum":401,"lut":87,"lus":425,"lur":30,"loī":24,"ly ":28,"loš":29,"loņ":26,"lvo":84,"lvu":57,"lož":83,"ltā":300,"gēn":73,"lsē":1122,"lzi":33,"lza":40,"lzc":242,"lsī":24,"lvā":83,"ltī":58,"lzs":43,"lvē":725,"ltū":225,"mpi":549,"mpe":254,"mpr":55,"mpo":156,"miņ":109,"mpl":189,"mpu":71,"mps":29,"mpt":22,"ms ":3789,"mog":37,"moc":27,"mob":84,"mod":286,"mon":399,"mop":26,"mok":98,"moj":43,"mom":24,"mol":217,"mor":220,"mos":1307,"mot":190,"mpa":147,"ešķ":123,"miķ":31,"mmā":27,"mmē":68,"msa":67,"mu ":2868,"mt ":26,"mtu":58,"mts":51,"mti":48,"mug":77,"mpā":152,"mss":33,"mst":25,"msu":24,"msk":121,"mte":23,"mta":1054,"mvi":24,"moš":35,"mur":78,"mus":558,"mut":78,"mui":109,"mul":121,"mum":318,"mun":151,"mpē":250,"muz":106,"maņ":208,"džu":100,"džs":35,"mga":146,"dža":84,"mi ":937,"maģ":28,"dži":70,"dže":114,"mju":201,"ml ":23,"mje":32,"min":1418,"mio":29,"ešo":30,"mil":392,"mir":718,"ešs":32,"mis":1428,"ešv":29,"mit":475,"ešu":1242,"miz":31,"mic":35,"eša":400,"mig":64,"mie":997,"ešd":35,"mid":33,"mik":313,"mij":472,"maš":145,"eši":317,"mo ":301,"meņ":339,"meļ":1113,"džā":37,"mko":36,"mm ":35,"mni":192,"mna":27,"ešā":114,"mež":103,"mmu":74,"mma":291,"mme":33,"vī ":36,"tšķ":209,"uņi":48,"uņo":84,"uņu":131,"tūt":53,"tūr":1186,"tūk":66,"tūc":93,"vīn":52,"vīt":70,"vīr":237,"vīg":77,"vīd":56,"vīb":202,"vīz":153,"vē ":134,"īču":22,"īča":67,"sūt":95,"vēl":461,"vēk":693,"vēj":244,"vēc":27,"Čeh":54,"vēs":501,"vēt":425,"vēr":790,"vēn":31,"vēģ":76,"Čik":22,"uļo":37,"uļv":73,"uļu":71,"uļi":36,"uļa":32,"vēš":46,"tļa":51,"tļu":59,"tļi":52,"tļo":22,"vā ":578,"vāj":43,"vāc":471,"vāl":70,"vāk":140,"vān":38,"vām":138,"vār":1021,"vāt":107,"vās":151,"vāv":76,"ržu":43,"uģa":52,"uģi":59,"uģu":36,"tņu":72,"ča ":145,"zra":210,"zru":92,"zjū":39,"tīd":188,"zlā":29,"tīb":1094,"zs ":189,"tīt":1190,"tīs":433,"tīv":934,"tīr":77,"tīk":237,"tīn":159,"tīm":268,"tīg":275,"tīj":350,"zte":106,"zti":66,"ztu":134,"čem":249,"ztv":96,"čet":144,"znī":263,"čer":57,"zsa":231,"rūd":56,"znā":215,"zmē":101,"zu ":183,"rūt":48,"zst":360,"rūs":59,"zsv":33,"znē":22,"zsl":25,"zsk":600,"rūk":50,"rūn":90,"rūm":55,"zsp":47,"rūp":88,"zva":673,"zvi":325,"zve":584,"či ":69,"zul":164,"zum":137,"zpē":51,"zus":63,"čie":24,"zsā":72,"tīņ":237,"zrā":47,"tīģ":32,"zzi":39,"zuā":39,"īģe":36,"tīš":166,"zvē":121,"rūš":31,"čs ":40,"zgl":134,"zga":142,"rš ":626,"zi ":317,"uār":73,"uāl":181,"zaļ":79,"zgu":59,"zef":34,"zej":232,"zdz":26,"zeb":60,"zdo":186,"uāc":50,"zes":430,"zen":285,"zem":1268,"zel":450,"zek":170,"zer":903,"ze ":308,"zce":422,"zbr":68,"zda":107,"zde":234,"zci":73,"zab":39,"īļu":88,"zai":49,"tēš":90,"zah":57,"zam":111,"zan":24,"zak":23,"zar":328,"zau":128,"zav":27,"zas":275,"zat":43,"zod":22,"zob":42,"tī ":235,"zos":43,"zot":69,"zor":28,"zop":22,"zom":26,"zon":281,"zol":154,"zof":144,"ziļ":81,"ziķ":104,"zpa":78,"zpr":45,"ال":32,"zpl":262,"ziņ":261,"zkā":32,"zpi":173,"zo ":48,"zma":918,"zme":35,"zmi":84,"zna":38,"zmu":41,"zno":68,"zne":198,"ršā":79,"zni":156,"zbū":81,"zka":34,"zkl":48,"zkr":193,"zla":642,"zgā":25,"zli":78,"zeļ":55,"zeņ":47,"rša":176,"zie":1720,"zid":135,"zij":625,"rši":100,"zin":1174,"zim":1926,"zil":123,"zik":669,"ršo":29,"zio":48,"zcī":73,"ršr":51,"zir":324,"zis":229,"zit":58,"ršu":90,"ziv":58,"tē ":318,"yst":46,"rņā":31,"sīk":51,"sīj":64,"sīm":27,"sīn":31,"sīs":28,"sīt":105,"sīv":85,"sīb":502,"sīd":98,"sīg":56,"tāž":25,"yon":65,"sī ":32,"tēģ":40,"īņā":28,"za ":232,"āža":23,"āžu":50,"īņu":254,"īņa":76,"sīļ":23,"tēk":46,"tēl":335,"tēm":821,"tēn":44,"tēj":348,"tēt":204,"tēs":73,"tēv":63,"tēr":175,"tēz":37,"īša":499,"īšu":52,"tā ":2912,"tāc":148,"tād":527,"tāk":538,"tāl":1306,"tāj":1760,"rķu":27,"rķe":31,"rķi":179,"yla":29,"tāļ":48,"rņa":66,"rņu":41,"tāš":25,"tāv":1332,"tāz":22,"tāp":79,"tām":538,"tān":411,"tās":1054,"tāt":740,"tār":419,"rīz":162,"rīn":188,"rīj":40,"rīk":162,"rīl":26,"rīv":387,"rīs":243,"rīt":190,"rīg":665,"rīb":593,"rīd":236,"rīc":210,"pūt":23,"sāļ":43,"rī ":2361,"rīš":55,"pūš":30,"sē ":157,"sēj":316,"sēk":27,"sēm":89,"sēn":52,"sēd":44,"sēs":30,"sēr":135,"sēt":1211,"ožu":58,"oža":54,"sāt":137,"sās":67,"sār":68,"sāp":24,"sān":37,"pš ":215,"sāc":43,"sāj":28,"sāk":643,"sāl":103,"sām":92,"ožā":27,"pšu":22,"rģi":226,"pša":33,"rģe":23,"rēķ":47,"sā ":333,"rēš":122,"rē ":110,"ww ":36,"āļu":173,"āļi":45,"www":36,"rēt":449,"rēs":31,"rēm":93,"rēn":56,"rēj":380,"rēk":33,"rēl":48,"rēd":88,"rāļ":69,"rāņ":44,"ošā":198,"rāš":23,"ws ":30,"ošī":35,"wor":28,"rā ":1557,"pļa":22,"rāk":869,"rāl":881,"rām":402,"rān":164,"rāg":38,"rāj":67,"rāc":432,"rād":816,"rāf":309,"rāb":117,"wer":27,"nže":53,"rār":31,"rāp":24,"rāv":135,"rās":553,"rāt":492,"rāz":74,"ošs":181,"ošu":115,"oši":415,"ošo":147,"oša":1342,"vze":33,"vvē":32,"āņi":41,"āņu":468,"vuš":26,"āņa":65,"war":33,"pīt":24,"pīr":89,"pīn":23,"pīl":42,"viš":195,"pīg":88,"pīd":81,"pīb":56,"vs ":473,"vri":37,"vst":90,"vsk":63,"vu ":956,"vus":141,"vmū":35,"vum":201,"vuk":61,"vul":71,"vva":94,"voš":86,"pīļ":68,"āša":527,"via":49,"nša":32,"vio":33,"vir":905,"vik":41,"vil":371,"vin":313,"vig":52,"vij":2101,"vic":31,"vid":1832,"vie":6969,"viz":69,"nšu":53,"vit":157,"nšt":29,"vis":1620,"vji":56,"vju":71,"vo ":339,"oņa":59,"veš":46,"oņi":162,"oņu":145,"viā":31,"vna":31,"vni":238,"vič":61,"vod":34,"voj":423,"vol":130,"vok":149,"von":248,"vor":27,"vot":667,"vos":64,"vpa":23,"viļ":118,"vpi":79,"viņ":404,"vpr":25,"vaņ":38,"vaļ":151,"vi ":493,"vgo":31,"ver":992,"ves":531,"vet":45,"vej":30,"vei":2843,"ven":961,"vem":34,"vel":158,"vek":42,"ved":123,"vec":250,"oļu":172," − ":35,"vda":91,"uzņ":254,"ve ":176,"val":3215,"vak":43,"van":198,"vam":39,"var":1672,"vat":135,"vas":1579,"uzē":26,"vab":47,"vad":1354,"vai":3704,"vaj":267,"pēļ":144,"va ":982,"mūž":31,"uvē":31,"uvā":81,"uzv":164,"uzl":72,"uzk":39,"urš":530,"uzi":73,"uzg":36,"uze":128,"uzt":192,"uzs":479,"uzr":64,"utī":62,"uzm":28,"utē":47,"uzb":144,"uzc":22,"uzd":109,"utā":171,"usī":47,"pēt":433,"usē":169,"usā":96,"pēd":188,"pēc":941,"pēj":691,"urģ":36,"pēm":32,"pēl":736,"pēk":384,"pēr":307,"urī":204,"urē":196,"uz ":1335,"urā":908,"umš":52,"uum":27,"upā":104,"upē":50,"ux ":33,"uus":124,"uvi":141,"uvo":31,"uva":357,"uve":337,"upī":23,"uvu":135,"usl":182,"usm":71,"usj":49,"usk":104,"mūk":26,"ukš":120,"usi":609,"unā":343,"usd":32,"use":127,"usa":206,"mūz":468,"usz":100,"usv":36,"usu":107,"ust":2158,"mūs":296,"uss":395,"mūr":69,"umī":24,"uso":49,"mūn":33,"utn":283,"uth":28,"uti":652,"ute":201,"uta":279,"utb":797,"utt":67,"uts":90,"utv":22,"utu":102,"uto":580,"utr":30,"unī":25,"us ":3775,"ulā":424,"oīd":99,"ulē":350,"ut ":97,"urb":65,"ura":1608,"urd":30,"urc":141,"umā":913,"ure":246,"urg":216,"uiž":110,"urj":22,"uri":851,"url":46,"urk":327,"urn":303,"uro":291,"urp":107,"ulī":38,"urs":344,"urt":245,"uru":1149,"urv":97,"umē":24,"urz":200,"unz":34,"ugš":195,"ujā":42,"uor":22,"upa":461,"ur ":573,"upj":23,"upi":127,"ukā":121,"upe":293,"upo":29,"upu":109,"ump":111,"ums":2443,"umu":2190,"umt":47,"umv":39,"umi":1048,"umk":31,"pāņ":98,"umm":30,"uml":29,"umo":1060,"umn":30,"uma":1511,"umb":191,"umd":66,"ume":317,"udž":74,"unt":48,"uns":163,"unr":34,"unv":30,"unu":158,"unl":25,"unk":486,"uni":663,"uno":67,"ugļ":37,"unc":25,"und":348,"una":264,"ung":150,"une":47,"up ":25,"uks":271,"uku":836,"ukt":791,"uko":36,"ukl":91,"uki":42,"ukc":69,"um ":175,"uka":140,"ulv":63,"ulu":136,"ult":666,"uls":122,"ulp":39,"ulo":29,"ulm":42,"ull":58,"ulk":243,"uli":203,"ulg":48,"ule":823,"ulf":35,"ugā":140,"ulc":29,"uld":110,"ula":397,"ulb":50,"un ":9898,"uid":83,"oģe":28,"udā":23,"oģi":861,"uil":24,"uis":38,"ucē":126,"ķa ":175,"mša":94,"uji":27,"ujo":73,"udē":94,"ul ":24,"uja":223,"ubā":54,"ugi":71,"ugo":30,"ugl":76,"pār":1984,"pās":27,"uga":887,"ugu":553,"ugs":799,"uha":22,"uj ":134,"uco":23,"pā ":453,"uda":124,"ude":104,"udi":282,"ķir":550,"ķis":433,"ķin":48,"ubs":106,"ķij":62,"ķim":24,"ubu":76,"ķie":106,"ķid":184,"uca":88,"ue ":35,"uce":66,"uci":96,"uer":36,"pāc":26,"pān":369,"pām":68,"pāj":65,"udu":86,"āču":68,"udr":142,"udo":32,"ug ":37,"udz":752,"uel":29,"ķet":39,"ķes":25,"ķer":270,"ķen":35,"ķel":35,"tuš":25,"ua ":31,"tzī":84,"uar":51,"ual":31,"uan":35,"ubi":59,"ubj":31,"ubl":522,"ube":111,"uba":77,"uag":22,"uc ":316,"ķi ":217,"tvā":37,"tzi":22,"tuā":134,"ttī":266,"trū":52,"ttē":198,"tza":38,"ttā":196,"nīš":44,"tyl":39,"tvē":108,"ķu ":470,"ty ":51,"toņ":39,"tve":395,"toļ":81,"tvi":1976,"tva":158,"tur":1909,"tus":646,"tuv":673,"ķo ":45,"tul":280,"tuk":47,"tun":72,"ķeš":66,"tum":1336,"tub":43,"tud":188,"tuc":22,"tug":34,"tpū":25,"trī":313,"trē":132,"two":22,"toš":435,"trā":1294,"nīc":430,"nīd":58,"nīb":728,"ts ":6404,"nīj":53,"nīg":331,"nīt":121,"nīs":25,"nīr":102,"nīn":27,"nīm":63,"tlē":35,"tre":229,"tt ":106,"oča":27,"tra":1972,"tri":1251,"oči":28,"trs":398,"tru":1883,"tro":2406,"tlī":43,"tu ":4075,"tmē":32,"tsa":92,"tse":174,"lūc":74,"lūd":44,"lūg":25,"lūk":137,"tsk":152,"tsl":24,"lūp":24,"tsp":162,"tsv":27,"tsu":24,"lūt":49,"tst":123,"lūs":138,"lūz":46,"tnē":293,"tta":34,"tte":67,"tti":291,"ttl":22,"tto":22,"tnī":27,"ttp":39,"ķus":35,"tma":80,"to ":1892,"tms":32,"tmo":123,"tml":23,"tmi":87,"tni":753,"tne":504,"tp ":39,"tna":35,"tns":112,"tnu":123,"tno":42,"tof":38,"tod":192,"toc":137,"toj":671,"tog":69,"nī ":207,"tob":116,"tov":52,"tos":547,"tot":998,"toz":23,"tom":540,"ton":588,"tok":294,"tol":346,"tor":2083,"top":326,"tpe":28,"tkā":47,"tpi":87,"tiķ":219,"tpa":63,"tpl":32,"tiņ":164,"tpr":24,"tij":940,"til":601,"tik":1958,"tif":82,"tie":4403,"tig":30,"tir":195,"tit":273,"tis":2277,"tin":593,"tim":104,"tip":378,"tio":312,"tia":75,"lša":104,"tic":277,"tid":70,"teā":78,"tju":24,"tiz":110,"lšu":27,"tiv":158,"tja":44,"tki":59,"tkl":212,"tko":27,"tkr":96,"tku":37,"tka":280,"tli":341,"teņ":82,"tla":152,"tgā":22,"tle":76,"tem":480,"ten":587,"teo":285,"tep":65,"tei":672,"tej":47,"tek":587,"tel":542,"teg":123,"teh":268,"teb":48,"tec":92,"ted":53,"tfo":35,"th ":68,"tet":45,"tes":1146,"ter":2575,"tgr":47,"ti ":2942,"tga":132,"tač":123,"tho":40,"the":191,"thi":29,"taļ":38,"tha":41," α ":31,"āpa":64,"āpe":142,"ākā":884,"āpi":34,"ājē":32,"ār ":34,"ājā":201,"āno":72,"āns":365,"ānu":327,"āre":82,"āmā":78,"ārg":36,"āra":470,"ārb":33,"ākļ":103,"ārd":904,"ārm":72,"ārn":280,"āro":74,"ārp":114,"āri":461,"ārk":89,"ārl":118,"āt ":234,"ālā":1101,"āpu":44,"āps":37,"ās ":6616,"āld":44,"āgā":35,"āle":181,"āli":1326,"āla":1215,"āks":485,"ākt":61,"āku":495,"āko":642,"āki":268,"āka":1716,"ām ":3525,"ājs":680,"ābū":29,"ādī":293,"āju":1139,"āji":502,"ājo":89,"ājp":22,"āni":891,"āna":615,"ānd":34,"āmu":42,"āms":160,"āmi":68,"āma":396,"ālu":633,"āls":579,"ālo":317,"ārē":202,"āsā":40,"āpš":36,"ārī":93,"āvu":149,"žās":33,"ārā":289,"žād":455,"žāk":194,"žām":34,"ātē":54,"āze":265,"ārš":275,"āzi":216,"āzu":50,"zšķ":85,"ātī":67,"ātā":439,"ārņ":54,"āv ":562,"žā ":38,"āta":627,"āst":95,"āsu":62,"ātn":541,"ātr":318,"āto":42,"āte":469,"āti":825,"ārz":92,"āsa":252,"ālī":22,"ārr":75,"ārs":844,"ārt":1313,"āru":144,"ārv":488,"ānā":124,"āsi":27,"ākš":30,"āvd":67,"āva":113,"āpē":74,"āvs":30,"āvo":161,"āvj":71,"āvi":182,"āve":205,"āts":679,"ātu":408,"Āzi":142,"āfi":261,"āfr":63,"āfs":37,"āga":57,"āgs":41,"āgo":45,"āj ":38,"ābē":84,"ācē":37,"āk ":1029,"ādā":677,"ācī":199,"ādē":157,"āja":844,"āje":33,"ābi":54,"ābj":26,"ābe":514,"āba":24,"āca":27,"ābu":87,"āci":2513,"ācb":31,"āda":636,"ācu":337,"ādn":33,"ādo":104,"āde":246,"ādi":416,"āds":129,"ādu":390,"ļin":31,"ļie":252,"ļi ":260,"zņe":149,"ļda":25,"ļav":42,"ļau":478,"ļai":47,"ļas":391,"ļam":83,"ļa ":1215,"āzē":88,"zņē":241,"žīm":24,"žģī":37,"ātņ":41,"āvē":149,"āvā":189,"āvī":87,"AU ":30,"﻿":23,"zēš":55,"BA ":99,"ķī ":22,"ļot":251,"ļos":305,"ļiņ":134,"ļoj":28,"ļri":165,"Ķīn":125,"ļu ":1814,"zīš":29,"ļsk":34,"ļve":81,"ļvi":28,"ļum":33,"ļus":125,"ļuv":123,"ķēr":58,"ķēn":27,"ķēd":39,"ļoš":38,"Žan":29,"zīs":345,"zīt":108,"zīv":1468,"zīl":49,"zīj":29,"zīm":1070,"zīd":65,"zīc":55,"zīb":324,"zīg":242,"AP ":26,"zāc":457,"zā ":57,"ža ":310,"zāk":210,"zāl":65,"zām":26,"zān":65,"zās":75,"žku":26,"zē ":172," С ":34,"žis":66,"ķīd":71,"ķīr":23,"ķīs":84,"žie":84,"ķīn":49,"ķīm":271,"žos":33,"žot":153,"žor":51,"žkā":37,"Āge":33,"žon":63,"žoj":249,"Āfr":113,"zēl":36,"zēj":212,"zēm":74,"zēt":500,"zēs":27,"zēr":47,"žni":23,"žo ":82,"žas":293,"žag":66,"žai":25,"žan":122,"žam":29,"ži ":383,"žer":29,"žes":28,"žet":61,"žei":43,"žel":23,"žen":74,"uža":37,"užu":32,"žus":34,"žur":90,"žoš":80," Н ":25,"žs ":70,"žre":77,"žu ":492,"ušā":109,"ušu":56,"ušo":68,"uši":230,"uša":268},"n_words":[2106271,2428959,2036825],"name":"lv","type":"latin"}