{"freq":{"णां":79,"णाच":69,"थे ":276,"तका":129,"था ":217,"ोल्":72,"ोलि":66,"ोला":81,"ोर्":136,"ोबर":168,"णता":197,"तंत":167,"ोव्":196,"तो ":552,"णजे":209,"्तर":330,"ं ":115,"्त्":568,"्ते":64,"्थळ":62,"तां":107,"्ता":389,"ः ":139,"्ती":202,"ताक":90,"्ति":145,"्तु":82,"ताच":344,"्दर":73,"तात":957,"तान":226,"्थि":115,"ताम":63,"्था":569,"तार":104,"ताल":160,"तिक":153,"्थे":76,"तीं":64,"्दा":73,"а":72,"्धत":82,"तिह":109,"तीच":131,"तिस":79,"्ट्":957,"्टो":150,"्टे":199,"्टी":161,"्टा":154,"्टि":89,"इ ":181,"तसे":151,"धन ":83,"्तक":79,"दी ":549,"्यं":164,"्मन":141,"्यक":342,"दू ":113,"्मा":304,"्मि":128,"्रं":90,"्यत":102,"्मे":88,"्यप":104,"्यम":126,"्रक":379,"्यव":153,"्रज":340,"्यु":195,"्या":9729,"्धा":165,"तया":65,"्ने":69,"तरे":84,"्ना":140,"तरा":162,"तरर":91,"्पन":111,"दा ":131,"्पर":85,"तले":94,"तला":76,"्पा":80,"ण्य":949,"ا":67,"तमि":228,"्का":190,"्कृ":130,"्कर":75,"दर ":72,"णून":182,"तदा":122,"्ञा":188,"दल ":81,"तत्":79,"णार":809,"णात":73,"्गा":89,"्चि":216,"्चा":100,"णुक":137,"्चन":73,"थ ":288,"द ":645,"ध ":495,"न ":5349,"ड ":671,"थील":100,"ठ ":317,"थाप":202,"ण ":1146,"थान":236,"त ":6358,"थित":69,"धी ":120,"ज ":339,"दक्":266,"ञ ":122,"धा ":98,"ट ":1322,"ं":13502,"ः":232,"ँ":308,"आ":6891,"इ":1323,"अ":4895,"ऊ":224,"ऋ":69,"ई":607,"उ":1473,"घ ":103,"ए":2374,"ओ":357,"ऑ":510,"ऐ":63,"ग":7424,"ख":2772,"क":20151,"औ":108,"छ":206,"च":12137,"घ":1111,"ट":6169,"ञ":320,"झ":981,"ज":8381,"ठ":2153,"ड":3743,"ढ":440,"ण":6906,"त":27784,"थ":2477,"द":9254,"ध":4679,"न":18404,"प":12607,"फ":1499,"ब":5130,"्ग ":233,"भ":4247,"म":15733,"य":22975,"र":35779,"ळ":2991,"ल":18817,"व":16505,"ष":4156,"श":6670,"ह":17826,"स":18689,"ऽ":116,"ि":18218,"ा":66714,"थवा":122,"े":31183,"ॅ":601,"ू":4430,"ृ":896,"ी":21357,"च ":843,"ु":7163,"ौ":422,"्":44808,"ो":8505,"ै":961,"ॉ":916,"०":1926,"१":3312,"्क ":91,"६":758,"७":829,"८":1020,"९":2445,"२":1611,"३":695,"४":690,"५":705,"क ":4288,"ग ":912,"ख ":378,"त्स":89,"त्व":365,"त्प":68,"त्र":2148,"त्य":1716,"त्म":72,"त्त":815,"त्न":66,"ம":77,"த":78,"ா":90,"ி":93,"ர":79,"तून":246,"க":89,"तुर":76,"ॉर्":122,"்":211,"तीत":68,"तीन":98,"तीय":438,"तील":2444,"तेल":85,"ई ":267,"ै ":165,"्न ":140," ख":774," ग":1923," औ":107,"ोजी":152," क":6366," ओ":265," ऑ":506," ट":487," ज":3863," झ":541," च":2075," छ":154," घ":462," इ":1199," आ":6783," अ":4797," ए":2269," ऊ":68," उ":1326," ई":99,"दार":306,"दिग":99,"दान":93,"दाच":70,"दिल":153,"दिव":143,"्फ ":77,"दिर":79,"े ":16291,"दीच":62,"नंत":140,"दुर":84,"दुस":164,"ोठे":238,"्म ":214,"ू ":729,"्य ":1111,"्र ":868,"ि ":987,"नी ":1364,"ोणा":90,"ी ":12189,"ोत्":125,"ोतो":104,"ोते":752,"ोती":123,"ोता":310,"ु ":263,"ा ":17571,"ोधन":72," ८":95," ९":93," ६":115," ७":115," ४":132," ५":115," २":1066," ३":209," ०":70," १":2735,"्व ":312," प":6615," फ":822," न":2997," म":6902," य":3998,"्ष ":149," ब":2263," भ":2543," ठ":228," ड":419,"ह ":265," द":3178," ध":461," त":3644," थ":112,"ोपा":104," ह":7628," स":7738," ल":2032," र":3046," श":2241," व":5406,"ने ":992,"्स ":322,"स ":1697,"ष ":215,"थ्व":73,"श ":822,"व ":2502,"्च ":156,"दरम":106,"ळ ":724,"्ट ":345,"ल ":4586,"्ञ ":122,"दर्":246,"ना ":828,"्ड ":88,"र ":6250,"य ":2749,"्ठ ":232,"म ":1312,"्ण ":136,"ोका":76,"ोकस":391,"भ ":104,"ब ":134,"्थ ":178,"फ ":180,"्त ":411,"्ध ":328,"प ":291,"्द ":119,"टना":76,"डू ":84,"डी ":137,"डा ":115,"ठे ":245,"ठी ":788,"ञान":146,"टोब":135,"ट्य":132,"ट्र":1051,"ट्ट":87,"टेड":67,"टेक":65,"तः ":64,"डे ":134,"टां":121,"टें":125,"टात":71,"टार":107,"टिक":111,"ठ्य":96,"णी ":301,"णि ":782,"णा ":114,"्ह्":230,"्सि":71,"्हण":631,"्हा":235,"्हि":103,"्हे":192,"्स्":66,"ठिक":87,"डणु":118,"्लि":183,"्ली":63,"्ला":198,"्ले":93,"्रद":304,"्रथ":62,"्रत":188,"्रण":89,"्यू":155,"्रप":582,"्ये":1183,"्रम":557,"्यो":94,"्रल":83,"्रव":174,"्रश":146,"्रह":141,"्रस":352,"्रा":1606,"्रु":153,"्रि":802,"्लं":83,"्री":882,"्रे":549,"्रो":151,"्र्":109,"्षण":152,"्शि":77,"्षे":198,"्षि":311,"्षा":344,"्षी":88,"्वत":172,"्वज":70,"्वर":132,"्वी":309,"्वे":282,"्वि":88,"्वा":1006,"ड्य":63,"ता ":928,"ती ":831,"ते ":2330,"णे ":394,"डाच":85,"डात":62,"डिय":72,"डिस":128,"डील":75,"तर ":662,"डून":170,"जे ":259,"जा ":105,"जी ":439,"चीन":184,"चित":727,"चार":281,"चाल":111,"चिन":184,"चिम":207,"जगा":147,"च्य":2911,"च्च":223,"जन्":279,"टक ":89,"जनत":86,"जधा":220,"टन ":79,"जाग":68,"जां":62,"जिल":278,"जास":142,"जार":66,"जान":157,"जात":654,"जाण":139,"जरा":68,"जर्":134,"जवळ":124,"जोड":73,"ज्य":1261,"ज्ञ":320,"जीव":120,"जुन":111,"जुल":121,"जून":124,"टर ":126,"झाल":422,"टी ":174,"टा ":105,"ठा ":104,"ंघ":431,"ंख":180,"ंग":1699,"ंक":394,"ंड":876,"केत":187,"ंट":262,"ंज":187,"ंच":1704,"केच":132,"केट":130,"ँड":81,"ंश":217,"ंस":555,"ंव":461,"् ":692,"ंध":318,"ंद":1200,"ंन":966,"ंथ":109,"ंत":1644,"ंम":356,"केल":701,"ंप":555,"ंभ":92,"ंब":953,"ो ":900,"ँग":72,"आण":837,"आढ":90,"इं":419,"कृत":201,"अस":1528,"अश":181,"आग":71,"अव":109,"आक":127,"अल":143,"अर":282,"अभ":461,"अम":428,"अप":77,"अध":195,"अन":311,"अथ":144,"इत":287,"आश":86,"आह":3959,"आल":245,"आय":156,"आर":178,"आप":132,"आफ":117,"कृष":91,"आध":103,"अं":259,"आं":194,"कें":67,"अत":143,"अण":68,"अक":80,"उर":65,"उप":257,"उल":75,"ऊन":63,"ऊर":66,"इस":98,"उं":94,"खले":96,"उच":118,"उत":389,"उन":70,"उद":171,"कोण":88,"कोल":77,"एक":1893,"एख":65,"एप":100,"क्क":92,"क्ट":201,"क्त":320,"क्य":169,"क्ष":1291,"क्र":523,"क्स":174,"ऑस":91,"ऑफ":67,"ऑक":141,"ऑग":114,"गर":430,"गल":148,"गळ":139,"गव":115,"खे":276,"गप":74,"गम":74,"ख्":538,"गट":66,"खा":505,"खि":83,"गड":87,"खी":84,"गण":286,"गत":154,"खर":91,"क्":2945,"खल":175,"के":1566,"खन":94,"कॅ":149,"को":604,"कॉ":161,"कि":847,"की":630,"गं":74,"का":3922,"कृ":301,"कु":375,"कू":79,"कस":544,"कव":162,"कश":95,"कल":330,"खक":117,"कम":167,"कर":1579,"कप":84,"कथ":172,"कन":175,"कड":224,"खं":163,"कण":68,"कत":150,"कक":66,"कं":129,"ओळ":135,"ची":1602,"चि":1243,"चा":1991,"चे":2243,"चौ":88,"च्":3182,"० ":717,"जग":235,"जक":120,"चन":187,"चर":81,"चल":81,"चव":64,"घा":367,"घे":138,"चं":156,"घट":138,"गा":1549,"गस":133,"घड":69,"गी":328,"गि":172,"गू":80,"गु":294,"गो":373,"ग्":1223,"गे":325,"घर":90,"टन":228,"ञा":188,"टा":652,"टल":177,"टर":206,"खाद":93,"४ ":416,"झा":550,"झि":70,"टच":62,"३ ":377,"टक":258,"जो":179,"जे":499,"जू":189,"जी":702,"जु":275,"जा":1637,"जि":541,"२ ":421,"ज्":1646,"जन":601,"खान":75,"जध":220,"खाल":87,"जस":63,"जव":226,"१ ":522,"जर":265,"जल":91,"जय":81,"जम":98,"डच":80,"ठा":219,"ठि":103,"ठव":67,"५ ":430,"टे":445,"ट्":1360,"टो":293,"टी":396,"टि":297,"डा":413,"डि":310,"डी":307,"डल":139,"डळ":73,"डव":71,"६ ":435,"ठ्":106,"डम":84,"डर":65,"ठी":879,"डत":76,"डण":186,"डन":65,"ठे":307,"तं":195,"तः":94,"ढा":78,"णज":221,"णक":97,"७ ":492,"ढळ":87,"ड्":156,"डो":138,"डॉ":73,"डे":278,"डू":298,"डु":64,"णि":910,"णी":405,"णु":223,"णू":264,"णा":1365,"तक":277,"८ ":406,"णप":91,"णत":272,"९ ":481,"तव":72,"तस":223,"ति":798,"ता":3296,"तू":362,"तु":325,"ती":4269,"दं":76,"तद":128,"तत":106,"तप":146,"तन":88,"णे":550,"तम":332,"ण्":982,"तय":70,"तल":255,"तळ":94,"तर":1232,"थव":138,"था":849,"थी":145,"थि":153,"ते":2652,"तो":665,"त्":5456,"खेळ":198,"थळ":77,"दक":326,"दृ":82,"धत":108,"दू":226,"दु":367,"नं":194,"दी":767,"दि":707,"दा":1004,"थे":411,"दन":81,"दव":72,"दल":156,"दर":524,"थ्":121,"धा":812,"नच":194,"नत":190,"नद":208,"धी":622,"नड":78,"धि":310,"धू":73,"धु":110,"दो":255,"द्":1977,"धन":165,"दे":1492,"नक":199,"नग":152,"धर":260,"धल":79,"नर":109,"नल":207,"नव":362,"धे":84,"नय":86,"नम":96,"ध्":1350,"नी":1612,"पं":155,"नु":263,"गळ्":76,"ने":2153,"नस":171,"ना":2993,"नि":1438,"पक":409,"नो":289,"नै":75,"न्":1414,"पत":355,"पण":229,"पन":409,"पद":339,"पड":106,"पट":647,"पश":225,"पह":161,"पस":114,"पल":219,"पर":957,"बई":129,"पे":273,"पै":233,"पॉ":77,"पू":594,"पृ":102,"पॅ":69,"पा":1577,"पि":254,"बं":239,"पी":379,"पु":752,"बच":72,"फळ":72,"प्":3134,"पो":211,"बन":164,"फे":175,"बद":156,"बत":64,"फु":80,"फि":95,"फा":147,"फो":62,"फ्":393,"बर":861,"बह":109,"बि":244,"बा":902,"बु":115,"मं":347,"बी":172,"बे":403,"बॉ":75,"बो":197,"भर":75,"ब्":696,"मक":100,"गरा":120,"गरी":78,"मग":69,"मज":82,"मच":80,"यं":250,"भि":399,"भा":2637,"मत":229,"भू":282,"मण":132,"भे":177,"मन":439,"मध":1532,"मद":153,"भौ":79,"भो":73,"मल":215,"यक":493,"भ्":94,"मर":604,"मह":1126,"यत":203,"मृ":108,"मू":271,"मॅ":66,"ख्य":500,"मि":1010,"यट":74,"मा":2886,"मु":1239,"रं":435,"मी":463,"मो":679,"यम":237,"म्":1246,"यन":341,"मे":875,"यप":140,"मै":72,"यव":231,"रख":99,"रग":70,"रक":670,"यल":98,"यर":147,"या":14036,"रज":391,"रच":375,"यस":75,"रध":68,"रद":356,"रथ":65,"रत":1594,"यू":189,"रण":1061,"यु":675,"यी":118,"यि":121,"रय":68,"रम":767,"रभ":78,"रब":97,"यो":389,"रफ":64,"रप":674,"ये":1927,"रन":85,"गाच":88,"लय":143,"लब":72,"लन":141,"लढ":74,"गात":319,"लच":92,"लग":102,"लक":174,"र्":5914,"रो":716,"रॉ":92,"रे":1413,"गां":194,"रू":387,"लं":299,"री":2531,"रु":575,"रि":1770,"रा":6808,"रह":201,"रस":797,"रश":254,"रव":382,"रल":306,"रर":139,"ळ्":150,"ळे":264,"ळा":565,"वं":149,"ळी":258,"ळू":62,"ळव":128,"ल्":2173,"लो":767,"चन ":87,"लू":62,"ळण":107,"ळत":82,"लै":137,"ले":3399,"ळन":66,"लु":220,"ली":1530,"लि":1122,"ला":2983,"लव":72,"ळख":135,"ळक":78,"वो":76,"शब":124,"वै":95,"वे":911,"शन":181,"शव":74,"षक":96,"व्":1218,"शर":79,"वश":88,"गस्":118,"वस":571,"वू":99,"वृ":105,"शत":95,"वा":3822,"वि":1941,"वी":773,"वन":263,"शक":187,"वळ":226,"वल":308,"वर":1642,"वय":91,"वज":113,"वच":65,"वक":74,"वण":225,"वत":410,"वड":312,"वट":66,"सन":187,"षे":500,"सप":188,"सभ":348,"ष्":1679,"सम":806,"सर":1179,"सल":632,"सव":108,"सच":99,"षा":600,"षि":375,"षी":127,"सण":108,"सत":526,"सद":113,"सध":64,"शे":245,"श्":798,"शो":167,"षय":121,"सक":135,"शह":705,"सं":1892,"शी":422,"शु":72,"शा":1405,"शि":914,"षण":199,"हे":6136,"हॅ":73,"हु":162,"ही":1380,"हि":1219,"हा":3206,"ह्":871,"हो":1733,"हन":73,"से":980,"सु":643,"सी":265,"हत":249,"सू":619,"हण":691,"सि":714,"सा":2701,"सह":169,"हव":64,"हस":71,"हम":90,"स्":3801,"हय":143,"हर":898,"सै":65,"सो":298,"ात":6409,"ाथ":69,"ाढ":83,"ाण":917,"ाठ":965,"िं":1222,"ाड":364,"ाट":442,"ाब":339,"ाभ":170,"ाप":1160,"ान":3426,"ाद":925,"ाध":343,"गुर":68,"ाव":2259,"िख":96,"िक":2722,"ाळ":594,"ाल":2412,"ार":6697,"ाय":1081,"ाम":1731,"िज":229,"ाह":1051,"िच":184,"ास":2359,"ाष":1328,"ाश":369,"िग":160,"ां":4665,"ाँ":113,"ाऊ":66,"ाइ":80,"ाई":239,"ाउ":96,"ाक":602,"ाच":4155,"ाझ":79,"ाज":2078,"ाग":1046,"ाख":206,"ीण":65,"ीठ":87,"ुं":330,"गिर":64,"ीत":755,"ीप":214,"ीन":664,"ीम":234,"ीय":1104,"ील":3494,"ीर":265,"ुग":140,"ुख":527,"ीव":305,"ुक":528,"गीत":150,"ुज":89,"ीस":155,"ुट":125,"िट":204,"गाव":277,"ीं":192,"िड":79,"गाल":127,"िण":383,"ित":1967,"गाय":92,"िद":477,"िध":193,"िन":1260,"िप":347,"िब":126,"घटन":111,"िभ":130,"िम":634,"िर":694,"िय":1422,"िल":1282,"ीक":319,"िळ":425,"िश":552,"िव":770,"िस":721,"िष":365,"िह":250,"ीच":727,"ीज":85,"ेव":793,"ेश":1384,"ेळ":324,"ैक":225,"ेल":2762,"ेय":96,"ेर":672,"ेम":206,"ेब":175,"ेप":128,"ेन":599,"ैद":75,"ॉं":62,"ेह":98,"ेस":492,"ेष":313,"ॉक":64,"गेल":207,"ैव":63,"ैन":90,"ॉन":105,"ॉट":71,"ॅर":127,"ॅन":107,"ें":768,"ेक":722,"ेख":448,"ेट":491,"ेड":164,"ेत":2226,"ेण":224,"ेद":177,"ेथ":380,"ेग":137,"ेच":757,"ेज":75,"ृथ":73,"ृत":438,"ृष":221,"गोल":138,"ुत":238,"ुण":210,"ुढ":64,"ुड":67,"ूं":81,"ुन":719,"ुध":64,"ुद":440,"ुप":192,"ुर":1052,"ुम":183,"ुळ":257,"ग्ल":179,"ूक":85,"ुल":420,"ुष":125,"ुस":491,"ुव":264,"ग्र":670,"ूच":81,"ग्द":71,"ग्न":84,"ूत":126,"ून":1612,"ूप":102,"ूम":143,"ूर":779,"ूल":112,"ूळ":67,"ूह":94,"चा ":1450,"्व":2745,"्श":274,"्ष":1475,"्स":788,"्ह":1660,"्म":1315,"्य":13761,"्र":9096,"्ल":826,"ची ":1393,"ोर":443,"ोय":88,"ोल":499,"ोब":307,"ोम":148,"ोस":168,"ोष":97,"ोह":121,"ोळ":97,"ोश":68,"ोव":325,"्ण":384,"्त":2563,"्ड":225,"्ट":2277,"्ठ":301,"्झ":104,"्ञ":320,"्फ":142,"्ब":125,"्प":569,"्ध":714,"्न":549,"्थ":1118,"्द":543,"ौर":111,"्ज":211,"्च":600,"्ग":488,"्क":801,"ों":135,"ॉर":159,"ॉल":165,"ोज":285,"ोड":211,"ोट":232,"ोठ":384,"ोद":77,"ोण":200,"ोत":1519,"ोप":280,"ोध":220,"ोन":394,"ोक":697,"ोच":112,"ोग":276,"चे ":2125,"घात":147,"घाच":71,"चंद":96,"घेत":69,"०६":62,"०७":100,"०४":65,"००":610,"०१":76,"०८":75,"०९":89,"१०":143,"१५":108,"१६":128,"१७":139,"१८":321,"११":87,"१२":105,"१३":94,"१४":109,"१९":1554,"२१":65,"२०":603,"८०":89,"८६":64,"९०":106,"९६":205,"९५":154,"९८":288,"९७":177,"९२":135,"९१":161,"९४":175,"९३":129,"८८":69,"८९":125,"९९":420,"३०":86,"२३":65,"२२":68,"२५":80,"२७":76,"२६":63,"२८":64,"५०":65,"६०":76,"जन ":67,"चना":79,"के ":109,"का ":542,"ओळख":133,"की ":396,"खक ":110,"कर ":232,"कन ":100,"काह":112,"किन":92,"काम":326,"कार":1020,"काय":62,"काल":221,"काळ":222,"काश":148,"कास":81,"किम":109,"किल":76,"कीय":113,"कां":335,"काद":84,"कात":158,"काण":89,"किं":328,"काच":171,"कवी":78,"कसं":90,"कशा":76,"कसभ":296,"कला":81,"कल्":115,"गी ":87,"कर्":219,"गा ":89,"करा":112,"करू":89,"करी":67,"三":73,"करत":181,"करण":522,"कथा":145,"कडे":62,"कडू":62,"गर ":134,"खंड":160,"कंप":101,"एप्":100,"एका":149,"एखा":65,"ऑफ ":63,"ऑस्":91,"ऑगस":114,"ऑक्":139,"०९ ":83,"०८ ":72,"०७ ":92,"ऊर्":63,"११ ":69,"१२ ":81,"१३ ":67,"१० ":113,"१६ ":75,"१७ ":70,"१४ ":80,"१५ ":76,"०० ":116,"०४ ":63,"एक ":1511,"आणि":780,"आपल":113,"आफ्":114,"२००":459,"आले":120,"आर्":98,"आहे":3954,"इति":65,"इतर":127,"अथव":122,"अति":63,"१९१":93,"१९८":221,"१९९":347,"१९६":128,"१९७":149,"१९४":143,"१९५":124,"१९२":109,"१९३":101,"अधि":146,"अने":154,"अभि":344,"अभ्":70,"अमे":278,"अमि":68,"अर्":160,"आका":68,"असल":335,"असत":304,"असण":73,"अशा":75,"अशी":64,"असे":343,"असू":247,"असा":90,"इंड":62,"इंग":258,"आढळ":87,"००९":79,"००७":86,"் ":95,"उच्":113,"उद्":130,"३० ":73,"उत्":376,"१९ ":73,"२७ ":71,"ऊन ":62,"२८ ":62,"२५ ":73,"इस्":65,"२० ":116,"ेशा":514,"ेशि":132," ओळ":134," कं":103,"ेष्":213," खं":102," कथ":124," कम":84," कर":956,"ैकी":208," कल":112," कव":97," कि":683," का":1385," कृ":78,"ेवर":160," कु":249," के":933," कॅ":146," को":333," कॉ":122," क्":525,"ेवा":214," एक":1893," एख":65," एप":100," ऑक":140," ऑग":114," ऑफ":67,"ेस्":75," ऑस":91," चौ":88," च्":195," जग":208," ची":128," चि":913," चा":258," चे":120," जर":148," जम":72," १ ":124," जन":432," ज्":461," २ ":80," जि":352," जा":1062," जू":107," जु":247," जी":146," जे":116," जो":163," ३ ":78," झा":447," खे":215," गण":130," गट":64," खा":206," घर":66," गो":192," ग्":328," गे":212," गु":208," गा":404," चं":92," घे":131," घा":63,"ंट ":79," अं":254,"ेथे":251,"ेथी":97," अप":73,"ेते":395," अन":300," अध":194," अथ":143," आक":124,"ेता":130," अल":139,"ेती":391," अर":236," अम":426," अभ":454," अस":1524," अव":109," अश":180," आग":68,"ेत्":247," आढ":90," आण":837," इं":409,"ेणा":90," अक":80," आं":187,"ेण्":83," अण":68," अत":140,"ेतल":69,"६० ":62,"ंत ":465,"ंड ":204,"ेने":94,"ेन्":114,"ेनि":72,"ंग ":304,"ेब्":104,"ेळा":116," इस":89,"ेल्":528,"ेलि":98,"ेली":343," इत":279,"ेला":618," आह":3959,"ेले":852," आश":86," आर":162," आय":154," आल":243,"ंच ":100," आध":97," आप":129," आफ":117," उल":66," उप":255," उद":168," उत":384,"ेरि":321,"ेरी":87," उच":118,"ंघ ":80," वा":841,"ोत ":71," वि":1279," शत":75," वस":293," व्":476," शर":73," वे":251," वै":84," शब":119," सं":1488," शि":338," शा":307," शह":692," शे":119," श्":176," शो":63," शक":86," वर":325," वन":73,"ोन ":196," ला":353," लि":318," ले":317," लो":622," या":2852," रच":72," यु":309," यो":83," ये":604," रश":94," रा":1893," रि":79," रस":83," रे":153," रु":64," रो":269,"ंद ":67,"ोर ":89," हो":1650," ह्":509," हि":526," ही":801," हा":1542," हे":1892,"ोल ":64," सम":640," सप":137," सर":815," सद":67," सध":64," सत":74," स्":1248," हर":99," हय":132," सो":189," सा":1287," सि":219," सह":142," से":175," सी":112," सु":443," सू":90," दर":173," दृ":63," दु":235," दा":117,"ोक ":70," दि":467," दक":264," त्":1085," तो":143," ते":655," तय":65," तम":233," तर":237," तत":72," ता":327," ति":182,"ोग ":64," ती":172," तु":116," तस":163," ७ ":73," ६ ":68," डि":141," टे":67," ट्":135," टो":93," ५ ":63," ठि":88," ४ ":80," टा":72," मो":576," म्":694," मे":240," मै":64," मू":114," मृ":78," मा":1083," मि":294," रं":86," मु":622," मह":1114," मल":145," मर":508," भौ":66," मन":77," मध":589," मत":139," भू":208," भा":1980," ब्":283," बे":267," बो":108," बा":493," बि":111," मं":217," बह":106," फ्":212," बर":139," बद":64," बन":145," फे":128," फा":98," फु":65," फि":73," बच":70," प्":2295," पो":147," पि":143," पा":818," पु":600," बं":158," पे":127," पॉ":75," पृ":96," पू":277," पर":492," पश":206," पह":159," पड":69," पट":81," पद":228," पत":76," न्":105," नो":178," पक":276," नि":731," ना":905," पं":133," ने":304," नव":130," धा":110," नद":157," दे":1033," द्":193," दो":206," धर":205,"ॅरि":66,"ेंट":68,"ेंद":165,"ेंब":371,"८९ ":68," द ":78," इ ":175,"ेल ":174,"८० ":71,"ेर ":66,"ेस ":273,"ेश ":484,"ेव ":85," स ":136,"ेच्":192,"ेचे":150,"ेचा":92,"ेची":66,"ेकड":79,"ेखन":78,"ेक्":200,"ेखक":117,"ेटा":76,"ॉन ":63,"९८ ":66,"९९ ":71,"९६ ":77,"९१ ":71," व ":1440,"ृष्":213,"ृथ्":72,"ृती":81,"ृत्":188,"अंत":115,"ेत ":845,"ेन ":118,"ेट ":229,"ेड ":81,"९९६":63,"ेक ":319,"ेख ":111,"ेच ":240,"आंत":108,"ुष्":79,"ुसर":130,"ुवा":185,"ुळे":148,"ुला":65,"ुलै":113,"ुरा":109,"ुरस":95,"ुरो":111,"ुर्":256,"ुरु":156,"ुरू":78,"ुमा":140,"ुप्":76,"ुनि":101,"ुनी":63,"ुना":87,"ुद्":358,"ुत्":100,"ंच्":531,"ंचा":365,"ंची":306,"ंचे":348,"ंग्":429,"ंगा":332,"ंघट":78,"ंगी":166,"ंघा":242,"ंका":93,"ंख्":149,"ंगल":89,"ंगण":71,"ंडा":180,"ंडळ":71,"ंना":305,"ंनी":632,"ंपै":165,"ंबई":124,"ूर्":429,"ंपा":63,"ंपर":71,"ंपन":86,"ंत्":351,"ंता":140,"ंती":82,"ंतर":401,"ंद्":289,"ंदी":266,"ंदू":116,"ंदा":71,"ंदि":113,"ंदर":105,"ंबर":448,"ंमध":305,"ंस्":364,"ंसा":99,"ुस्":136,"ंवर":89,"ुसा":139,"ंवा":298,"ंशो":74,"ाळी":71,"ाळा":189,"िकन":68,"ाला":601,"ालि":128,"ाली":458,"ालु":126,"ाल्":170,"ाले":279,"ावि":118,"ावी":70,"ावा":374,"ाव्":94,"ावे":148,"ावण":64,"िका":572,"ावर":588,"ावल":82,"िको":101,"िक्":215,"िके":418,"ाषा":187,"ासत":84,"ाषे":285,"ाष्":810,"ाशि":80,"ाशी":94,"िग्":108,"ासक":92,"ाही":306,"ाहि":257,"िचा":69,"ाह्":62,"ुन ":350,"ासि":69,"ासा":570,"ासु":84,"ाहत":75,"ासू":218,"ास्":488,"िजे":63,"ींच":65,"िणे":98,"िता":173,"िती":211,"ित्":984,"िद्":408,"िना":177,"िनि":68,"िनी":230,"िने":334,"िन्":135,"िपी":179,"िभा":112,"ियन":201,"िमे":82,"ियम":83,"िमी":103,"िमा":152,"ियो":66,"िया":833,"िर्":245,"िरी":73,"िरा":70,"िले":194,"िल्":507,"िला":170,"िली":83,"िसर":109,"िष्":172,"िषय":111,"िश्":136,"िशे":76,"िवस":72,"िवा":161,"िवि":81,"ीका":68,"िवड":238,"ीचे":213,"ीची":91,"िहि":83,"िहा":133,"ीचा":113,"ून ":1516,"ीच्":262,"िसे":127,"िस्":228,"ुंब":177,"ीती":162,"ूर ":255,"ीने":102,"ीरा":80,"ीवर":113,"ुक्":227,"ुका":154,"ुख्":276,"ृत ":101,"ीला":83,"ित ":454,"िण ":169,"िन ":167,"िध ":64,"िल ":211,"िळ ":165,"ीक ":118,"ांड":163,"ांच":1386,"ांक":146,"ांग":206,"ांस":157,"ांव":124,"िम ":197,"ांम":292,"ांब":110,"ांप":219,"ांन":910,"ांद":82,"ांध":110,"ांत":540,"िय ":84,"िर ":71,"िश ":190,"िस ":90,"ागा":289,"ीत ":405,"ागर":198,"ाखा":79,"ाक्":63,"ाका":132,"ाकर":80,"िंद":422,"ाडू":108,"िंव":279,"ाठी":839,"िंग":264,"ाटक":140,"ाजा":172,"ाजी":169,"ाज्":867,"ाजध":220,"ाजव":101,"ाचा":713,"ाची":807,"ाचे":1121,"ाच्":1245,"ाजक":91,"ीन ":336,"ाने":765,"ाना":350,"ानि":81,"ानी":337,"ानु":71,"ानल":114,"ानव":85,"ुख ":209,"ाध्":84,"ापन":141,"ान्":247,"ादी":203,"ानं":83,"ानत":66,"ाधि":74,"ाधा":87,"ानच":62,"ानक":91,"ाद्":145,"ाता":198,"ाती":1964,"ातू":202,"ाणे":107,"ाण्":123,"ातल":106,"ाते":315,"ात्":194,"ातो":153,"ील ":3327,"ीय ":1038,"ातं":85,"ीर ":82,"ाणी":153,"ाणा":214,"ारी":709,"ारि":99,"ारा":1018,"ारस":180,"ार्":1216,"ारे":318,"ालय":129,"ामा":334,"ायक":105,"ाम्":126,"ायन":99,"ामी":72,"ारं":64,"ामु":161,"ाया":101,"ारच":84,"ारख":74,"ारक":98,"ारण":233,"ारत":1080,"ाबा":143,"ामध":252,"ामन":110,"ापर":215,"ापू":104,"ापी":79,"ापा":183,"ाप्":78,"ीस ":70,"ाई ":106,"होत":1397,"होण":97,"ह्म":91,"ह्य":743,"ाक ":79,"ाग ":209,"ाद ":178,"ाण ":173,"ात ":2992,"ान ":859,"ाज ":109,"ाच ":165,"ाट ":100,"ाव ":432,"िक ":1026,"ाळ ":124,"ास ":473,"ाम ":369,"ाल ":196,"ार ":1261,"ाय ":102,"सले":457,"सल्":84,"समु":164,"समा":227,"समू":87,"सम्":80,"सरा":98,"सर्":792,"सप्":140,"सभे":108,"ष्य":98,"ष्ण":139,"ष्ठ":291,"सभा":231,"ष्ट":1050,"सध्":62,"षेत":366,"हत्":160,"सेच":158,"सेन":81,"सें":161,"सीम":75,"सुन":150,"हणू":177,"सुर":133,"सुम":66,"हणत":183,"सून":460,"हणज":210,"सां":148,"साह":175,"सिद":219,"साध":112,"सार":316,"साम":328,"साय":147,"सिक":101,"साव":80,"साल":226,"साग":141,"सिं":119,"साठ":416,"सात":110," १२":89," ११":78," १४":90," १३":81," १६":113," १५":99," १८":311," १७":121," १९":1529," २०":568,"हरा":269,"हर्":68,"स्व":512,"हया":139,"स्य":64,"स्ल":87,"स्थ":759,"स्प":226,"स्ट":559,"स्त":1031,"स्क":382,"सेव":68," १०":100,"हेत":649,"हें":134,"हिल":252,"हिन":68,"हित":204,"हास":245,"हाव":84,"हाय":65,"हार":516,"हाम":139,"हान":148,"हिं":378,"हात":102,"हे ":5167,"षां":107,"सणा":80,"सतो":69,"सते":145,"सता":120,"सत्":153,"षाच":186,"षिण":264,"शेष":68,"शोध":130,"हा ":1574,"ही ":1273,"श्व":169,"श्र":226,"श्य":73,"श्च":243,"शहर":683,"से ":365,"सी ":115,"हर ":423,"संत":74,"शिय":317,"संक":81,"संग":244,"शिव":108,"संख":143,"संघ":417,"संब":106,"संप":91,"संस":355,"संश":79,"शात":171,"शाच":270,"शास":375,"शिक":213,"शां":163,"वेळ":85,"वेल":78,"वेश":67,"वेग":99,"वेद":75,"शतक":63,"वृत":90,"सा ":185,"व्ह":547,"व्य":626,"शब्":122,"वर्":390,"षा ":197,"वरा":67,"वरू":76,"वरी":175,"षी ":90,"वले":122,"वसा":93,"वसल":181,"वस्":189,"सन ":83,"वां":120,"वात":562,"वाद":207,"वान":200,"वाच":234,"वाज":104,"विक":171,"वाल":80,"वास":154,"वाप":201,"वार":452,"वाय":134,"वाम":62,"वित":108,"विन":71,"विद":197,"विध":115,"विज":139,"वाह":173,"विच":82,"विष":207,"विश":185,"वीच":70,"विल":73,"विव":106,"विम":91,"विभ":103,"वीप":110,"वडू":94,"वडण":125,"वणा":82,"वण्":85,"वती":67,"वता":101,"वना":93,"शा ":95,"षण ":107,"शी ":306,"वंश":67,"ळात":171,"ळाड":66,"षक ":73,"ळ्य":142,"शन ":88,"वे ":211,"वा ":653,"वी ":367,"ल्प":162,"ल्य":1022,"ल्ल":251,"ल्व":86,"ल्स":80,"ल्ह":320,"ळना":64,"लेश":64,"लोक":579,"वळ ":98,"लेल":1062,"लेख":355,"लिह":91,"लिश":121,"लिय":136,"लील":65,"लुक":126,"वर ":789,"लां":197,"लाग":85,"लाच":70,"लिं":80,"लाप":66,"लाव":113,"लिक":135,"लास":65,"लिन":79,"लिप":197,"वत ":73,"ळखल":119,"ळे ":200,"ळा ":98,"ळी ":148,"रेस":151,"रोज":164,"रोप":113,"र्श":238,"र्व":1106,"र्स":68,"र्ष":184,"र्म":630,"र्य":552,"र्ल":103,"र्थ":343,"र्द":88,"र्ध":121,"र्न":169,"र्फ":104,"र्ट":116,"र्ड":113,"र्ण":231,"र्त":217,"र्ग":412,"र्क":189,"र्ज":148,"र्च":115,"रीक":109,"रिय":267,"रिल":109,"रिस":109,"रीत":101,"लंड":195,"रीय":372,"रील":210,"रुन":72,"रुप":68,"रुव":148,"रून":145,"रूप":76,"रें":77,"रेक":125,"रेट":62,"रेल":183,"रसा":80,"रसि":236,"रस्":202,"ले ":1654,"लै ":119,"रां":490,"रान":176,"राठ":475,"राट":76,"रात":566,"राण":185,"राज":1474,"राच":427,"रिट":93,"रित":141,"राष":801,"रास":112,"राह":156,"राम":258,"राय":119,"रिक":669,"राव":320,"रलि":71,"ला ":1877,"ररा":122,"रम्":122,"रमा":263,"रमु":208,"रसं":149,"रशि":112,"रशा":97,"रवा":143,"रले":92,"ली ":1229,"रपट":518,"येष":193,"येण":75,"येथ":336,"येत":173,"रदे":228,"योग":175,"युक":84,"युर":149,"युन":102,"युद":90,"याच":1413,"याम":178,"यान":560,"याप":224,"यात":1507,"याद":157,"यास":414,"याव":251,"यिक":66,"याल":203,"यार":164,"रता":731,"रति":74,"रती":443,"रते":65,"रत्":99,"लय ":91,"रणा":308,"रणे":72,"रण्":354,"रचन":71,"यवस":94,"रक्":111,"रजा":126,"रजी":94,"यां":1609,"रज्":107,"रच्":105,"लन ":62,"रे ":511,"महा":885,"महत":141,"यक्":261,"रू ":76,"मले":80,"री ":1362,"मृत":96,"मूह":88,"मुळ":150,"मुल":69,"मुद":185,"र् ":478,"मुख":511,"रंप":65,"रंथ":84,"मुं":140,"रंग":175,"मिळ":390,"मित":196,"मिन":63,"मार":537,"माल":161,"मिक":114,"माव":85,"माह":78,"माण":213,"मात":178,"मान":677,"माच":73,"माज":179,"मां":206,"मोठ":381,"में":100,"मेर":300,"मेल":94,"यत्":103,"रका":358,"म्र":173,"म्य":205,"म्ह":682,"म्म":64,"रत ":129,"यू ":94,"रण ":190,"या ":6887,"भिन":289,"भाव":89,"भाष":512,"भार":1098,"भाग":467,"रम ":63,"यंत":200,"ये ":856,"मधी":410,"मध्":993,"भेव":86,"मनी":88,"भूत":65,"भूम":113,"मतद":118,"मरा":500,"रा ":574,"भ्य":77,"मा ":144,"बर्":157,"मी ":268,"यन ":212,"मे ":125,"बहु":71,"बिय":93,"बाज":80,"बाब":72,"बार":87,"बाद":98,"बां":115,"मंत":114,"मंद":83,"मंड":86,"यम ":64,"रक ":67,"बेर":65,"बेट":143,"बोध":67,"ब्र":411,"ब्द":139,"प्र":2788,"प्त":110,"प्ट":127,"भा ":239,"मण ":66,"मन ":141,"बच्":64,"यक ":87,"बद्":68,"बनव":83,"फेब":101,"फ्र":309,"पहि":119,"पश्":206,"पल्":82,"बी ":93,"बा ":68,"पर्":325,"परि":145,"परा":78,"परं":68,"�":133,"पैक":208,"पृथ":73,"पुस":66,"पूर":541,"पुण":116,"पुत":63,"पुर":350,"पीठ":86,"बंग":106,"बंध":84,"पास":320,"पाच":82,"पाण":105,"पान":76,"पात":141,"पाद":66,"पार":155,"पाल":72,"पाय":64,"पां":102,"पक्":286,"न्न":159,"न्य":422,"न्म":293,"न्ह":93,"न्स":215,"नोव":141,"पद्":103,"पदा":135,"पनी":76,"पना":113,"पणे":87,"बर ":537,"पत्":186,"पती":143,"पटा":141,"नले":90,"नवी":100,"पी ":206,"नदी":146,"ध्य":1211,"नुस":148,"नीच":95,"निस":85,"नेत":475,"नेश":67,"नेव":132,"नेक":163,"बई ":90,"निव":276,"निर":218,"निय":224,"नास":64,"नाह":82,"नाव":453,"निक":308,"नाय":79,"नाम":119,"नार":159,"नात":134,"नाट":176,"नाड":71,"नाच":211,"नाग":125,"नां":144,"द्द":122,"द्व":204,"द्र":575,"द्य":488,"द्ध":540,"धर्":201,"पट ":338,"देव":241,"देश":972,"देण":76,"दोन":169,"धात":66,"धार":222,"धिक":210,"धान":301,"धील":412,"पर ":71,"नता":99,"नगर":128,"पण ":79,"नच्":79},"n_words":[573395,652939,442285],"name":"mr","type":"devanagari"}