{"freq":{"ेश्":122,"ेष्":121,"दन ":955," कम":272," कर":171," कल":142," कि":313,"ेशक":101," का":2467," कृ":130," कु":353," के":400," को":746," क्":668,"ेवा":114,"ेवी":117," एक":2232," एम":84," एस":66," एव":82,"ेही":103," चौ":73," चु":87," ची":65," चि":272," चा":174," छन":436,"थी ":98," जर":83,"तको":395," छो":111," जस":287," १ ":94,"तका":126," छा":110," जन":834," ज्":137," २ ":106," जि":1031," जा":297," जु":184," जी":93," जे":102,"था ":777," छ।":1176," जो":201," ३ ":81," झा":69," गर":1726," खो":93," खे":113," गण":154," गत":96," खा":152," घर":283," गौ":72," गो":262," ग्":152,"ैति":183," गु":176," गा":503," । ":1729,"दछ ":91," चल":134,"णमा":89," चर":93," चन":91,"ोल्":69," अं":111,"ोलि":69,"ोला":99,"ोलन":95," अप":72," अन":738," अध":277," अथ":96," आक":83,"ेता":128," अल":77," अर":427," अम":148," अभ":65,"ोर्":161," अस":323," अव":627,"ेत्":416," अक":100," अग":100," अत":71," अञ":333,"ेपा":2443,"ेन्":518,"ोबा":73,"थल ":101,"ेना":77,"ंग ":129,"ेमा":93," एउ":305,"त् ":79,"थम ":65," इल":78," इन":145,"ेली":90,"ेला":163,"तो ":127," आर":92," आय":68," आन":91," आद":140," आध":94," आफ":173," उह":329,"ेर्":71," उप":369," उन":300," उद":118," उत":328,"ेरि":117," उच":89,"ेरै":136,"ंघ ":125," वा":585," वी":67," वि":1830," वु":93,"्तर":540," व्":234," शर":146,"ं ":520,"ैशा":79," वै":119," शब":115," शु":75,"्तो":97," सं":1338,"्त्":507," शि":206," शा":289,"्तै":88," शह":107,"्थल":136,"्ता":424," सक":211,"्ती":153," श्":338,"ताक":144,"्ति":514,"्तु":122,"्थ्":92,"तान":131,"्दछ":254,"्थि":236,"ताम":82,"्था":656,"तार":119,"ताल":259,"तिक":679,"्थी":106,"ताह":141,"्दो":111,"्द्":640," वट":348,"तिन":112,"तिम":220,"ँ ":497,"तिब":72,"्दा":387,"तिल":64," वर":390,"्दी":92,"्दि":109,"तिर":95,"्दू":82,"तीक":85,"तिह":119," वन":80,"्दै":77,"्दे":123,"्ट्":320," लग":144,"्टी":291,"्टा":74," लल":75,"्डल":215," लु":106," ला":569," लि":251," ले":262,"इ ":252," लो":97,"्डक":81,"्णक":65," या":166," यस":2003," यह":103," यि":70,"धन ":65," यु":243," यो":2991,"्तक":221," रा":1721," रह":505," रे":111," रू":232,"दै ":146," रु":253," रो":152,"्बन":84,"दी ":721,"्बि":65,"्मक":109,"्मन":119,"्यक":669,"्मा":313,"्मि":89,"्मी":132,"्यत":93,"्मे":80,"्यम":169,"्रक":2903,"्यव":169,"्यस":223,"्यह":70,"्रज":90,"्यु":227,"्या":1225," हो":3798,"्धा":79,"्धि":77,"्धु":64,"तया":66," हि":324," हा":314," हु":1822," हे":105,"्ने":717,"्नु":381,"तरी":81,"्ना":84,"तरा":100,"्नो":104," सम":2258," सभ":305," सब":222,"्पन":76," सन":367,"्पत":195," सर":306,"दा ":445," सद":429," सत":75,"तर्":239," स्":1058," हर":182,"्फब":94," सो":117,"्पा":1027," सा":1310," सि":468," सह":215," से":264,"्प्":73," सु":497," सू":97,"दि ":71," दल":430," दर":95," दु":249," दा":223,"ोक ":69," दि":387," दक":141," त्":468," ते":64," था":199," थि":1391," तर":320," तथ":624," ता":221,"्क्":76," ति":156,"ोग ":226,"तमा":143,"्को":75," ती":93,"्का":162,"्कृ":122,"्की":66,"ण्ड":575,"ैनि":66," ठु":72," ठू":98," डा":80,"ँको":90," टे":70,"ैभन":80,"तपु":159," ५ ":87," ठा":328,"तन्":137," ४ ":90,"७१ ":81," मो":133," मे":182,"्जा":70," मा":2199," मि":226," मी":71," मु":393,"्जी":68,"्छ।":1182," मह":623," भो":79," मन":295," भे":81," मध":395,"ैमा":131," भु":80," मण":175," भू":134," भि":128," भा":1679," मज":70," भर":94," ब्":200," भद":64," बे":149," भन":724," बै":74," बो":103,"्ञा":169," बा":593," बि":392," मं":65," बी":67," बु":143," भग":64," बह":81," बस":196,"्टर":85," फ्":93," भए":2250," बर":162,"दल ":217," बन":332," फा":77," बज":106,"तथा":612," बढ":88," प्":5303," पो":110," फल":67," पि":113," पा":1007," पु":600," पे":81," पृ":77," पू":312,"ौं ":109," पर":802," पश":191," पह":651," पछ":122," पन":637," पद":103,"णाल":87," पत":3652,"ौँ ":65," न्":72," नै":168," नि":657," ना":582," पं":74,"्चल":413," ने":2763," धे":138,"्छन":169," नय":92," नर":78,"्चि":231," नव":75,"्चा":256," धा":133,"्। ":184," नद":186," दै":64," दे":732," धन":78," द्":298," दो":108," धर":161," नग":197,"थ ":223,"दछ।":89,"द ":562,"ध ":304,"दछन":85,"न ":5506,"ड ":307," छ ":575,"ठ ":146,"थाल":88,"थिए":221,"थाप":321,"ण ":876,"थान":166,"थिय":1145,"त ":3231,"थित":211,"धी ":65,"ज ":416,"दक्":143,"ट ":1241,"धि ":82,"ं":3288,"ः":73,"ँ":2200,"आ":1341,"इ":1404,"अ":4126,"ऋ":113,"ई":1594,"उ":3478,"घ ":163,"ए":6874,"ओ":539,"ऐ":69,"ग":8111,"ख":2732,"क":41084,"औ":111,"छ":5495,"च":3790,"ङ":845,"घ":968,"ट":4637,"ञ":822,"झ":319,"ज":7684,"ठ":1551,"ङ ":292,"ड":2764,"ढ":364,"ण":2637,"त":20032,"थ":4532,"द":12121,"ध":3905,"न":29922,"प":22723,"फ":1251,"्ग ":136,"ब":5465,"भ":7912,"म":22298,"य":17139,"र":42105,"ल":18318,"व":12132,"ष":4104,"श":6654,"ह":13763,"स":20352,"ि":29268,"ा":66742,"े":14995,"थवा":92,"ू":2666,"ृ":815,"ी":11554,"च ":186,"ु":12537,"ौ":1228,"्":49626,"ो":28329,"ै":2713,"।":9235,"०":2064,"१":1785,"्क ":72,"छ ":1403,"६":623,"७":619,"८":678,"९":972,"२":2170,"३":565,"४":638,"५":791,"क ":5557,"ेल ":167,"ग ":763,"ख ":276,"ेर ":327,"त्स":67,"त्व":197,"त्प":68,"त्र":5347,"त्य":758,"त्त":449,"ए ":239,"तीय":69,"द् ":189,"ेस ":70,"उ ":287,"ई ":1278,"ेश ":318,"ै ":1366,"्न ":467,"नै ":335," ख":612," ग":3519," औ":90," क":6153," ओ":97," ऐ":65," ट":271," ज":3597," झ":164," च":1230," छ":2605," घ":502," इ":461," आ":1284," अ":3988," ए":2988," ऋ":77," उ":1784," ई":92,"दार":162,"नो ":211,"दान":85,"दीक":207,"दिर":84,"े ":3604,"दिन":243,"न् ":626,"दुई":79,"ौँम":309,"दुर":326,"ेकप":97,"्म ":374,"ू ":585,"ेका":344,"ेको":828,"्य ":1998,"ेखि":464,"्र ":942,"ेखा":65,"ि ":3525,"नी ":612,"ेटि":110,"ी ":7016,"नु ":137,"ोत्":73,"ु ":1173,"ा ":19102,"ँउ ":227," ८":76," ९":73," ६":100," ७":169," ४":169," ५":165," २":1308," ३":186," ०":277," १":1083," ।":2222,"्व ":234,"ेजी":71,"दस्":318," प":14289," फ":558," न":5247," म":5367," य":5733,"्ष ":268," ब":2996," भ":5836," ढ":70," ठ":526," ड":306,"ह ":271," द":2964," ध":656," त":2303," थ":1702," ह":6806," स":10170," ल":1764," र":4971," श":1531," व":3977,"ने ":1547,"्स ":116,"स ":1459,"ष ":373,"थ्य":109,"श ":446,"्छ ":694,"व ":550,"्च ":74,"दरम":107,"्ट ":232,"ल ":2508,"दलह":69,"नि ":671,"दर्":91,"दलक":97,"ना ":698,"ँग ":83,"र ":6666,"्ड ":120,"य ":3205,"्ठ ":89,"म ":1712,"्ण ":171,"ोखर":85," र ":1581,"ब ":130,"्थ ":94,"फ ":86,"्त ":382,"्ध ":250,"प ":228,"ो। ":2741,"्द ":129,"ृष्":136,"डल ":72,"डी ":201,"डा ":124,"ञ्ज":95,"ञ्च":499,"ृति":122,"ृत्":80,"ञान":153,"ेत ":110,"ठमा":517,"ट्र":339,"ट्ट":87,"ढी ":85,"ेक ":82,"अक्":91,"टिन":116,"अञ्":333,"टीक":104,"ुवा":235,"ूको":117,"ुला":154,"ुलो":69,"ुल्":89,"ुले":184,"ुरा":226,"ुरो":69,"ुर्":237,"ुरी":67,"ुरु":159,"ुरम":86,"ुम्":151,"ुरक":79,"ुमा":298,"णी ":110,"ँदै":80,"ुभय":124,"णा ":67,"डलक":101,"ुभए":420,"ुप्":75,"ुपा":81,"ुपम":101,"ुन्":1483,"ुनै":129,"ुने":151,"ुनु":515,"ुनि":176,"ुना":77,"ुद्":231,"्सा":87,"्से":64,"्ष्":65,"ँमा":361,"्स्":64,"ठाउ":291,"ठूल":104,"्ला":1132,"्लो":92,"्ले":68,"ंचा":97,"्रद":218,"्रथ":82,"्रत":719,"्रण":90,"्रप":72,"्रन":77,"्ये":172,"्रध":142,"्रम":518,"्यो":226,"ंग्":118,"्रय":179,"्रव":165,"्रश":109,"्रह":151,"्रस":389,"्रा":928,"ंगा":83,"्रि":4096,"्री":584,"ठुल":72,"्रै":117,"्रे":422,"्रो":266,"्षक":74,"ीहर":197,"्षर":74,"ंगठ":68,"्षे":409,"्षि":335,"्षा":151,"्षी":92,"्वक":82,"ुग्":67,"्वत":106,"्वर":184,"्वव":84,"्वम":76,"्वय":164,"्वी":175,"्वा":1398,"डौँ":365,"डौं":74,"ूला":68,"ूलो":82,"ति ":1256,"ता ":557,"णको":70,"तु ":113,"ूमि":65,"ूमा":80,"ती ":337,"ूर्":396,"ूपम":142,"तै ":115,"ते ":88,"ूद्":136,"ंमा":238,"ंस्":240,"तर ":294,"ुस्":101,"ुसा":127,"ुहु":425,"ंवि":168,"ाला":279,"ालि":277,"ाली":1573,"ाल्":175,"ाले":372,"छ। ":2152,"ावि":101,"ाशन":833,"िकृ":90,"िका":4480,"ाशक":884,"िको":207,"िक्":271,"ाषा":1077,"ासन":94,"ासद":191,"ाष्":296,"ाशि":795,"ासक":88,"ाही":67,"ाहि":278,"ाहा":83,"ुन ":257,"ासि":356,"ासी":103,"ाहर":380,"ास्":236,"जा ":203,"चलक":256,"िज्":95,"चर्":65,"िजय":135,"जी ":92,"ुर ":568,"ङ्ग":239,"ितप":65,"छन्":559,"िता":146,"िति":411,"ित्":493,"िद्":368,"िधि":130,"िधा":249,"िना":260,"िनि":160,"िनी":149,"िने":242,"िनु":78,"िन्":1022,"चीन":87,"िभि":96,"िभा":91,"ियन":73,"िम्":132,"ियम":114,"िमा":914,"ियो":1315,"िया":360,"िर्":332,"िरा":176,"िले":173,"िल्":1069,"िलो":573,"चित":254,"िला":204,"चाय":66,"चार":351,"चाल":100,"चिव":79,"चिन":100,"चिम":183,"िष्":174,"िश्":356,"िशे":71,"िवा":232,"ीका":189,"ीको":490,"िहा":169,"िस्":142,"ूल ":110,"ीति":294,"च्च":109,"जमा":145,"ीद्":108,"छोर":78,"जन्":230,"जनक":98,"जनत":72,"जधा":122,"जनव":107,"जनै":185,"जनी":264,"जना":168,"जदु":67,"ीमा":357,"ीया":65,"ुक्":205,"ुको":176,"ुका":171,"ुख्":130,"ृत ":152,"ीले":86,"ीला":83,"जस्":157,"जसल":64,"ित ":1545,"िण ":71,"जिल":993,"जिक":146,"जार":186,"जान":79,"जात":246,"जर्":77,"जयी":89,"ाँउ":242,"ाँच":67,"ाँक":137,"िन ":363,"जवा":81,"ाइन":178,"िल ":92,"जोड":89,"ाउँ":218,"ाउं":237,"ाउन":366,"ीक ":78,"ज्य":351,"ाँस":67,"ांग":75,"ज्ञ":223,"ाँल":66,"िम ":169,"िय ":243,"िर ":148,"जील":69,"जीव":121,"ाएक":100,"जुन":124,"टर ":108,"िव ":68,"िस ":86,"ाग्":194,"ागु":64,"ागि":189,"ीत ":128,"ागर":78,"ागम":84,"ाको":3606,"ाक्":157,"ाका":303,"ाओव":397,"ाडी":141,"िंह":72,"ाठम":478,"ाटन":82,"टी ":233,"टा ":741,"ाजा":131,"ाजि":146,"ाज्":244,"ाजन":456,"ाजध":126,"ाजव":83,"ीन ":153,"ाचन":103,"ाङ्":108,"ुई ":73,"ाने":97,"ाना":169,"ानि":283,"ानी":322,"ानु":103,"ानव":65,"ुख ":149,"ानस":161,"ानम":146,"ाध्":103,"ापन":228,"ान्":702,"ानो":110,"ादे":93,"ादी":738,"ादु":180,"ादन":914,"ानक":94,"ाद्":158,"ाति":178,"ाता":140,"ाती":68,"ाण्":134,"ात्":408,"ादक":75,"ीय ":427,"ाडौ":440,"ारी":407,"ारि":163,"ारा":1342,"ार्":2184,"ारे":69,"ालक":765,"ालम":256,"ालय":324,"ालद":78,"ामा":889,"ायक":72,"ाम्":197,"ायण":151,"ायत":156,"ाया":71,"ारक":244,"ारम":182,"ारण":184,"ारत":376,"ाबा":106,"िएक":373,"ामक":80,"ामय":74,"ामम":66,"ापा":186,"ाप्":232,"ुङ ":64,"ंघ":232,"ँस":83,"ौ ":65,"ंख":88,"ंग":634,"ंक":193,"ँल":78,"ंच":134,"केन":240,"ँद":154,"ँड":80,"ँम":363,"ंस":389,"ंह":86,"ंव":201,"् ":1181,"ंत":94,"ंम":241,"केह":83,"ँक":178,"ो ":20357,"ँग":166,"ँच":76,"ँउ":243,"कृत":264,"अस":341,"अव":627,"आक":84,"अल":82,"अर":461,"अभ":65,"आए":70,"अम":151,"घर ":251,"अप":74,"अध":281,"अन":771,"अथ":96,"इत":80,"ाइ ":156,"इए":81,"आय":68,"आर":95,"आफ":174,"कृष":151,"आद":141,"आध":94,"आन":112,"ाई ":1080,"अं":111,"अञ":333,"अत":71,"अक":101,"अग":107,"उम":66,"उप":377,"उह":331,"ऋत":72,"इन":366,"इर":70,"इल":137,"इस":102,"उँ":251,"उं":238,"उक":79,"उच":90,"उट":311,"उत":340,"हो।":2612,"उन":717,"उद":141,"कोट":86,"एउ":305,"एक":5494,"एम":113,"एप":66,"क्क":84,"क्त":425,"क्य":129,"क्न":67,"क्ष":1267,"क्र":426,"क्स":110,"ाँ ":310,"ए।":67,"एव":82,"एर":147,"एस":80,"गर":2258,"गल":135,"गव":76,"खे":215,"गन":66,"खो":112,"गम":263,"ख्":345,"खा":431,"गठ":95,"खि":580,"खी":82,"खु":123,"ाग ":123,"गढ":68,"गण":181,"गत":326,"गको":91,"खर":150,"क्":2722,"खम":75,"गक":127,"कै":214,"के":654,"को":14452,"कि":691,"की":474,"का":12832,"कृ":425,"कु":618,"कू":91,"कस":66,"कव":78,"कह":90,"कल":273,"कम":415,"कर":463,"कप":247,"कन":76,"कत":154,"ाङ ":105,"कक":112,"ओव":398,"चु":124,"ची":172,"चि":731,"चा":795,"छन":717,"चौ":90,"च्":216,"चो":89,"० ":345,"जक":89,"चन":324,"ङ्":397,"चर":129,"चल":599,"घा":108,"गण्":66,"ङम":69,"गते":76,"। ":7045,"गा":955,"गी":218,"गि":310,"गु":302,"गो":351,"गौ":84,"ग्":809,"गे":161,"गै":75,"घर":335,"टन":160,"ञ्":596,"ञा":169,"टा":992,"टर":235,"४ ":302,"झा":105,"३ ":263,"टक":135,"जो":225,"जे":208,"छ।":2479,"जी":387,"जु":351,"जा":939,"जि":1330,"२ ":297,"ज्":670,"जन":1499,"खान":74,"जद":90,"जध":126,"छि":255,"छा":205,"जस":334,"जव":93,"१ ":351,"जर":120,"जल":76,"गठन":79,"छो":118,"जय":160,"जम":205,"ठा":393,"डक":133,"ाथ ":102,"५ ":351,"ठन":83,"टे":203,"ठम":522,"ट्":498,"टो":148,"टी":408,"टि":258,"डा":364,"डि":270,"डी":265,"डल":256,"६ ":313,"ाद ":282,"ठु":73,"ठू":104,"ढी":114,"ढा":72,"ाण ":70,"णक":119,"७ ":328,"ड्":123,"डौ":474,"डो":86,"डे":171,"णि":132,"णी":170,"णा":196,"ात ":197,"तक":594,"८ ":352,"णम":93,"तव":80,"९ ":264,"तह":110,"ति":2878,"ता":1722,"तु":292,"ती":680,"तथ":624,"तप":208,"तन":233,"तम":226,"ण्":631,"तय":73,"तल":91,"तर":935,"थव":101,"दछ":271,"था":1584,"थी":140,"थि":1694,"ते":197,"तै":125,"तो":181,"थम":91,"त्":7154,"थल":165,"खेल":103,"दक":289,"दस":347,"दू":145,"दु":584,"दी":1175,"दि":689,"दा":996,"दन":1011,"दव":74,"दल":480,"दर":324,"दम":71,"थ्":174,"नज":74,"धा":907,"नत":94,"नद":266,"धी":98,"धि":828,"ान ":852,"धु":156,"दो":255,"दौ":70,"द्":2831,"दे":1366,"धन":183,"दै":256,"नक":650,"नग":337,"धर":218,"नर":137,"नल":223,"नव":289,"ाज ":178,"धे":169,"नन":100,"नप":96,"नब":64,"नय":150,"नम":477,"ध्":787,"पं":75,"नी":1179,"नु":1548,"ने":4740,"नस":329,"नह":97,"ना":2286,"नि":2559,"पक":159,"नो":316,"नै":540,"न्":7416,"पत":4116,"पन":1101,"पद":120,"न।":118,"पछ":277,"पट":80,"पश":213,"पह":665,"पस":130,"पल":132,"पम":272,"पर":1026,"पे":166,"पू":427,"पृ":79,"पा":5213,"पि":272,"पी":141,"पु":1182,"फल":131,"फर":70,"प्":6004,"फब":94,"पो":196,"बन":449,"फे":70,"बत":86,"फु":76,"बढ":88,"फू":67,"फा":131,"बज":120,"फ्":316,"भए":2692,"बर":285,"बल":88,"भक":78,"भग":82,"बस":232,"बह":195,"बि":521,"बा":1458,"बु":218,"मं":75,"बी":142,"भद":79,"भन":878,"बे":211,"गरम":92,"बै":272,"बो":141,"गरप":94,"भय":191,"भर":147,"गरे":321,"ब्":486,"मक":339,"गरी":134,"गरि":502,"मग":77,"मज":101,"भि":375,"भा":2323,"मत":163,"मण":318,"भू":158,"भु":153,"गर्":821,"मन":572,"भे":108,"मध":481,"मद":72,"भो":89,"मप":65,"मल":187,"यक":819,"मम":151,"भ्":133,"मय":212,"मर":128,"मस":126,"मह":673,"मृ":68,"यत":299,"मू":114,"यण":158,"ख्य":245,"यद":91,"मि":1113,"मा":10729,"ाट ":785,"मु":840,"मी":348,"रं":73,"मो":273,"यम":527,"म्":2421,"मे":530,"यन":231,"यप":89,"मै":88,"यव":183,"रख":100,"रग":116,"रक":3696,"यल":80,"यर":101,"या":2168,"रज":106,"यह":189,"रच":84,"गमा":170,"यस":2268,"रध":173,"रद":310,"रथ":102,"रत":1236,"रण":521,"यु":657,"यी":175,"यि":191,"रय":191,"रम":1296,"रभ":77,"रब":131,"यो":5061,"रप":226,"रन":174,"ये":226,"लम":462,"लय":351,"लब":81,"लद":123,"लन":243,"गाउ":130,"लच":65,"लग":235,"लक":1487,"र्":6868,"रो":703,"रै":297,"रे":1245,"गाँ":224,"रू":1254,"री":1735,"रु":1451,"रि":5597,"रा":5311,"रह":868,"रस":574,"रश":114,"रव":321,"रल":193,"वं":88,"िक ":1742,"ल्":1854,"लो":1078,"चन ":69,"ले":2083,"लु":247,"ली":1940,"लि":1013,"ला":3708,"लल":168,"लह":138,"लस":69,"शब":122,"वै":233,"शन":968,"वे":271,"षक":102,"शम":116,"व्":325,"शर":176,"वह":113,"वव":90,"वस":368,"वु":106,"वा":3817,"वि":2520,"वी":434,"वप":72,"वन":350,"वध":419,"शक":1037,"वल":144,"वर":826,"वय":169,"वम":117,"वक":170,"वत":227,"वट":383,"ाह ":84,"सन":601,"षे":417,"सप":72,"सभ":377,"सब":248,"ष्":905,"सम":2673,"सर":429,"सल":312,"सव":65,"हक":127,"सच":90,"षा":1291,"षि":415,"षी":120,"िङ ":81,"ास ":619,"सत":83,"सद":673,"शे":152,"श्":1168,"षर":77,"सग":64,"सक":2028,"शह":143,"सं":1482,"शी":150,"शु":136,"शा":630,"शि":1111,"सँ":111,"षण":89,"हे":701,"हु":2366,"ही":279,"हि":1570,"हा":1720,"िए ":165,"ाम ":560,"ह्":87,"हो":3850,"से":478,"हन":162,"सु":586,"सी":345,"हत":108,"सू":105,"सि":1173,"चल ":150,"सा":2163,"सह":275,"हज":68,"हल":85,"स्":3576,"हर":1967,"सै":149,"सो":307,"ात":1181,"ाथ":320,"ाण":404,"ाठ":517,"िं":132,"ाड":760,"ाल ":1016,"ाट":1019,"ाब":231,"ाभ":93,"ाप":949,"ान":3357,"ाद":2589,"ाध":265,"गुर":71,"िख":71,"ाव":435,"िक":7298,"ाल":5422,"ार":6852,"ाय":812,"ाम":2329,"िए":681,"िज":372,"ाह":1078,"िच":143,"िङ":184,"ास":1934,"ाष":1391,"ाश":2631,"िग":115,"ां":267,"ाँ":1104,"ाइ":698,"ाई":1298,"ाउ":964,"ाओ":403,"ाक":4316,"ाए":185,"गुन":74,"ाच":265,"ाज":1659,"ाग":1013,"ाख":288,"ाङ":244,"ाघ":70,"ार ":1305,"ुँ":124,"ीद":163,"गिर":76,"ुई":88,"ीत":508,"ीप":148,"ीन":313,"ीम":461,"ीय":520,"ीब":79,"ील":304,"ीर":227,"ुग":188,"ुख":347,"ीव":147,"गीत":100,"ुक":691,"ीह":209,"ीस":78,"ुङ":145,"ुट":214,"िट":172,"ाय ":70,"िण":163,"ित":2827,"िद":484,"गाय":88,"िध":410,"िन":2481,"िप":245,"िब":181,"िभ":260,"िम":1517,"िर":1038,"िय":2231,"िल":2254,"ीक":872,"िश":533,"िव":468,"िस":542,"िष":301,"िह":253,"ेव":427,"ेश":820,"ेल":681,"सला":171,"ेर":844,"ेम":230,"ेब":84,"ेप":2592,"सले":93,"ेन":806,"ैत":257,"ैज":79,"ेह":196,"ेस":274,"ेष":206,"ैश":81,"ैर":64,"ैल":110,"ैभ":84,"ैम":134,"ैन":181,"ेक":1516,"ेख":723,"ेट":234,"ेड":98,"ेत":801,"ेद":151,"ेग":72,"ेज":215,"समु":85,"समि":387,"समा":459,"ृथ":65,"ृत":389,"ृष":194,"गोर":127,"सरक":167,"गोल":71,"समे":69,"सम्":1386,"ुत":130,"ुण":70,"ुन":2984,"ुद":383,"ुब":76,"ुप":397,"ुर":1722,"ुम":556,"ुभ":589,"ूक":155,"ग्ल":85,"ुल":730,"ुष":88,"ुस":363,"ुव":409,"ग्र":367,"ुश":84,"ुह":538,"सर्":105,"ग्न":160,"ूद":147,"ून":67,"ूप":214,"ूम":171,"ूर":453,"ूल":388,"ूह":74,"सबै":187,"्व":2939,"्श":82,"्ष":1678,"्स":579,"्ह":81,"्भ":100,"्म":1441,"्य":5693,"्र":13669,"्ल":1547,"्।":480,"समय":115,"ष्म":69,"ष्ण":122,"ष्ठ":171,"ष्ट":483,"सभा":365,"सद्":160,"ौत":91,"ोर":513,"ोल":515,"सदस":314,"ोब":119,"ोम":148,"ोस":122,"ोह":153,"सदर":107,"ोश":104,"ोव":69,"्ण":427,"्त":3287,"्ड":711,"्ट":1245,"्ठ":192,"्ञ":223,"्फ":210,"्ब":412,"्प":1700,"्ध":702,"्न":1912,"षेत":396,"्थ":1433,"ो।":3741,"्द":2288,"ौल":71,"ौर":128,"्ज":453,"्छ":2152,"्च":1134,"्ग":579,"्ख":113,"्क":866,"सन्":376,"ोज":238,"ौं":159,"ोड":185,"ोट":228,"ौँ":401,"ोद":66,"ोत":169,"ोप":186,"ोध":78,"ोन":98,"ोख":109,"ोक":287,"ोग":453,"हत्":91,"सेन":118,"छन ":99,"सुन":123,"सिर":66,"सिम":95,"सिन":119,"सुर":172,"साह":147,"सिद":138,"सान":163,"साद":218,"साप":131,"सार":311,"साम":357,"सिक":403,"साल":247,"सिं":91,"साथ":94,"सहर":108," १८":152," १९":516," २०":1012,"०६":103,"०४":114,"०५":217,"०२":500,"०३":93,"००":262,"०१":255,"१०":116,"१५":81,"१७":82,"१८":226,"१२":66,"१४":88,"१९":555,"२०":1126," ७१":72,"हरू":762,"हरु":794,"हरि":77,"ङमा":65,"७१":90,"स्व":373,"९०":64,"छि ":189,"९६":77,"९५":70,"९८":66,"९१":112,"स्र":74,"स्य":402,"स्न":77,"स्थ":1019,"स्प":226,"स्ट":105,"स्त":727,"९९":85,"स्क":351,"२३":69,"२२":66,"२५":83,"२७":122,"२६":80,"२९":70,"२८":115,"सोज":81,"सेव":93," १०":76," ०५":134,"हेक":471,"हेन":82,"जन ":98,"हुन":2172,"हुँ":68,"हिम":124,"हिल":691,"हिन":285,"हित":161,"हास":142,"हिक":125,"हाल":183,"हार":140,"हान":72,"हाद":225,"हाड":113,"हाँ":430,"चना":64,"चन्":135,"सचि":83,"सकि":79,"सका":115,"सको":1596,"सक्":148,"कै ":184,"का ":4257,"कि ":84,"षाक":932,"की ":394,"षिण":127,"हो ":1122,"षिक":187,"ओवा":396,"शेष":71,"हा ":81,"ही ":218,"श्व":419,"श्र":376,"श्य":86,"श्च":215,"शहर":129,"सी ":177,"हर ":124,"संग":215,"संख":67,"संघ":224,"संव":197,"संस":296,"शाख":89,"शित":796,"शाह":92,"शास":187,"सँग":107,"शिक":120,"सो ":69,"शार":66,"वैश":69,"वेश":81,"वुल":80,"शर्":111,"सा ":76,"व्य":273,"शब्":114,"वर्":460,"षा ":211,"किन":120,"काम":260,"कार":2072,"काल":377,"किक":104,"काश":2575,"कास":405,"किस":96,"कुन":166,"कुर":99,"कुम":159,"ववि":79,"शको":75,"कान":97,"काठ":489,"काक":1844,"वस्":272,"वहा":72,"सन ":103,"गि ":141,"वाद":803,"वान":150,"वाच":132,"विक":476,"वाल":112,"वास":237,"कला":91,"वार":1366,"वाम":64,"वित":78,"विन":80,"विद":224,"विध":297,"विज":192,"वाह":64,"गी ":84,"विष":89,"विश":380,"विस":90,"विम":83,"विर":102,"विभ":130,"वीर":70,"कम्":158,"कमा":129,"कर्":161,"गा ":93,"करण":105,"कपु":78,"कपा":103,"वधि":404,"कता":70,"वमा":91,"गर ":180,"वयम":124,"सं ":192,"शी ":67,"गत ":162,"खि ":378,"वटा":364,"खी ":68,"खा ":132,"को ":13998,"शन ":893,"वि ":102,"एमा":79,"वा ":501,"वी ":188,"ल्न":81,"ल्प":107,"ल्य":159,"ल्ल":1131,"एवं":67,"एकी":88,"एका":367,"एकि":98,"एको":2830,"लोक":92,"लेख":158,"शक ":887,"लेक":101,"लेट":101,"लिम":70,"लुम":71,"वर ":134,"लाई":880,"लाइ":94,"लाग":378,"लाक":490,"लाम":331,"लाल":114,"लिक":155,"लाह":236,"लिङ":98,"लित":141,"लिन":92,"वन ":146,"लहर":130,"एउट":304,"ललि":72,"लमा":361,"लद्":81,"लका":156,"वं ":67,"लगा":129,"लको":1159,"लक्":65,"रैम":78,"रेस":80,"रेष":101,"रोप":82,"रोग":68,"र्श":68,"र्व":558,"र्स":92,"र्ष":409,"र्म":544,"र्य":1351,"र्थ":286,"र्द":429,"र्न":750,"र्फ":154,"र्ट":316,"र्ण":301,"र्त":237,"र्ग":285,"र्ख":68,"र्क":192,"र्ज":198,"र्छ":112,"र्च":149,"रीक":121,"रिव":148,"रिय":408,"रीम":87,"रीय":210,"रुक":171,"रुम":97,"रुप":191,"रुल":94,"रूक":141,"रूद":136,"रूप":207,"रूम":82,"रूल":87,"रेक":307,"रेज":78,"रेल":67,"रेर":97,"रेन":80,"रसा":265,"रसि":109,"रहे":467,"रहर":171,"रस्":71,"ले ":1440,"राई":127,"रान":448,"राप":77,"रात":83,"राण":115,"राख":96,"राज":1244,"राक":104,"रिन":282,"रित":70,"राष":293,"राह":72,"राम":287,"रिए":176,"राय":214,"राल":136,"रिक":3842,"लो ":852,"रला":76,"लि ":69,"ला ":807,"रयो":160,"रम्":75,"रमा":715,"रमु":241,"रवा":142,"रले":64,"ली ":1594,"रधा":161,"येक":79,"रदे":155,"रमण":71,"यो।":1126,"रबा":70,"योग":340,"रपा":108,"युक":77,"युर":75,"युन":112,"युद":113,"याङ":69,"याक":103,"याम":150,"यान":128,"याप":111,"यात":120,"याद":68,"यास":84,"यिक":111,"याल":253,"यार":124,"याय":70,"यिन":65,"रति":595,"रत्":114,"रथम":70,"लय ":258,"युव":76,"रतक":192,"रणा":86,"यसक":1478,"यसै":79,"यसल":145,"रगत":68,"यवस":100,"रक्":100,"रको":493,"रजा":74,"याँ":127,"यहा":98,"यस्":93,"लन ":125,"रे ":127,"महे":70,"महा":221,"महि":223,"महत":77,"यको":226,"यक्":275,"रू ":452,"रु ":592,"यका":195,"मले":67,"री ":1056,"मुद":90,"मुख":298,"मुक":206,"मिल":98,"मित":526,"मिन":83,"मार":349,"माल":263,"मिक":100,"रो ":251,"मास":338,"मिट":74,"माण":135,"माड":449,"माध":70,"माथ":111,"मात":198,"मान":717,"माओ":399,"माक":73,"माज":262,"रै ":187,"मोर":76,"यन्":64,"यद्":67,"मेत":64,"मेर":107,"मेल":71,"रका":2994,"यमि":88,"ऋतु":72,"म्र":98,"म्य":162,"यमा":180,"म्प":1201,"म्ब":311,"म्म":335,"रत ":106,"मको":161,"रण ":320,"या ":441,"उहा":325,"यी ":158,"भिन":116,"भित":82,"भाव":75,"यो ":3433,"भास":199,"भाष":1089,"भार":394,"भाग":184,"उपत":120,"रम ":92,"मजद":66,"ये ":122,"मध्":444,"मना":80,"मन्":256,"भूम":78,"मण्":216,"मती":69,"मयि":71,"रा ":1447,"०० ":67,"रि ":116,"ममा":144,"मा ":6826,"बर्":135,"यत ":118,"भक्":69,"मी ":185,"यन ":118,"बस्":105,"बहा":133,"बाल":77,"बाह":65,"बास":89,"बिन":70,"बाट":745,"बाग":79,"बार":117,"बिह":66,"यम ":171,"बेल":114,"यस ":334,"भनि":212,"भने":219,"भन्":420,"बैभ":80,"भयो":166,"ब्र":111,"ब्य":100,"ब्द":140,"एर ":132,"प्य":67,"प्र":5545,"प्त":252,"भा ":133,"मन ":82,"बजा":98,"मय ":66,"यक ":69,"बने":91,"बना":154,"बन्":175,"एक ":2017,"भएक":2580,"फ्न":128,"फ्र":99,"आदि":87,"पहि":540,"पहा":109,"पश्":183,"आन्":94,"पर्":460,"आफ्":129,"इएक":72,"२०२":474,"परि":275,"२०१":229,"परा":119,"२००":176,"पमा":255,"�":311,"फबा":94,"पोख":90,"उन ":91,"पृथ":65,"पुस":117,"पूर":347,"पुग":79,"पुर":744,"पित":80,"पाक":119,"पान":108,"पात":131,"पाद":966,"पार":420,"पाल":2675,"पाइ":114,"बै ":101,"अथव":91,"१९१":90,"१९९":68,"१९६":68,"अधि":111,"अनि":120,"अनु":226,"अध्":166,"अन्":365,"न्च":76,"न्छ":1928,"न्त":1150,"न्ट":89,"न्ध":228,"न्न":383,"न्थ":109,"न्द":1479,"न्य":282,"न्म":233,"न्स":147,"न्।":473,"नैत":179,"अमे":66,"अरू":140,"अर्":230,"अवस":167,"अवध":415,"पनी":71,"पना":230,"पनि":614,"पन्":133,"असो":81,"अस्":166,"पत्":3819,"पति":105,"पता":130,"पछि":199,"पा ":229,"नले":102,"नया":92,"नवा":108,"नन्":74,"०२७":93,"०२८":90,"नदी":180,"धेर":139,"नमा":333,"ध्य":728,"नुह":426,"उटा":296,"नुप":72,"नुभ":561,"नुस":135,"निस":101,"निष":82,"नीत":296,"नेप":2459,"नेत":159,"नेक":221,"फल ":80,"उनी":101,"उनु":99,"उने":183,"उनल":77,"उद्":70,"उनक":91,"नस्":108,"निर":312,"निय":235,"निम":64,"निन":391,"उत्":329,"निध":76,"नाल":106,"निक":384,"नाम":395,"नार":232,"नाथ":91,"नाक":103,"नाउ":100,"नाइ":96,"द्द":65,"द्व":1093,"द्र":692,"द्य":285,"द्ध":407,"धर्":124,"नकप":71,"इने":87,"इन्":241,"नका":130,"नको":327,"इला":81,"देख":530,"देव":249,"देश":451,"दैन":81,"१८ ":75,"दोल":117,"२७ ":96,"धित":72,"धिम":418,"धार":244,"धिक":138,"धान":515,"२८ ":93,"नता":76,"नगर":305,"न। ":91,"उंम":222},"n_words":[614665,704688,490631],"name":"ne","type":"devanagari"}