{"freq":{"ਾਜ਼":17,"ਾਜਧ":12,"ਾਜਾ":13,"ੀਲ ":18,"D":18,"E":20,"F":29,"G":23,"A":52,"B":35,"C":59,"L":38,"M":47,"N":37,"O":37,"H":31,"I":60,"U":14,"T":45,"W":18,"P":47,"S":55,"R":24,"f":103,"g":125,"d":221,"e":655,"b":81,"c":194,"ੀਰ ":33,"a":561,"n":492,"o":398,"l":256,"m":260,"j":16,"k":37,"h":252,"i":537,"w":71,"v":42,"u":236,"t":467,"s":328,"r":400,"p":124,"z":13,"y":106,"x":19,"ਿਆ।":22,"ਾਤਰ":17,"ਾਤਾ":27,"ਾਤੀ":12,"ਿਆਣ":31,"ਿਆਦ":20,"ਿਆਨ":47,"ਿਆਲ":13,"ਿਆਰ":28,"ਿਆਵ":14,"ਿਆਸ":12,"ਾਣਕ":12,"ਾਣੂ":104,"ਿਆਂ":76,"ਾਣੀ":40,"ਾਣਿ":27,"ਾਣਾ":22,"ਾਨੇ":13,"ਾਨਾ":31,"ਿਊਟ":14,"ਾਨੀ":48,"੩੧ ":18," । ":128,"੩੦ ":23,"ਾਦੀ":22,"ਾਦਾ":19,"ਾਨਕ":26,"ੁਝ ":21,"।ਇਸ":14,"ium":27,"is ":22,"ion":36,"ੀਤ ":15,"਼੍ਰ":22,"੦੦੮":24,"ੀਪ ":375,"ੀਨ ":57,"ੀਮ ":51,"ਟੀ ":57,"ਜੋਂ":19,"ਾਗਰ":20,"ਾਕੀ":370,"ਾਕਿ":34,"ਟਾ ":22,"੨੩ ":13," m":24," o":57," h":17," i":57," d":21," e":15," f":30," a":133," b":21," c":34," t":120," w":40," p":41," s":54,"੨੨ ":14," r":16,"੨੧ ":14,"੨੫ ":14,"਼ਸੀ":29," H":25," I":54," N":32," O":31," L":21," M":43,"੨੪ ":13," B":32," C":54," A":46," F":17," G":21," D":15," E":17,"ਿਰ ":73," S":47," R":22,"਼ਹਿ":50," P":44," W":15," T":36,"ਜੀਵ":20,"੨੭ ":13,"੨੬ ":13,"ਿਲ ":25,"ਜੁਲ":54,"ਜਿੰ":30,"੨੯ ":16,"ਜੂਨ":35,"਼ਾਂ":36,"਼ਾਹ":32,"੨੮ ":15,"਼ਿਆ":14,"ੀਕ ":34,"ਜ਼ਮ":12,"਼ਿਲ":75,"ਜ਼ਾ":33,"ਜ਼ਿ":88,"ਾਂਦ":190,"ਜਾਂ":231,"ਜ਼ੀ":72,"ਾਂਤ":20,"ਾਂਸ":16,"ਜਾਬ":125,"਼ੁਰ":27,"ਜਾਤ":13,"ਜਾਣ":55,"ਜਾਦ":21,"ਜਿਮ":22,"ਜਿਲ":12,"ਜੀਅ":19,"ਿਸ ":72,"ਾਅਦ":30,"ਜਿਸ":70,"ਜਿਹ":19,"ਾਇਆ":59,"ਾਇਣ":62,"੨੦ ":14,"ਾਇਲ":17,"ਟਰ ":67,"ਾਈਟ":14,"ਾਈਡ":27,"ਾਉਂ":14,"ਾਈਨ":29,"ਾਉਣ":23,"਼ਬਦ":26,"ੀਂ ":52,"ਿਤ ":82,"ਟਨ ":17,"ਚੰਦ":21,"੧੮ ":12,"ਛੋਟ":13,"੧੯ ":14,"ੀਆ ":53,"ਿਨ ":1101,"਼ਰਵ":39,"ਜਨਮ":32,"ਜਨਵ":39,"ਜਨਸ":13,"ਜਦੋ":15,"ਜਧਾ":12,"ਿਬ ":69,"ੀਤਾ":41,"Co":14,"ੀਤੀ":42,"ੁਆਰ":46," In":28," Ma":13,"he ":69,"ਾੜੀ":12,"ੀਟਰ":38,"Ma":13,"Ol":12," Co":14,"In":29,"L ":13,"।":1840,"ੀਕਲ":22,"ੂਪ ":25,"ੀਕਨ":13,"ਿਲੀ":21,"ਿਲਾ":83,"Th":15,"ਿਲ੍":13,"ਿਲੋ":46,"ਿਲੇ":38,"ੂਨ ":35,"ਿਲਦ":12,"ਵ":3164,"ਲ":4004,"ਰ":5772,"ਿ":5178,"ਾ":10004,"਼":1111,"ਹ":4455,"ਸ":5034,"ਦ":5926,"ਧ":297,"ਤ":3377,"ਥ":271,"ਢ":42,"ਣ":777,"ਠ":69,"ਡ":853,"ਮ":2207,"ਯ":188,"ਬ":2031,"ਭ":430,"ਪ":1926,"ਫ":303,"ਨ":4410,"ਕ":3798,"ਗ":2047,"ਖ":660,"ਐ":62,"ਓ":66,"ਝ":61,"ਜ":2041,"ਟ":625,"ਘ":134,"ਛ":70,"ਚ":1522,"ਅ":1321,"ਆ":1270,"ਇ":2053,"ਂ":2880,"ਏ":233,"ਈ":490,"ਉ":422,"ਊ":48,"ੱ":1924,"ੰ":2555," a ":18,"੦":200,"੧":273,"੪":62,"ਿਮਨ":20,"੫":77,"੨":239,"੩":93,"੮":92,"੯":96,"੬":69,"੭":58,"੨੦੦":38,"ੜ":191,"ੀ":4636,"ੁ":1825,"ੂ":1115,"ੇ":3761,"ੈ":2081,"ੋ":1676,"ੌ":206,"੍":1046,"ੂਲ ":22,"ੀਜਿ":21," Ol":12,"ੂਰ ":25,"b ":18,"ਿਹਾ":91,"a ":87,"ਿਸੇ":29,"ਿਸ਼":57,"ਿਸਾ":23," Th":15,"ਿਸਤ":34,"ਚੌਂ":12,"ਚੋਂ":38,"ਿਵੇ":63,"ਿਵਾ":13,"ੀਕਾ":45,"i ":27,"ਿਟੀ":38,"ge":13," in":40,"ic ":12,"fi":14," is":12,"fo":16,"ਚਾਈ":23,"he":95,"ha":27,"gh":19,"go":13,"g ":34,"ea":30,"ਚਾਰ":34,"ec":17,"ਚਾਲ":16,"ed":45,"de":37,"di":36,"ia ":20,"ev":13,"h ":33,"Ind":16,"ee":14,"el":41,"ei":12,"en":68,"em":14,"et":19,"ੀਆਂ":178,"es":53,"er":114,"ੀਅਤ":34,"ca":15,"e ":169,"ਚੀਨ":33,"be":16,"da":20,"f ":44," of":43,"ct":18,"cs":14,"co":29,"ck":12,"ch":22,"ce":32,"c ":16,"ics":14,"d ":98,"at":58,"as":29,"ar":52,"al":54,"ai":16,"am":68,"an":97,"ac":18,"ad":16,"ab":12,"ਿਨਾ":26,"nt":47,"ns":26," am":51," an":24,"ਿਨੇ":13,"ੈ। ":755,"of":44,"om":42,"on":91,"ol":28," ਅ":1094,"os":19," ਇ":1749," ਆ":274,"ou":18,"or":54," ਏ":119,"r ":72," ਉ":313,"ow":13," ਈ":30," ਕ":1460,"pe":18," ਖ":182," ਗ":918,"ਿਨ੍":12," ਐ":59," ਓ":47," ਜ":1208," ਝ":16," ਟ":112,"po":12," ਘ":42,"pi":19," ਚ":259," ਛ":39,"lo":16,"ਜੋ ":82,"ll":20,"igh":12,"ly":15,"o ":26,"ma":17,"mb":17,"me":42,"mi":19,"mp":27,"mu":48,"na":37,"nc":21,"nd":68,"ne":28,"ng":50,"ni":32,"ਿਤਾ":77,"ਿਤੀ":12," ।":190,"ੀਅਮ":40,"m ":58,"ੀਅਨ":27,"ਿਥਿ":27,"ine":16,"ing":33,"li":35,"le":33,"ld":21,"la":31,"n ":137," co":22,"ht":18,"hu":17,"hi":29,"ho":16,"id":13,"ic":60,"ia":36,"ig":20,"in ":38,"ie":22,"k ":17,"ir":14,"is":39,"it":46,"iu":27,"il":21,"in":129,"io":41,"l ":48,"ਾਰਕ":16,"ਾਰਚ":41,"ਾਰਤ":101,"ਾਰਨ":27,"wo":13,"ਾਮਿ":15,"y ":61,"wa":12,"ve":29,"ਾਰੀ":54,"ur":21,"us":14,"ਾਰਾ":51,"ut":16,"um":56,"un":15,"ty":14,"ਾਰੇ":39,"ua":16,"to":25,"ts":12,"tr":30,"te":65,"ti":67,"ਾਬਕ":377,"th":116,"ta":28,"st":52,"se":26,"sh":12,"si":30," ੨":195," ੩":56," ੪":26," ੫":29,"u ":55,"ਚਰਲ":20," ੬":17," ੭":14," ੮":15," ੯":19,"rs":22,"rt":24,"ry":21," ੧":210,"ro":42,"ri":64,"ਚਲਾ":12,"re":47,"rd":17,"ੁਤ ":26,"ra":24,"t ":72," ਹ":2872," ਸ":2699," ਵ":2408,"ਾਬਲ":23,"ht ":12," ਰ":498," ਲ":715," ਬ":868," ਭ":339,"s ":155,"ੁਣ ":18," ਮ":1134," ਯ":133," ਨ":1023," ਪ":1056," ਫ":184," ਤ":951," ਥ":21,"ਜੇ ":27," ਦ":4245," ਧ":86," ਡ":55,"ਾਬੀ":48," ਢ":16,"pr":12,"ਾਬਾ":23,"ਿਗਿ":35,"ੁਰ ":13," s ":16,"ਾਹੀ":40,"ਾਹਿ":88,"ਿਚਾ":17,"hum":14,"ਾਸਿ":34,"ਾਸ਼":82,"ਾਸੇ":16,"ਜਾ ":63,"ਚਨਾ":19,"ਾਲੇ":56,"ਾਲਾ":46,"ਾਲੀ":54,"ਜ਼ ":52,"ਜੀ ":155,"ਿਖੇ":23,"ਾਵਾ":47,"ਿਖਾ":19,"ਾਵਲ":13,"ਿਕਾ":29," th":90,"ym":13,"ਿਕਸ":14,"ਹਾਂ":94,"ਹੀਰ":14,"ਹੀਨ":13,"ਹੁਣ":12,"ਹੁਤ":24,"ਹਿਰ":60,"ਹਿਲ":50,"ਹਿਨ":24,"ਹਿਬ":75,"ਹਿਸ":19,"ਹਾਲ":13,"ਹਾਰ":25,"ਹਾਨ":18,"ਹਿਤ":27,"ਹੀਂ":44,"ਹਾਸ":57,"ਹਾਈ":26,"ਜਨ ":22,"਼ਨ ":23,"ਹਰਿ":36,"ਹਨਾ":25,"er ":48,"es ":28,"ਸ੍ਰ":19,"ers":16,"en ":20,"ਸਿੱ":77,"ਸਿੰ":78,"ਸੂਰ":32,"ਸੂਬ":12,"ਸਿਧ":13,"ਸਿਰ":19,"ਹਨ।":438,"ent":21,"ght":14,"ਸੀ।":71,"ਸ਼ਨ":37,"ਸ਼ਤ":17,"ਸ਼ਰ":12,"ਸ਼ਬ":26,"ਸ਼ਹ":65,"ਸ਼ੁ":34,"ਸ਼ੀ":30,"ਸਾਂ":13,"ਸ਼ਿ":19,"ਸ਼ਾ":149,"ਸ਼ਖ":29,"ਸ਼ਟ":21,"ਸਾਨ":18,"ਸਾਰ":46,"ਸਿਕ":33,"ਸਿਖ":14,"ਸਾਲ":1144,"ਸਾਹ":90,"ਸਿਟ":36,"ਸੀਅ":29,"ਸਾਇ":73,"ਸ਼ੇ":16,"ਸ਼੍":23,"ਸਿਆ":13,"ਸਰਕ":13,"ਸਮੇ":23,"ਸਮਾ":24,"ਗੜ੍":19,"ਸਰੀ":12,"ਸਲਾ":21,"ਸਤੰ":39,"ਸਦੇ":13,"ਸਦਾ":17,"ਸਦੀ":15,"ਸਨੂ":15,"ਗੁਰ":167,"ਗੋਬ":26,"for":13,"ਸਟਾ":14,"ਗ੍ਰ":502,"ਸਨ।":37,"ਚਾ ":12,"ਸਤਾ":54,"ਸਥਾ":37,"ਸਥਿ":13,"ਗਰੇ":16,"ਗਰਾ":30,"ਗਰੀ":415,"ਿਚ ":162,"ਾਹ ":17,"ਾਸ ":54,"਼ਟਰ":18,"ਿਕ ":134,"ਕੰਪ":19,"ਾਲ ":1369,"੧੬ ":14,"cti":12,"ਗਸਤ":63,"੧੭ ":15,"ਾਰ ":238,"੧੪ ":14,"੧੫ ":13,"੧੧ ":12,"ਾਮ ":62,"ਗਿਆ":104,"੧੨ ":16,"ਗਾਂ":14,"੧੩ ":12,"਼ਖ਼":29,"ਾਬ ":99,"੧੦ ":14,"ਹੱਦ":12,"ਖਾਂ":21,"ਖ਼ਸ":29,"ਖਿਆ":40,"ਾਨ ":155,"com":13,"ਗਣਿ":17,"ਿਆ ":232,"ਾਦ ":29,"੦੮ ":24,"cs ":14,"ਾਣ ":28,"ਾਤ ":23,"ਖੇਡ":37,"ਖੇਤ":37,"ਾਜ ":52,"ਖੋਂ":14,"ed ":32,"ਕੌਮ":15,"ਾਗ ":23,"ਕ੍ਰ":37,"ਸੰਸ":37,"੦੦ ":21,"ਘਰ ":13,"ਾਈ ":117,"ਸੰਖ":18,"ਕਾਂ":22,"ਸੰਬ":52,"ਸੰਤ":12,"ਕਿਤ":57,"ਾਂ ":1353,"਼ੀ ":81,"ਹੋਏ":48,"ਹੋਇ":70,"ਹੋਈ":20,"ਕਾਲ":30,"ਕਾਸ":23,"ਕਾਬ":25,"ਕਾਰ":103,"ਕੀਤ":87,"ਹੋਰ":25,"ਹੋਣ":23,"ਕਿਲ":58,"ਕਿਸ":74,"ਕਿਹ":19,"ਕੁਝ":20,"ਕੁੱ":13,"dia":15,"਼ਾ ":51,"ਹਿੰ":31,"ਹੈ।":922,"ਕੇਸ":12,"ਹੁੰ":468,"ਕੋਈ":24," ਅਪ":47," ਅਨ":20," ਆਉ":20," ਅਧ":17,"ੱਖੀ":14,"ੱਖਾ":16," ਅਮ":64," ਅਰ":39," ਅਸ":17,"ੱਖਰ":18,"ਕਦੀ":15," ਅਜ":33," ਅਗ":67," ਅਕ":54," ਅਤ":411,"ੰਸਥ":15,"ਗਾ ":22,"ਕਨੀ":13,"ੰਸਾ":14,"re ":16,"ੱਚੋ":29,"ੱਛਮ":12,"ਕਤੀ":13,"ਕਤੂ":34,"ੱਜੋ":16,"rs ":13," ਉੱ":56," ਉਹ":51," ਉਸ":69," ਇੱ":255," ਇੰ":25," ਉਪ":25," ਉਨ":48," ਉਤ":19," ਏ।":18," ਇਹ":533," ਇਸ":723," ਇਲ":20," ਅੰ":217," ਅੱ":34,"ਾ। ":18," ਇਨ":39," ਇਤ":23," ਇਥ":21,"rig":16,"ਗਰ ":22," ਆਮ":22,"ੱਖਣ":15," ਆਰ":19," ਇਕ":94," ਆਦ":14," ਆਪ":76," ਆਬ":12,"ਸਟ ":13," ਕਰ":183," ੨ ":19," ਕਲ":399," ਕਹ":19," ਕਾ":86," ਕੀ":109," ਕਿ":260," ਕੁ":68," ਗਈ":32," ਕੇ":73," ਕੈ":22," ਕੋ":64," ਕੌ":24," ੩ ":14," ਕ੍":23," ਗਏ":21,"ਕਸ਼":26," ਓਲ":31," ਕਈ":21," ੧ ":21,"ry ":17,"ਸਤ ":69,"ਕਲਾ":14,"ਵਰਗ":12,"ਕਲੰ":379," ਏਫ":13," ਏਨ":15," ਏਸ":15,"ਵਰਸ":36," ਐਗ":22," ਏਲ":14,"ਵਰਤ":32,"ਵਰੀ":76," ਜ਼":109," ਜਿ":159," ਜਾ":364," ਜੁ":64," ਜੀ":148," ਜੂ":37," ਜੇ":15," ਜੋ":96," ਜੰ":39,"ਸਨ ":38,"ਕਰਕ":17," ੮ ":14,"ਕਰਦ":41,"ੱਡਾ":23,"ਕਰਨ":55," ਚਿ":16," ਚਾ":51," ਚੁ":16," ਚੀ":38," ਚੰ":37," ਚੱ":12," ਜਰ":13," ਛੋ":14,"ਕਰੀ":18," ੯ ":15,"ਕਰੋ":16," ਜਨ":89," ਜਦ":19,"ਕਲਚ":23," ੬ ":12,"ੱਤਰ":42," ਚਲ":15," ੭ ":13,"ਗੀ ":17,"ਸਭ ":25," ਗਰ":23," ਕੰ":44," ੪ ":15," ਖੇ":84," ਗਣ":16," ਖਾ":28," ਖਿ":13,"ੱਥੇ":12," ਖ਼":15,"ੱਤਾ":19," ਘਰ":13," ਗ੍":436," ੫ ":15," ਗੋ":35," ਗੁ":188," ਗਿ":86,"ੱਤੇ":24," ਤਰ":31,"ੰਖਿ":16," ਤਾ":41," ਤਿ":24,"ੰਗਾ":15,"ੰਗਰ":20," ਤਕ":27," ਤੱ":66," ਦਰ":56," ਦੂ":37," ਦਾ":950," ਦਿ":1171," ਦੀ":419," ਦੁ":51," ਦਸ":54," ਤੌ":38," ਤੋ":497," ਤੇ":160," ਟੀ":56," ਟਰ":13,"ੰਗ੍":60," ਮਈ":37," ਬੇ":15," ਬੋ":36," ਬਾ":492," ਬਿ":25," ਬੀ":32," ਬੁ":18," ਭਗ":25," ਬਹ":34," ਫ੍":14," ਪੱ":30," ਪੰ":163," ਬਲ":14," ਬਰ":25," ਬਨ":14," ਫ਼":66," ਪੜ":16," ਫਾ":12," ਫਿ":18," ਫੁ":20," ਬਣ":71," ਪੋ":18," ਪ੍":133," ਮੌ":17," ਮੋ":24," ਮੈ":37," ਮੀ":19," ਮੁ":481," ਮਾ":131," ਮਿ":97," ਮਹ":95," ਮਸ":25," ਬੰ":15,"st ":12," ਭੌ":12," ਮਨ":31," ਮਤ":12," ਭਾ":230," ਭੀ":16," ਬ੍":13," ਭਰ":19," ਨਹ":38," ਨਿ":106," ਨਾ":302," ਨੂ":313," ਨੇ":127," ਦੱ":14," ਨਵ":51,"ਗਏ ":15," ਦੇ":1425," ਦੋ":31," ਧਰ":56," ਪੁ":69," ਪੀ":18," ਪਿ":76," ਪਾ":125," ਪੈ":40," ਪੇ":13," ਪੂ":34," ਪਰ":200," ਪਹ":57," ਪਟ":13,"ਕੋ ":15," ਲੱ":19,"ਈ ":351,"ੰਦੇ":65," ਵਖ":19,"ੰਦੀ":31,"ੰਦਾ":409," ਵਰ":63," ਵਧ":14," ਵੀ":103," ਵਿ":1204," ਵਾ":793,"ੰਦਰ":40," ਵਸ":13," ਵੇ":12," ਵੈ":16," ਵੰ":18," ਵੱ":108," ਸਕ":45,"ੰਬਰ":125," ਯਾ":23," ਰਚ":14," ਯੂ":72,"ਖੇ ":23," ਮੰ":56," ਰਾ":142," ਰਿ":33," ਰਸ":75," ਰਹ":56," ਰੇ":12," ਲਈ":76," ਰੁ":23,"str":14,"ੰਪਿ":40," ਰੂ":37," ਰੋ":38," ਲਗ":21," ਰੱ":19," ਲਾ":29," ਲਿ":55," ਲੀ":380,"ਏ ":114," ਲੇ":15," ਲੈ":20," ਲੋ":37,"Oly":12,"ਗਤ ":30,"ਲੰਪ":29,"ਲੰਡ":379,"ਲੱਗ":14,"ਂ ":2409,"ੰਜੀ":16,"ੰਜਾ":127," ਸਭ":32," ਸਬ":19," ਸਮ":69," ਸਨ":75," ਸਪ":16," ਸਰ":55," ਸਟ":13," ਸਤ":61," ਸਥ":20," ਸਦ":12,"ੰਤਰ":46," ਹਰ":55," ਸ੍":21," ਸੋ":27,"ਅ ":12," ਸਾ":1296," ਸਿ":210," ਸ਼":257,"ਖੀ ":31," ਹਨ":519," ਸੇ":33," ਸੂ":56," ਸੀ":135," ਸੁ":40," ਹੋ":233,"ੰਡਲ":14,"ੰਡੀ":26," ਸੱ":24,"ਆ ":416," ਸੰ":107,"ੰਡਾ":15," ਹਾ":41," ਹਿ":46," ਹੀ":66," ਹੁ":491," ਹੇ":15," ਹੈ":1352,"ੰਡਰ":381,"ਟ ":103,"ਝ ":29," ਏ ":29,"ਜ ":145,"ਕਸ ":17,"ਚ ":1074,"ਘ ":72,"ਹਿ ":31,"ਗ ":162," ਚ ":20,"ਹਾ ":59,"ਖ ":140,"ਕ ":1139,"ਹੀ ":112,"ਓ ":12,"ੀ। ":55,"pic":12,"ਕਰ ":44,"ਵੰਡ":19,"ਰ ":1488,"ਵੱਖ":25,"ਹੇ ":27,"ਵੰਬ":36,"ਵੱਜ":17,"ਵੱਡ":34,"ਭ ":31,"ਹੈ ":423,"ਵੱਲ":20,"ਸਕਦ":19,"ਗਈ ":25,"ਮ ":350,"ਫ ":31,"ਕੇ ":100,"ਬ ":211,"ਓਲੰ":29,"ਪ ":461,"ਧ ":64,"ਨ ":1907,"ਥ ":48,"ਕਾ ":68,"ਦ ":171,"ਕਿ ":66,"ਣ ":217,"ਕੀ ":396,"ਹੋ ":30,"ਤ ":537,"ਠ ":22,"ਡ ":132,"ਖਣ ":24,"ਾ ":2802,"ਵਿਸ":21,"ਵਾਰ":49,"ਵਿਕ":13,"ੁ ":14,"ਵਾਲ":96,"ਵਾਸ":13,"ਵਿਗ":34,"ਵਿਖ":22,"ਵਿਚ":200,"ੀ ":2902,"ਵਿਦ":16,"ਿ ":127,"ਵਾਨ":14,"ਵਾਂ":742,"ਹ ":633,"ਸਰ ":20,"਼ ":152,"ਵ ":71,"ਸਾ ":23,"ਵੇਦ":48,"ਸ ":997,"ਵੇਂ":22,"ਸ਼ ":84,"ਲ ":1735,"ਸਸ ":13,"ਵਿੱ":870,"ਸੇ ":56,"ਹਨ ":79,"ਂ।":15,"ਕਨ ":15,"ੋ ":213,"ਸੀ ":89,"੍ ":22,"ਹਰ ":16,"ੇ ":2940,"ੈ ":444,"ੂ ":303,"ਕਟ ":14,"ਰਸ਼":34,"ਰਸਾ":69,"ਰਸਿ":50,"ਰਹਿ":56,"ng ":24,"ਰਹੇ":17,"nce":16,"ne ":14,"ndi":15,"ਰਾਂ":87,"ਰਾਜ":89,"ਰਾਬ":13,"ਰਾਨ":31,"ਰਿਆ":72,"ਰਾਣ":19,"ਰਾਸ":25,"ਰਾਹ":24,"ਰਿਕ":21,"ਰਾਵ":14,"ਰਾਮ":35,"nd ":32,"ਰਿਤ":27,"ਰੀਆ":20,"ਰਮਾ":139,"ਮੰਡ":22,"ਮੰਨ":14,"ਲੇ ":121,"ਰਵਾ":29,"ਰਵਰ":37,"ਰੈਲ":39,"ਰੋਜ":15,"ਰੋਮ":30,"ਰੋੜ":12,"nte":17,"ੰਕ ":58,"ns ":12,"ਰੀਸ":12,"ਰੀਬ":18,"ਰੀਕ":94,"ਰਿਸ":18,"ਰਿਹ":15,"ੰਗ ":69,"। ":1125,"ਕਈ ":21,"ਰੂਪ":26,"ੰਘ ":71,"ਰੈਗ":367,"ਰੈਕ":12,"ਰੇਗ":15,"ਰੇਜ":79,"ੰਜ ":22,"ਲਮ ":13,"ਰਕੇ":20,"of ":41,"ਲਣ ":22,"ਰਕਾ":23,"ਐਗਰ":22,"ਰਨਾ":16,"ਲਾ ":163,"ਰਦੁ":28,"ਰਦੀ":16,"ਰਦਾ":42,"ਰਦੇ":29,"ਰਮਨ":15," ਈ ":16,"ਰਬੀ":20,"ਲੀ ":116,"ਯੋਗ":18," ਆ ":21,"on ":41,"ਰਤਾ":15,"ਰਤਿ":15,"ਰਤੀ":63,"ona":13,"ons":12,"ਯੂਨ":34,"ਯੂਰ":14,"ਯੂਲ":19,"ਲੀਪ":371,"ੱਤ ":62,"ਲੀਵ":25,"ੱਦ ":13,"ਲਾਂ":56,"ਲਾਈ":52,"ਵਲ ":18,"ਲਿਆ":33,"ਲੀਅ":22,"ld ":18,"ਲੀਆ":17,"ਲਾਵ":16,"ਲਿਖ":25,"ੱਧ ":29,"ਵੇ ":16,"ਲ੍ਹ":16,"ੱਲ ":23,"ਵਾ ":26,"ਲੋਮ":22,"ਲੋਂ":20,"ਲੋਕ":25,"ਲੋਗ":23,"ਵੀ ":125,"ਲੇਖ":15,"ਲੈਂ":19,"ੰਤ ":18,"mb ":14,"ਵਖ ":12,"ੰਡ ":46,"ਲਚਰ":23,"mer":15,"ਲਗਾ":13,"ੰਨ ":21,"lym":12,"ੰਧ ":16,"।ਇ":25,"ੰਦ ":43,"ੰਥ ":14,"mpi":14,"ਰੱਖ":17,"ੱਕ ":255,"ਰੰਥ":15,"ਵਨ ":15,"ੱਖ ":91,"mu ":47,"ੱਚ ":827,"ਆਉਂ":16,"ਅਨੁ":13,"੍ਹਾ":96,"ਇਸ ":693,"ਰਾ ":103,"ਮਨੇ":20,"ਇਹ ":527,"ਮਨੁ":16,"ਮਨੀ":13,"ਅਤੇ":407,"ਰਲ ":24,"ਭਾਈ":15,"ਭਾਗ":17,"ਭਾਰ":147,"ਭਾਵ":14,"ਭਾਸ":44,"ਅਜਿ":15,"ਇਲ ":16,"ਰਨ ":81,"ਰਮ ":38,"ਅਰਥ":18,"ਅਮਰ":51,"ਯਾ ":16,"ਬੋਲ":29,"ਰਡ ":23,"ਅਪ੍":39,"ਰਤ ":82,"ਬ੍ਰ":15,"੍ਰੋ":27,"੍ਰੇ":90,"੍ਰੈ":416,"ਰਣ ":20,"੍ਰਮ":14,"੍ਰਦ":16,"੍ਰੀ":65,"੍ਰਿ":60,"੍ਰਾ":30,"੍ਰਸ":16,"੍ਰਹ":30,"ਰਥ ":20,"੍ਰੰ":13,"ਮੇਂ":24,"ਆਨੀ":21,"ਏ। ":23,"ਆਪਣ":51,"ਆਦਿ":12,"ਆਦਾ":18,"ਆਣਾ":27,"ਮੈਨ":17,"ਮਾਨ":46,"ਮਾਤ":26,"ਮਾਣ":116,"ਮਿਕ":21,"ਮਾਰ":62,"ਮਾਲ":18,"ਮਿਥ":28,"ਮਾਂ":39,"ਇਆ।":31,"ਮੁੱ":38,"ਮਿਲ":41,"ਮਿਸ":19,"ਮੀਟ":34,"ਮੁਖ":14,"ਮੁਕ":29,"ਮੁਤ":380,"ਰੋ ":14,"ਮਹਾ":43,"ਮਹਿ":32,"ਮਹੀ":13,"ਆਵਾ":13,"ਰੂ ":145,"ਭੌਤ":12,"ਆਰਾ":46,"ਰੀ ":651,"ਬੰਧ":25,"ਰੇ ":75,"ਲਈ ":78,"ਉਣ ":23,"ਮਰੀ":43,"ਇਥੇ":16,"ਬਣਾ":43,"ਇਨ੍":18,"ਪੜ੍":12,"ਫੁਟ":13,"ਫ਼ਰ":40,"ਇਣਕ":56,"ਉਸ ":51,"ਉਹ ":40,"ਈਆਂ":13,"ਇਤਿ":19,"ਮਨ ":35,"ਇਸਦ":16,"ਪ੍ਰ":176,"ਪੈਦ":15,"ਅੰਤ":31,"ਅੰਦ":15,"ਅੰਗ":91,"ਅੰਕ":65,"ਭੀ ":15,"ਇਲਾ":16,"ਈਨਾ":22,"ਰਜ ":32,"ਰਚ ":44,"ਬੀਜ":26,"ਰਗ ":14,"ਬਿੰ":25,"ਬਾਦ":22,"ਬਾਰ":32,"ਬਾਬ":12,"ਰਕ ":18,"ਬਾਕ":372,"ਬਾਲ":27,"ymp":12,"ਈਡਰ":15,"ਬਾਅ":27,"ਬਾਈ":14,"ਉਂਦ":22,"ਬਹੁ":25,"ਭਗਤ":25,"ਮੇ ":12,"ਬਲਾ":20,"ਪੱਛ":12,"ਪੰਜ":152,"ਬਰਾ":15,"ਫ੍ਰ":14,"ਮੀ ":18,"ਮਾ ":32,"ਸਮ":81,"ਸਭ":32,"ਸਬ":22,"ਸਫ":15,"ਸਪ":32,"ਸਨ":101,"ਸਵ":19,"ਸਲ":51,"ਸਰ":94,"ਾ।":27,"ਸਟ":58,"ਸਦ":49,"ਸਤ":207,"ਸਥ":50,"ਸਕ":73,"ਵੱ":108,"ਵੰ":62,"ਵੈ":22,"ਵੇ":119,"ਉਨ੍":43,"ਵਸ":16,"ਵਿ":1234,"ਵੀ":154,"ਵਾ":1015,"ਵਨ":21,"ਵਧ":14,"ਵਰ":201,"ਵਲ":39,"ਵਖ":19,"ਲੰ":416,"ਲੱ":23,"ਲੜ":14,"ੌਰ ":34,"ਲੋ":133,"ਲ੍":24,"ਲੇ":163,"ਲੈ":43,"ਲਿ":106,"ਲਾ":368,"ਲੁ":15,"ਲੀ":580,"ਲਹ":12,"ਰੱ":21,"ਰੰ":40,"ਲਵ":25,"ਲਬ":13,"ਲਮ":25,"ਲਤ":16,"ਲਣ":25,"ਲਦ":24,"ਲਚ":23,"ਲਕ":25,"ਲਗ":28,"ਰੈ":428,"ਰੋ":128,"ਰ੍":22,"ਰੀ":839,"ਰੁ":36,"ਰੂ":205,"ਲਈ":79,"ਰੇ":213,"ਰਹ":94,"ਰਸ":179,"ਰਿ":221,"ਰਾ":502,"ਮੱ":15,"ਮੰ":60,"ਰਲ":37,"ਰਵ":92,"ੀਤ":114,"ੁਆ":59,"ੀਦ":20,"ੀਬ":34,"ੀਮ":70,"ੀਨ":92,"ੀਪ":396,"ੁਖ":20,"ੀਵ":67,"ੁਕ":56,"ੀਰ":67,"ੀਲ":39,"ੇ।":14,"ੁਝ":24,"ੁਟ":25,"ੀਸ":29,"ੁਜ":22,"ੀਆ":241,"ਿਥ":45,"ਿਦ":23,"ਿਣ":20,"ੀਅ":117,"ਿਤ":204,"ੀਂ":64,"ਿਡ":14,"ਿਟ":58,"ਿਮ":51,"ਿਬ":77,"ਬਰ ":175,"ਿਪ":16,"ਿਧ":20,"ਿਨ":1162,"ੀਗ":18,"ਿਵ":98,"ੀਕ":136,"ਿਲ":265,"ਿਰ":130,"ੀਟ":47,"ਾੜ":27,"ੀਜ":44,"ਿਹ":111,"ਿਸ":263,"ਾਡ":16,"ਇੰਟ":13,"ਾਣ":249,"ਿਅ":43,"ਾਤ":101,"ਿਆ":517,"ਾਦ":96,"ਾਧ":15,"ਿਉ":16,"ਾਨ":318,"ਿਊ":33,"ਾਪ":44,"ਾਬ":594,"ਾਮ":104,"ਾਰ":660,"ਾਲ":1569,"ਾਵ":109,"ਿਖ":72,"ਿਕ":215,"ਿਗ":45,"ਾਹ":169,"ਿਚ":202,"ਾਸ":245,"ਿਜ":25,"਼ਾ":203,"਼ਿ":116,"ਾਅ":32,"਼ੀ":109,"ਾਂ":1630,"਼ੁ":43,"ਾਈ":221,"ਾਉ":53,"਼ੇ":19,"ਾਇ":185,"਼ੋ":16,"਼ੈ":21,"ਬਲ ":16,"਼੍":25,"ਾਕ":443,"ਾਗ":63,"ਾਖ":18,"ਾਜ":126,"ਾਚ":13,"਼ਨ":40,"਼ਤ":27,"਼ਟ":24,"਼ਸ":37,"਼ਹ":70,"਼ਵ":12,"਼ਰ":65,"਼ਬ":33,"਼ਮ":21,"਼ਖ":29,"ਹੱ":25,"ਹੰ":15,"ਹੂ":17,"ਹੁ":520,"ਹੈ":1355,"ਹੇ":48,"ਹਾ":329,"ੀ।":87,"ਹੀ":203,"ਹਿ":360,"ਸੰ":167,"ਸੱ":26,"ਹੋ":237,"ਹੌ":13,"ਸੂ":66,"ਸੁ":43,"ਸੀ":222,"ਸੇ":97,"ਹਨ":550,"ਸਹ":12,"ਸਸ":15,"ਸਿ":313,"ਸਾ":1477,"ਸ਼":623,"ਹਲ":14,"ਸੋ":30,"ਹਰ":67,"ਹਮ":13,"ਸ੍":26,"ਦਸ":57,"ਦਿ":1225,"ਦਾ":1748,"ਦੁ":90,"ਦੀ":615,"ਦੂ":48,"ਥੇ":53,"ਦਨ":53,"ਥੋ":13,"ਦਰ":129,"ਤੰ":44,"ਦਲ":21,"ਤੱ":67,"ਧਾ":77,"ਨਜ":12,"ਨਡ":15,"ਧੀ":16,"ਧਿ":28,"ਨਦ":13,"ਨਤ":17,"ਦੇ":1613,"ਦੋ":54,"ਨੁਸ":12,"ਧਰ":65,"ਨਕ":44,"ਤਸ":17,"ਤਵ":19,"ਤੀ":231,"ਤੂ":46,"ਤਿ":96,"ਤਾ":728,"ਣੇ":53,"ਤਨ":20,"ਤਪ":13,"ਤਤ":12,"ਤਰ":186,"ਤਲ":37,"ਤਮ":27,"ਉਹਨ":12,"ਥੀ":15,"ਥਿ":46,"ਥਾ":70,"ਤੋ":518,"ਤੇ":631,"ਨੁੱ":16,"ਤੌ":43,"ਇੱਕ":245,"ਣਕ":72,"ਨੂੰ":329,"ਡੇ":30,"ਣਾ":137,"ਣੂ":108,"ਣਿ":62,"ਣੀ":85,"ਤਕ":48,"ਨੇਂ":14,"ਟ੍":17,"ਟੇ":26,"ਨੇਜ":20,"ਟੀ":130,"ਟਿ":29,"ਡਿ":29,"ਡੀ":68,"ਨ।":476,"ਡਾ":86,"ਡਲ":20,"ਡਰ":410,"ਡਦ":12,"ਮਰ":69,"ਮਲ":18,"ਬੰ":44,"ਮਸ":29,"ਮਹ":96,"ਮੁ":499,"ਮੀ":82,"ਮਿ":154,"ਮਾ":391,"ਮੂ":19,"ਮੈ":49,"ਮੇ":59,"ਮ੍":15,"ਮੌ":19,"ਮੋ":28,"ਰਕ":76,"ਰਖ":17,"ਰਗ":45,"ਰਚ":72,"ਰਜ":81,"ਰਟ":18,"ਯਾ":37,"ਰਡ":28,"ਯੂ":73,"ਰਣ":36,"ਯੁ":14,"ਰਥ":37,"ਰਤ":198,"ਰਦ":131,"ਰਨ":116,"ਰਫ":22,"ਰਪ":20,"ਯੋ":27,"ਰਬ":46,"ਰਮ":236,"ਪੰ":164,"ਬਲ":53,"ਪੱ":37,"ਬਰ":215,"ਫ੍":15,"ਬਹ":34,"ਭਗ":29,"ਬੁ":20,"ਬੀ":120,"ਬਿ":55,"ਬਾ":578,"ਬੋ":46,"ਬੈ":14,"ਬੇ":32,"ਮਈ":41,"ਮਕ":17,"ਬ੍":15,"ਭਰ":22,"ਮਜ":12,"ਮਤ":30,"ਭਾ":256,"ਭੀ":18,"ਭਿ":14,"ਭੌ":12,"ਮਦ":18,"ਮਨ":98,"ਪਲ":21,"ਨੰ":12,"ਪਹ":57,"ਪਸ":12,"ਪਰ":222,"ਪੂ":52,"ਪੈ":44,"ਪੇ":23,"ਪੀ":37,"ਪੁ":90,"ਪਾ":168,"ਪਿ":130,"ਬਕ":380,"ਪੋ":22,"ਪ੍":176,"ਨ੍ਹ":75,"ਫਰ":17,"ਫਲ":16,"ਬਦ":46,"ਬਨ":25,"ਫ਼":106,"ਪੜ":21,"ਫਾ":21,"ਫਿ":21,"ਫੁ":23,"ਬਣ":71,"ਨਵ":102,"ਦੱ":14,"ਨਲ":14,"ਨਰ":14,"ਨਮ":39,"ਨੇ":196,"ਨੂ":341,"ਨੀ":200,"ਨੁ":33,"ਨਾ":539,"ਨਿ":163,"ਨਸ":36,"ਨਹ":40,"ਨ੍":89,"ਨੈ":12,"ਨੋ":19,"ਪਨ":15,"ਪਣ":56,"ਪਤ":28,"ਪਟ":24,"ਬਦ ":20,"ਕਰ":232,"ਕਮ":20,"੨ ":59,"ਕਲ":439,"ਕਨ":33,"ਕਦ":33,"ਕਟ":31,"ਕਤ":65,"੧ ":77,"ਕਈ":21,"ਕੱ":19,"ਕੰ":48,"ਗਲ":25,"ਗਰ":511,"੪ ":44,"ਖੋ":29,"ਖੇ":111,"ਗਦ":22,"ਗਣ":22,"ਗਤ":41,"ਖੀ":35,"ਖਾ":81,"ਖਿ":54,"ਖ਼":60,"ਕੜ":15,"ਕ੍":37,"ਗਏ":21,"ਖਰ":32,"ਕੌ":24,"੩ ":43,"ਕੋ":104,"ਗਈ":32,"ਖਦ":15,"ਕੈ":22,"ਕੇ":135,"ਕੁ":80,"ਕੂ":15,"ਖਣ":34,"ਖਤ":12,"ਕਾ":323,"ਕਿ":322,"ਕੀ":517,"ਕਹ":19,"ਕਵ":12,"ਕਸ":64,"ਏਲ":14,"ਐਗ":22,"ਪਹਿ":45,"ਏਸ":17,"ਓਲ":31,"੦ ":87,"ਜੇ":38,"ਜੈ":24,"ਜੋ":120,"ਜ਼":304,"ਜਾ":547,"ਜਿ":213,"ਜੀ":234,"ਜੁ":64,"ਜੂ":46,"ਪਿਤ":20,"ੰ ":328,"ਪਾਸ":19,"ਪਿਕ":29,"ਜਦ":23,"ਪਾਰ":18,"ਜਧ":12,"ਜਨ":116,"ਪਿਊ":14,"ਪਾਣ":18,"੯ ":52,"ਛੋ":17,"ਚੱ":12,"ਪਾਕ":32,"ਚੰ":38,"ਜਲ":16,"ਜਰ":27,"ਟਬ":13,"ਟਨ":25,"ਪਾਈ":14,"ਟਾ":78,"ਟਰ":121,"ਜੰ":41,"ੋਗਰ":27,"ਗੜ":29,"੬ ":50,"ਚਕ":12,"ਗਸ":65,"ਗਾ":75,"ਗੂ":16,"ਗੁ":197,"ਗੀ":24,"ਗਿ":132,"ਪੂਰ":40,"ਗੇ":24,"ਗ੍":505,"ਗੋ":52,"੫ ":50,"ਘਰ":19,"ਚਿ":28,"ਚਾ":99,"ਚੁ":16,"ਚੀ":48,"ਚੇ":17,"ਪਿੰ":41,"ਪੁਰ":63,"ਚੋ":42,"ਚੌ":23,"੮ ":73,"ਛਮ":12,"ਜਗ":13,"ਚਨ":19,"ਚਰ":32,"੭ ":49,"ਚਲ":24,"ਅਤ":454,"ਆਂ":297,"ਅਜ":34,"ਅਗ":69,"ਅਕ":61,"ਆਣ":33,"ਇਆ":135,"ਆਖ":12,"ਅਸ":23,"ਅਮ":113,"ਅਰ":63,"ਅਲ":18,"ਅਦ":42,"ਆਇ":12,"ਅਧ":17,"ਆਉ":22,"ਅਨ":55,"ਅਪ":47,"ਪਣੇ":34,"ਈਆ":13,"ਇਥ":21,"ਇਤ":25,"ਇਣ":62,"ਆਸ":22,"ਪਣੀ":15,"ਆਰ":95,"ਆਮ":24,"ਇਕ":101,"ਆਵ":17,"ਆਲ":16,"ਆਨ":54,"ਆਦ":35,"ਆਬ":13,"ਆਪ":78,"ਆ।":54,"ਬਾ ":22,"ਂਕ":18,"ਂਗ":31,"ਈ।":12,"ਂਟ":25,"ਂਡ":36,"ਂਸ":30,"ਂਤ":24,"ਂਦ":244,"ਉੱ":56,"ੋੜ ":16,"ਬੀ ":78,"ਏਨ":15,"ਏਫ":13,"ਇਨ":48,"ਅੱ":34,"ਇਲ":37,"ਅੰ":220,"ਈਟ":14,"ਇਹ":542,"ਮਈ ":41,"ਇਸ":741,"ਉਂ":46,"ਈਡ":27,"ਈਨ":32,"ਏ।":33,"ਬੇ ":13,"ਉਦ":21,"ਉਨ":51,"ੋਇਆ":71,"ਉਣ":28,"ਉਤ":19,"ਉਪ":26,"ੜ ":44,"ਇੱ":255,"ਇੰ":32,"ਉਸ":76,"ਉਹ":56,"ਊਟ":14,"ਪਰਮ":113,"ਨਕਸ":15,"ਪਤ ":12,"ਧਰਮ":31,"ਧਰਤ":22,"ਪਰ ":49,"ਧਾਂ":14,"ਉੱਤ":40,"ੋਬਿ":25,"ਦੁਆ":48,"ਦਿੱ":27,"ਦੁਨ":24,"ੋਮੀ":24,"ਦੂਸ":12,"ਦੂਜ":16,"ੋਮਨ":25,"੦੦":66,"੦੮":25,"੧੦":19,"੧੩":12,"੧੪":15,"੧੧":14,"੧੨":18,"੧੭":17,"੧੮":24,"੧੫":17,"੧੬":17,"੧੯":42,"੨੧":14,"੨੦":53,"ਦਾਂ":14," ੧੮":24," ੧੭":16,"ਦਾਨ":17," ੧੬":17," ੧੫":16," ੧੪":15," ੧੩":12," ੧੨":16," ੧੧":13,"ੋਲੀ":19,"ਦਾਰ":26," ੧੯":41," ੨੦":53," ੨੧":14,"ਦਿਆ":31," ੨੭":12," ੨੬":12," ੨੯":17," ੨੮":14," ੨੩":13," ੨੨":14," ੨੫":13," ੨੪":14,"ਦਾਸ":19," ੩੦":25," ੩੧":16,"ਦੀਆ":75,"ਦਿਨ":1097,"umb":16,"੍ਹ ":21," ੧੦":19,"ਦੋਂ":17,"੩੧":18,"੩੦":26,"um ":31,"੨੯":17,"੨੮":15,"੨੭":13,"੨੬":13,"੨੫":14,"੨੪":14,"੨੩":13,"੨੨":14,"ੱਤ":172,"ੱਢ":13,"ੱਡ":45,"ੱਧ":49,"ੱਦ":25,"ੱਥ":25,"ੱਗ":23,"ੱਕ":286,"ੱਖ":185,"ੱਛ":18,"ੱਜ":30,"ੰਸ":52,"ੱਚ":879,"ੱਟ":28,"ੱਠ":21,"ੱਲ":52,"ੱਸ":22,"ੰਥ":18,"ੰਤ":85,"ੰਧ":36,"ੰਦ":618,"ੰਡ":502,"ੰਬ":155,"ੰਮ":32,"ੰਨ":45,"ੰਪ":49,"ੰਕ":75,"ੰਖ":19,"ੰਗ":218,"ਦੇਸ":44,"ਦੇਵ":25,"ੰਜ":177,"ੰਟ":22,"ੰਘ":85,"ਨਵਰ":42,"ਨੀਆ":32,"ਨੀਅ":13,"ਨਿਵ":62,"ਨੀਕ":15,"ਨਿਆ":24,"ਬਕ ":378,"ਨਾਨ":32,"ਨਾਲ":179,"ਨਾਵ":16,"ਨਿਕ":18,"ਨਾਮ":38,"ੜ੍":38,"ਨਾਂ":88,"ੜੀ":29,"ੜਾ":29,"ੜੇ":20,"ty ":13,"ਨਸੰ":13,"ਨਹੀ":36,"ਏਫ ":13,"ਨਵੰ":36,"ੁਦ":13,"ੂਆ":13,"ੁਨ":42,"ੁਤ":412,"ੁਣ":26,"ੁਮ":18,"ੁਰ":279,"ੁਸ":47,"ਿੰ":258,"ੁਲ":97,"ਿੱ":1026,"ੈ।":922,"ੂਜ":17,"ੂਨ":78,"ੂਦ":14,"ੂਰ":124,"ਏਲ ":13,"ੂਬ":50,"ੂਪ":31,"ੂਸ":23,"ੂਲ":53,"ੁੰ":490,"ੁੱ":117,"ੂੰ":335,"ੇਂ":94,"ੇਕ":12,"ੇਖ":36,"ੇਦ":53,"ੇਤ":52,"ੇਡ":47,"ੈਂ":49,"ੇਟ":14,"ੇਜ":108,"ੇਗ":24,"ੇਰ":47,"ੇਲ":44,"ੈਕ":39,"ੇਵ":52,"ੈਗ":377,"ਧਾਰ":30,"ੇਨ":27,"ਧਾਨ":15,"ਧਿਆ":15,"ੈਣ":13,"ੈਦ":24,"ੇਸ":109,"ੈਟ":17,"ੈਲ":73,"ੈਰ":17,"ੈਨ":38,"ੈਸ":23,"ੋਂ":617,"ੋਇ":77,"ੋਈ":46,"tio":34,"thu":15,"ੋਟ":27,"ੌਂ":47,"ੋਡ":13,"ੋਜ":32,"ੋਧ":14,"ੋਨ":32,"ੋਪ":22,"ੋਣ":30,"ੋਤ":20,"ੋਏ":51,"ੋਗ":55,"ੋਚ":14,"ੋਕ":33,"ੌਜ":14,"ੌਤ":23,"ੋਮ":61,"ੋਬ":36,"ੋਲ":71,"ੋਰ":92,"ੋਵ":23,"ੋਹ":24,"ੋਸ":21,"ੋੜ":31,"ੌਮ":17,"ੌਰ":50,"ted":14,"੍ਹ":146,"੍ਰ":834,"ter":25,"the":71,"ਆ। ":38,"ਤੂਬ":34,"ੇਲ ":13,"ੇਰ ":12,"ਤੀਆ":19,"ੇਸ ":12,"ਤਿਹ":21,"ਤਿਆ":30,"ਤਾਨ":49,"ਤਿਕ":18,"ਤਾਬ":383,"ਨਕ ":14,"ਤਾਰ":18,"ਤਾਂ":61,"ੇਵ ":19,"ਨਮ ":32,"ਤੌਂ":25,"ਤੋਂ":485,"ੈਨ ":18,"ਤੌਰ":15,"ੈਲ ":41,"ਨਾ ":113,"ਥਾਂ":13,"ਥਿਤ":12,"ਥਿਹ":26,"ਥਾਨ":18,"ਦਸੰ":39,"ਨੀ ":107,"ੇਗਰ":13,"ਦਰਿ":26,"ਨੇ ":143,"ਤੰਬ":41,"ਤੱਕ":12,"ਤੱਤ":53,"ਂਟ ":12,"ੇਜੀ":27,"ੇਜ਼":73,"ੇਡਾ":24,"ਂਡ ":22,"ੈਂਡ":21,"ੇਡਦ":12,"ਂਗ ":18,"ੇਦਨ":48,"ੇਤੀ":16,"ੇਤਰ":23,"ੋਂ ":614,"ਤੋ ":20,"ਣਕਾ":14,"ਤਕਨ":13,"ਥੇ ":48,"ਦਨ ":52,"ੈਕਟ":16,"ੋਈ ":39,"ce ":16,"ੈਗਰ":366,"ੋਏ ":45,"ਥਾ ":23,"ੇਵਾ":19,"ੇਸ਼":80,"am ":12,"ੋਕ ":20,"al ":27,"ਣਿਤ":17,"ਣਿਆ":40,"and":32,"amu":47,"an ":23,"ੈਦਾ":18,"ਦਰ ":34,"ਣਾਇ":20,"ੌਂ ":41,"ੋਣ ":17,"ਦੋ ":25,"ਤਰਾ":24,"ਤਰੀ":36,"ੋਪ ":15,"ਦੇ ":1528,"at ":19,"ਦੀ ":510,"as ":15,"ੋਰ ":44,"ੋਲ ":12,"ਦਾ ":1619,"ati":17,"ਦਿ ":15,"ੜਾ ":14,"ੁਟਬ":13,"ੀਸਟ":12,"ੀਵਨ":13,"ੀਵਰ":32,"ੁਕਾ":27,"ਤਕ ":19,"ੜੀ ":26,"ੀਮਾ":12,"�":48,"ੁਰਦ":34,"ਡਦੀ":12,"ੜੇ ":18,"ੁਨਿ":12,"ੁਨੀ":20,"ਣੀ ":69,"ੁਤਾ":380,"ਣਾ ":86,"ਡਰਾ":13,"ਣੂ ":105,"ਣੇ ":51,"ਆਂ ":277,"ੁਸ਼":14,"ਂਦਰ":14,"ਂਦੀ":34,"ਂਦਾ":168,"ਂਦੇ":20,"ੈ।ਇ":14,"ੂੰ ":327,"ਤਰ ":83,"ਅਨ ":34,"ਡਾਂ":31,"ੁਰੂ":142,"ੁਰਾ":23,"ੁਰਸ":21,"ਿੰਦ":69,"ਿੰਡ":45,"ਿੰਘ":68,"ਿੰਗ":49,"ਡੀਅ":12,"ਿੱਤ":44,"ਿੱਧ":18,"ਿੱਖ":61,"ਅਤ ":35,"ਿੱਚ":863,"ੁਲਾ":52,"ੁਲੀ":15,"ਅਦ ":27,"ੂਰਜ":24,"ੂਰਬ":14,"ੂਬਰ":34,"ਤਾ ":184,"ਤੀ ":175,"ੂਨਿ":14,"ੂਨੀ":19,"ਤੇ ":613,"ਜੰਤ":20,"ਜੰਗ":15,"ਡਰ ":388,"ਆਨ ":22,"ੂਲੀ":19,"ਇਆ ":100,"ਆਪ ":24,"ਅਮ ":45,"ੁੱਖ":54,"ਅਰ ":17,"ੁੰਦ":474,"ਡਲ ":18,"ਟਬਾ":13,"ਡੀ ":25,"ਡਾ ":35,"ਨ। ":77,"ੇਂ ":52,"ਡੇ ":21,"ੜ੍ਹ":37,"ਟਰੀ":23,"ਟਾਂ":13,"ਟਾਇ":14,"ਅਕਤ":41,"ਅਕਾ":15,"ਅਗਸ":63,"ਆਮ ":19,"ਆਰ ":21,"ਣਕ ":58,"ਟਿਆ":13,"ਇਕ ":86,"ਟੀਮ":54,"ਟ੍ਰ":17},"n_words":[112478,136533,89577],"name":"pa","type":"devanagari"}