{"freq":{"YO ":13,"jec":34,"jee":32,"D":313,"E":183,"F":66,"G":214,"A":673,"B":249,"C":240,"L":152,"M":367,"N":163,"O":122,"H":180,"I":236,"J":129,"K":173,"U":82,"T":107,"W":226,"V":11,"Q":76,"P":22,"S":486,"R":114,"Y":96,"X":120,"Z":10,"f":458,"g":2154,"d":5233,"e":4497,"b":2102,"c":900,"a":24510,"n":3878,"o":5982,"l":3786,"m":2460,"j":397,"k":2897,"h":3132,"i":6615,"w":2306,"v":27,"u":3829,"t":1545,"s":2871,"r":2895,"q":718,"p":77,"z":23,"y":3607,"x":1698,"jaa":13,"jab":16,"jar":10,"jam":12,"Xam":11,"joo":14,"Xas":10,"jis":14,"jir":95,"jii":13,"jid":17,"jo ":15,"Far":12,"isk":69,"ism":12,"isl":25,"iso":22,"isu":42,"ist":67,"ita":17,"is ":71,"ion":20,"ir ":84,"irs":56,"irt":28,"iro":22,"irk":32,"iri":56,"isi":32,"ish":96,"ise":18,"isb":17,"Wux":23,"isa":134,"ire":16,"ira":131,"iyi":10,"iyo":394,"iya":423,"iye":65,"ixi":16," l":598," m":880,"kii":161," n":189," o":537," h":365," i":795," j":267," k":1328," d":1214," e":328," f":95," g":401," a":1317," b":593," c":361," y":296," x":283," u":599," t":376," w":1834," q":291," p":20," s":807," r":112,"km ":14," J":125," K":142," H":119," I":161," N":93," O":34," L":81," M":322," B":217,"khd":24," C":229,"kha":11," A":275," F":59," G":169," D":236," E":41," Z":10," Y":40," X":90," S":438," R":66," Q":69," P":18," W":211," U":33," T":83,"kee":20,"key":11,"kh ":38,"Web":10,"Waa":56,"ku ":434,"kor":15,"Wax":40,"koo":94,"War":17,"XEE":11,"مد":16,"Gal":22,"و":25,"ي":76,"ف":13,"ق":12,"ل":77,"م":62,"ن":31,"ه":13,"د":46,"ح":26,"ب":37,"ة":21,"ا":98,"أ":11,"ع":29,"ش":21,"س":23,"ر":49,"kar":49,"kas":30,"kan":49,"kal":143,"kam":32,"kad":48,"kac":14,"kab":10,"kaa":81,"ka ":1268,"A ":83," Ga":53," Ge":18,"Da":59,"DU":11,"Cu":18,"Co":13,"DE":11," Fi":17,"Ce":13,"DH":15,"Ci":23," Ha":35,"Du":13,"EY":13," Go":61," Gu":12,"EG":11,"De":45,"EE":45,"EL":14,"Di":29,"Dh":36,"H ":16,"GA":19,"Fa":23," IY":15,"Er":12," Ho":29,"ha ":334," Hi":37,"Ge":18," Ji":25,"Ga":53,"حم":18,"HA":35,"I ":13," Ja":63," KA":16," Is":32," It":29,"GM":12," In":35,"Fi":17,"ham":43,"han":102," Ka":28,"hal":48,"haw":17,"hax":44,"haq":58," Ki":19,"har":45,"has":76," Kh":10," Ju":19,"hah":12,"hab":77,"haa":189,"had":144,"hac":36,"AS":15,"AR":23," MA":17,"AX":27," La":22,"AY":15,"BA":11," Li":11,"C ":10,"AD":43,"AA":51,"AB":14,"AG":11," Ko":23,"AH":23,"hay":333,"AL":37," Ku":26,"AM":13,"AN":35," Ma":180,"Ax":18,"Ar":12,"D ":22,"بن":10," Mi":27,"Ba":101,"CA":15,"Af":65,"بد":10,"he ":25,"Aa":22,"Ab":33,"Ad":10,"Am":17," Lu":25,"Al":38," Ne":14,"Bu":30," Na":32,"Ca":127,"DA":43,"E ":30,"Bi":19,"Be":25,"hda":27,"Bo":30,"Hin":18," Mu":78,"hel":22,"Ku":26,"hee":112,"Ko":23,"hey":26,"hex":72,"Li":11,"N ":26,"her":11,"MA":41,"La":22,"Lu":25,"hi ":27,"Mi":27,"NK":10,"ال":51,"O ":34,"NA":12,"Ma":180,"Mu":79,"Ne":14,"Na":32," Am":16," Al":38,"Nu":16," Af":65,"No":12,"OO":18," Ad":10," Aa":22," Ab":33," Ba":101," CA":12," Ax":18," Ar":12,"hig":23," Be":25,"hid":12," Bi":19,"hin":40,"Go":61,"him":17,"Gu":12," Bo":30,"hii":170," Bu":30,"his":24,"hir":31,"Ha":35," Ca":127,"Hi":37," Ce":13," DE":10," Ci":23,"IN":12,"Ho":29," DH":13,"IS":10," Co":12," Cu":18,"IY":20," Da":59," Di":29," Dh":36,"In":36," De":45,"Is":32,"It":30,"Ja":63,"KA":33," Du":13,"Ji":25," Er":12,"Ju":19,"LA":35,"Ka":28,"Kh":10,"ho ":53,"Har":14,"Ki":19,"LE":16," Fa":23,"gma":64,"go ":32," Xi":13," Xa":51,"UU":11,"yuu":26," Wu":23,"To":11,"Th":10," Wi":15," We":12,"Ta":37," Wa":133,"St":13,"Su":23,"Wu":23,"gob":97,"Wi":16,"Wa":133,"XA":19,"We":12,"XE":12,"Y ":18,"yst":29," Yu":14,"yso":15," Ya":10,"WA":26,"gmo":41,"ysa":93,"Qa":26,"Qo":17," م":12,"RA":10,"S ":18," ع":21," ا":48,"goo":52,"R ":20," ب":13,"gsa":14,"gu ":229,"Si":17,"Sh":86,"gsi":12,"So":180,"Ru":12,"U ":11,"Sa":70,"TA":13,"Re":13,"SH":11,"Ro":11,"yoo":24,"Qu":16,"SA":16,"Ra":20,"gud":22," Nu":16," No":12,"gta":43," Ra":20," Qu":16,"b ":130," Ro":11," Re":13,"guu":20,"gun":12,"a ":5909," Qo":17," Qa":26,"شي":10," Su":23," St":13," Ta":37,"Ya":10," Th":10,"Yu":14," To":11," Ru":12," Sa":70,"Xa":51,"YO":15," Sh":86," Si":17,"Xi":13," So":180," WA":20,"ري":12,"Gob":48," ja":60,"i ":853,"ye ":36,"ian":11," iy":365," ji":127,"ge":93," je":47,"ga":1135,"fk":16,"Ing":16," im":15," in":148," il":54," ii":23,"ic ":14,"fi":49,"fr":45,"fu":47,"ft":29,"fo":18," is":155," ka":688," kh":13,"hd":44,"he":286," ki":46," ke":11,"ha":1580,"gn":11,"gm":108," jo":14,"gl":15,"gi":72,"id ":171,"gu":305,"iba":32,"gt":52,"gs":27,"gr":15," ju":17,"go":196,"du":188,"dw":36,"dy":13,"g ":83," ha":190,"ea":16,"eb":72,"yee":61,"ec":51," he":28,"ed":360,"de":252,"dd":113,"di":494,"dh":632,"dk":189,"dl":33," go":117,"do":234,"dn":22," gu":55,"ia ":36,"ex":102,"ey":554,"fa":110,"h ":441," id":15,"fe":17,"eh":54,"ib ":32,"eg":202," hi":20,"ee":1263,"el":242,"ek":35," ho":120,"ei":12,"yey":26,"en":172,"em":31,"et":26,"es":93,"er":287,"ya ":266,"ca":427," ni":37,"e ":881," ne":15,"bs":21," na":54,"br":36,"bu":104,"bt":55,"bn":18,"bo":234,"bk":30,"bl":13," mu":48,"ig ":10,"bi":355,"bb":15,"bd":41,"be":201,"db":11,"da":2087," og":18,"f ":98,"cy":18," of":16,"cu":41,"ct":11,"cs":27,"co":62,"cm":24,"cn":13,"cl":19,"ci":73," nu":10,"ch":33," no":73,"ce":64,"cd":20,"yad":111,"yag":10," le":91,"c ":51,"yaa":287," la":334,"icm":22," ku":465,"ici":14," km":14,"ica":25," ko":88," me":49,"az":10,"ay":1458,"idu":13," mi":187,"ba":817,"d ":893,"at":134,"as":580,"yd ":29,"ido":43,"ar":1307,"aq":237," ma":590,"ax":1066,"aw":157,"idk":12,"yay":52," lu":25,"ak":76,"al":1647,"idi":35,"yaw":11,"idh":19,"ai":29,"aj":59,"yar":45,"am":590,"an":1951,"yaq":50,"yan":13,"ac":260,"ida":140,"ad":2243,"aa":4171," lo":138,"ab":630,"ag":664,"ah":1152,"yah":134,"af":128,"iib":15,"nu":38,"iic":11,"nt":263," af":45,"ns":59," ah":473," aa":208,"iig":13," ab":31,"iid":50,"no":160,"nn":18," ad":49,"q ":34," am":103," an":18,"iik":48,"iin":164,"ny":57,"yka":17,"iil":93," al":21,"iim":26,"iis":199,"iir":65,"of":78,"iiq":14,"oc":29," ax":10,"od":156," ar":26,"ob":291," aq":21," as":29,"om":340,"on":186," ba":344,"ok":16,"ol":273," ay":246,"og":129,"il ":80,"ot":41,"os":90," bi":107,"op":10,"oo":1738," be":63,"or":236,"oq":49,"yn ":105," bo":34,"r ":475,"ox":10,"ow":125,"oy":128," bu":35,"pa":14," ca":238,"im ":21,"ika":50,"lo":386,"ige":10,"lm":39,"ll":110,"ls":27,"iga":247,"ii ":339,"lw":14,"lu":48,"igi":31,"yo ":488,"ly":56,"igu":13,"igt":12,"o ":2012,"ma":1465,"mb":52,"mh":21,"me":199,"mk":39,"mi":333,"mp":19,"mo":102,"yna":98,"mu":85,"ihi":82,"yni":14,"na":851,"nb":30,"yne":30,"nc":10,"nd":137,"ne":107,"nf":30,"ng":58,"ynt":29,"ni":213,"nk":312,"nl":21,"imo":20,"ju":17,"jo":31," ee":295,"imi":21,"ki":203,"kh":95,"ke":48,"ind":29,"ina":80," fa":48,"yga":15,"ka":1778,"yi ":19,"m ":103," fu":10,"ino":13,"kt":20," fo":12,"ku":558,"int":102,"ins":10,"ko":130,"ine":14,"ing":16," fi":17,"ini":10,"km":16,"ink":82," ge":36,"li":577,"lk":332,"le":352," ga":186,"ld":23,"lg":22,"inu":15,"la":1306,"lb":52,"iny":13,"n ":1478," co":22,"ht":11,"hu":92,"ikh":54," ce":15,"hi":387,"hn":16,"ho":217," ci":36,"ila":160,"id":471,"ic":103,"yin":59,"ib":108,"ia":61,"ih":88,"in ":262,"ig":350," da":424,"if":21,"yih":49,"yig":21," cu":34,"hy":12,"k ":24,"iq":21," do":45,"ilo":13,"ir":438,"is":630,"it":49,"ill":18,"ilk":32,"ix":28,"ilm":12,"ii":1062,"ij":21,"ik":134," de":120,"ili":51,"il":385,"im":170,"in":663,"io":30," di":70,"yir":13," dh":511,"ima":76,"je":69,"ji":178,"iy":896," du":39,"l ":398,"ja":82,"xi":123,"xo":56,"xm":34,"xw":27,"xu":185,"xb":18,"xa":850,"xe":161,"xd":67,"wg":11,"wi":81,"how":15,"wl":60,"wo":26,"wu":102,"hog":13,"y ":1137,"wa":1722,"wd":13,"hoo":55,"we":185,"hor":60," yi":55," yu":13,"uy":12,"ux":164,"uw":34,"uu":720," ye":13,"ve":10," ya":211,"x ":140," xo":33,"uj":15,"uk":28,"ul":200,"uf":20," xi":90,"ug":210,"uh":16,"uq":90,"ur":259,"hna":12," xu":39,"us":114,"ut":54,"um":90,"un":214,"tu":47,"ub":104,"ua":11,"ud":145,"uc":17," xe":16,"w ":59," xa":103,"to":175,"hul":37,"tr":25,"te":120,"ti":246,"th":37,"ta":784,"su":111,"ss":19,"st":173,"sw":12,"sl":47,"sk":106,"sm":25,"so":371,"sr":10,"sc":17,"se":101,"sh":456,"ي ":20,"xme":19,"si":404,"xma":13,"u ":1296,"sa":722,"sb":21,"rr":20,"rs":115,"rt":160,"ru":77,"rw":11,"rx":11,"ry":27,"ro":144,"rn":40,"rm":32,"rl":22,"rk":200,"ri":397,"hu ":11,"rg":35,"re":258,"rd":49,"rc":12,"rb":25,"ra":754,"t ":51,"qu":35,"qs":10,"xoo":44,"qo":163,"IYO":15,"qi":33,"qe":23,"qa":334,"qd":61,"s ":240,"pu":15,"pr":14," ru":12," u ":194," sa":221," se":17," si":157," sh":112," so":259," qu":21,"xya":13," ra":48," re":33,"ن ":17," ro":11," qe":14," qa":168," qo":69," qi":18," oo":464," or":10,"huu":29," wa":1582," we":88," wo":12," wu":102," wi":39," uu":195,"xud":12,"xuu":133,"Hoo":12," tu":36," us":16," ur":10,"م ":11," um":12," un":11," ug":131,"yg":19," ta":231,"ye":133,"yd":48,"ya":998,"yb":27,"xwe":21,"xy":17," su":25,"yu":34,"ys":166," to":18," th":15," ti":62,"yo":522,"yn":280," te":11,"yk":19,"yi":189,"fee":11,"xey":58,"xee":54,"far":32,"fad":21,"faa":24,"Suu":12,"Axm":14,"xir":17,"xis":13,"xil":26,"xii":17,"xid":14,"xig":24,"Sta":10,"xa ":169,"eyb":17,"eya":63,"eys":74,"Tal":11,"eyn":163,"eyo":14,"eyk":10,"xda":51,"eyd":16,"eye":14,"exa":10,"exd":12,"exe":51,"xe ":46,"xar":38,"Ban":18,"Baa":14,"Bad":22,"xam":54,"xan":16,"Bar":23,"xay":166,"xba":16,"xaa":341,"xad":27,"xag":13,"wux":100,"Aas":11,"Shi":22,"She":12,"Sha":50,"ex ":21,"Af ":19,"ey ":159,"er ":103,"es ":21,"eri":33,"ere":30,"era":49,"Afr":32,"esh":28,"esa":10,"ers":11,"ern":14,"ekh":16,"en ":89,"ela":47,"ele":26,"eli":17,"ell":42,"elo":15,"emb":19,"ena":28,"wla":53,"eny":12,"egm":90,"ego":14,"egt":11,"Som":32,"Soo":136,"woq":10,"el ":65,"wda":13,"Buu":11,"Bur":11,"we ":12,"gir":17,"gii":26,"wey":124,"wee":27,"gey":15,"gee":44,"wi ":14,"wis":10,"wii":22,"Sal":11,"gab":12,"gac":45,"gad":26,"DA ":20,"gaa":436,"gar":35,"gay":21,"gal":70,"gan":69,"ga ":388,"San":27,"wa ":22,"Cab":27,"waq":26,"wan":30,"wal":39,"wax":715,"way":45,"Cal":18,"war":52,"was":18,"Car":40,"waa":581,"wad":168,"Bel":10,"fur":37,"Bis":12,"fri":39,"fii":15,"Boo":10,"fka":13,"da ":918,"de ":22,"dad":131,"daa":159,"dab":19,"dal":113,"WAX":16,"dag":65,"dah":101,"dar":51,"dan":291,"dam":39,"day":61,"dax":79,"daw":32,"Cum":10,"dda":74,"dde":11,"ddi":17,"cun":14,"EEY":13,"EEL":14,"EGM":11,"Deg":30,"cyo":15,"uxu":126,"Daa":22,"Dag":10,"Dal":10,"uxa":15,"uun":88,"uul":63,"uum":13,"uug":15,"uud":50,"uux":10,"ux ":12,"uus":29,"uur":74,"uuq":18,"uut":24,"uwa":28,"co ":26,"cma":23,"ush":13,"usi":11,"use":13,"uu ":316,"usu":26,"uso":11,"uti":16,"uta":19,"cod":10,"com":11,"uqa":33,"uqd":36,"ura":37,"ure":10,"uri":31,"urk":17,"urt":32,"uru":37,"ur ":39,"csi":14,"uma":56,"unt":32,"unk":27,"uni":11,"una":85,"cel":30,"uka":13,"cee":17,"uls":10,"ulo":20,"ull":14,"ulk":27,"uli":14,"ule":16,"ula":26,"un ":29,"che":12,"ul ":36,"ciy":12,"cii":28,"uga":40,"ugu":128,"ugs":11,"ed ":184,"ebi":20,"uf ":13,"uda":33,"udi":12,"eb ":12,"udu":37,"ug ":18,"ega":53,"ub ":32,"eek":25,"een":99,"eel":138,"eem":18,"eeb":23,"eeg":65,"eed":229,"eey":113,"eh ":42,"ees":56,"eer":157,"edk":18,"edi":12,"ede":22,"eda":72,"uba":39,"ubb":11,"edu":15,"ud ":36,"edo":11,"ecl":12,"ece":25,"ee ":319,"dwe":25,"dwa":11,"duu":57,"tuu":22,"doo":96,"dow":37,"tri":10,"The":10,"dna":12,"to ":75,"Dhe":14,"Dhu":12,"dun":12,"dul":20,"dug":23,"too":69,"du ":45,"tii":59,"tig":10,"tir":66,"dha":335,"tio":16,"tic":26,"dhu":33,"dib":25,"dhi":112,"dhe":122,"dho":21,"der":19,"dex":18,"dey":16,"dee":48,"deg":96,"den":15,"di ":38,"dle":11,"dla":17,"tee":36,"dku":14,"dki":33,"do ":77,"ter":36,"diy":39,"din":26,"ti ":29,"dir":60,"dis":51,"dig":42,"dii":165,"dil":12,"dka":134,"the":16,"rga":14,"ri ":48,"rge":14,"rey":42,"ree":110,"rda":15,"rdh":16,"re ":77,"rco":10,"rax":25,"ray":99,"rar":15,"ras":44,"rat":10,"rba":11,"rah":41,"ran":54,"ram":17,"rak":12,"rab":82,"raa":165,"rad":87,"rs ":11,"roo":48,"rna":16,"rne":11,"rni":10,"ro ":63,"rma":23,"Nab":15,"rla":13,"rku":10,"rko":10,"rki":41,"rke":18,"rka":117,"riy":58,"ris":28,"rig":31,"rii":110,"rik":46,"rin":21,"ric":16,"rya":13,"rur":10,"run":18,"ruu":10,"ry ":11,"rsi":16,"rsa":63,"rsh":15,"rta":110,"rto":18,"rte":11,"rti":11,"rub":12,"saa":120,"sab":11,"sad":52,"sag":23,"sah":11,"sal":49,"sam":47,"sbi":14,"san":191,"sas":14,"sar":33,"say":43,"sa ":99,"sha":242,"sho":46,"she":41,"shi":83,"si ":68,"siy":42,"sid":91,"shu":10,"sil":13,"sim":38,"sii":82,"sig":32,"se ":61,"sh ":17,"see":14,"sow":16,"som":59,"soo":214,"soc":14,"su ":25,"sla":30,"sku":37,"ska":59,"so ":55,"sma":15,"حمد":15,"ste":15,"sta":66,"sto":28,"sti":41,"sub":11,"suf":12,"sug":13,"sul":11,"suu":22,"tal":42,"tag":10,"tah":87,"taa":194,"tad":13,"tay":60,"tar":33,"tan":31,"tam":13,"te ":13,"ta ":272,"bka":23,"biy":71,"bis":28,"bir":12,"bil":48,"bin":31,"big":38,"bii":37,"bo ":47,"bol":129,"bna":15,"boo":24,"bba":12,"be ":19,"ban":61,"bal":43,"bah":27,"bad":232,"baa":96,"bab":12,"bay":35,"bax":34,"bas":10,"bar":156,"bdi":25,"bdu":11,"bi ":69,"bee":145,"ber":11,"bey":12,"ca ":55,"car":35,"cas":13,"can":24,"cay":13,"cab":20,"cad":53,"caa":145,"cal":33,"cag":16,"bri":13,"bra":15,"bsa":11,"bta":33,"bti":13,"bur":20,"bul":12,"buu":52,"aka":19,"am ":40,"aki":23,"aji":27,"ajo":16,"qa ":12,"al ":136,"ahi":41,"qar":20,"qay":16,"aho":10,"qad":44,"qab":47,"qaa":149,"ahd":20,"qan":14,"qal":17,"ahe":26,"aha":697,"agm":13,"agt":24,"agu":76,"ago":29,"aq ":22,"qdi":38,"qda":17,"any":23,"ano":51,"ann":10,"ant":70,"ans":32,"ane":21,"ang":10," ال":46,"ani":87,"ank":185,"ana":385,"anb":26,"and":92,"amu":23,"amo":10,"amk":32,"amh":19,"ami":82,"ame":93,"amb":16,"ama":257,"aly":20,"qey":14,"alo":160,"alm":17,"all":22,"alk":165,"alg":17,"ali":424,"ald":14,"ale":110,"ala":480,"alb":42,"an ":924,"aba":194,"abd":37,"abe":56,"abi":146,"abk":18,"abo":40,"abt":38,"abu":36,"aca":130,"aab":114,"aac":13,"aaa":15,"aaf":38,"aag":64,"aad":398,"aaj":28,"aak":21,"aah":75,"aan":742,"aal":743,"aam":113,"aas":211,"aar":259,"aaq":41,"aaw":32,"aat":37,"aay":89,"aax":19,"ad ":334,"qiy":15,"ac ":19,"aa ":1110,"qii":10,"ab ":33,"afr":11,"aft":15,"afi":18,"aga":458,"age":12,"ah ":325,"afa":38,"ado":85,"adl":23,"adk":153,"adn":12,"adh":26,"adi":223,"add":96,"ade":66,"ag ":29,"adw":22,"adu":44,"aci":16,"ace":10,"Qar":12,"acd":15,"ada":1138,"af ":19,"acy":15,"acs":19,"qor":48,"qoo":60,"qof":24,"axi":13,"axm":15,"axo":15,"axu":15,"axa":702,"axb":16,"axd":50,"axe":90,"ayi":11,"ayo":52,"ayn":115,"ays":84,"ayu":13,"axy":16,"axw":26,"ayb":10,"aya":151,"ayg":11,"ayd":32,"aye":26,"ba ":84,"qur":24,"at ":11,"arg":25,"are":96,"ard":30,"arb":14,"ara":357,"aro":72,"arn":19,"arm":17,"arl":10,"ark":135,"ari":153,"aru":20,"ars":39,"art":72,"asa":99,"ary":14,"asi":106,"ash":156,"ase":12,"aso":31,"ask":17,"ar ":198,"as ":80,"aqa":111,"aqi":13,"aqo":51,"ax ":98,"awe":20,"ay ":932,"awa":46,"awl":31,"awi":33,"ata":37,"asu":12,"ast":33,"ato":18,"ate":17,"ra ":58,"ati":34,"ngi":20,"ni ":47,"Isl":11,"neh":11,"ng ":11,"nee":16,"nfu":25,"ney":14,"ne ":43,"ndh":18,"ndi":22,"nan":17,"nac":45,"nad":83,"nah":41,"nab":18,"naa":131,"Ito":28,"nbe":15,"nd ":69,"AXE":10,"AY ":10,"nba":11,"AXA":12,"nay":47,"nax":11,"na ":412,"Jab":13,"Jan":13,"Jam":22,"KA ":11,"KAL":10,"nya":38,"AAL":13,"ADA":25,"nuu":21,"nto":13,"nti":37,"nta":176,"nte":24,"nsi":15,"nsa":22,"AHA":14,"noo":67,"noq":18,"nna":11,"ALA":17,"nle":12,"no ":59,"nki":22,"nka":271,"AN ":16,"nii":13,"nih":11,"nig":39,"niy":10,"nis":15,"nim":17,"nin":39,"ogu":24,"oga":60,"Jub":11,"ol ":60,"oco":11,"odi":15,"of ":38,"oda":43,"ofe":10,"LA ":12,"د ":29,"oba":86,"od ":60,"obo":134,"obi":38,"ة ":21,"oyi":94,"oya":10,"owl":29,"ow ":45,"ost":14,"ota":10,"ose":28,"os ":15,"oon":114,"ool":98,"oom":198,"oof":13,"oog":60,"ood":123,"oob":124,"or ":39,"ooy":111,"oow":16,"oot":14,"oos":65,"oor":31,"Koo":13,"ore":44,"ori":14,"osa":11,"ort":21,"oqo":37,"oqd":11,"ora":61,"ola":52,"on ":52,"olk":99,"ole":20,"olo":14,"oly":10,"ona":28,"onf":25,"oni":16,"onk":11,"ons":12,"ont":14,"oma":298,"oo ":749,"omp":12,"la ":241,"le ":159,"laa":281,"lab":61,"lac":11,"lad":232,"laf":10,"lah":96,"lag":116,"lal":23,"lan":88,"lam":27,"las":21,"lay":70,"lba":15,"lbe":31,"kuw":22,"kuu":18,"kun":22,"kul":14,"kto":17,"MAD":13,"lom":11,"loo":176,"lmo":12,"lmi":13,"lma":10,"lsh":13,"Luu":11,"li ":92,"lga":16,"ley":29,"leh":35,"lee":98,"lo ":165,"lla":49,"lle":32,"lka":311,"lki":14,"lis":19,"lin":48,"lim":15,"liy":204,"lid":28,"lia":24,"lib":24,"lil":40,"lii":17,"lig":30,"ma ":133,"maa":361,"mac":36,"mah":24,"mad":229,"mag":226,"mar":193,"mas":14,"mal":133,"man":32,"may":23,"max":25,"mba":26,"mbe":10,"me ":19,"med":68,"mee":72,"mey":24,"luq":12,"luu":17,"مد ":15,"lya":33,"lyo":10,"Mar":22,"Mas":10,"Mag":51,"Mad":20,"Maa":17,"Max":25,"moo":35,"muq":17,"muu":16,"mul":10,"Mux":13,"mhu":20,"Muq":24,"Mud":14,"mi ":19,"min":17,"mil":14,"mis":11,"miy":27,"mig":18,"mid":170,"mij":10,"mii":25,"mo ":60,"mka":33},"n_words":[94077,109135,83288],"name":"so","type":"latin"}