{"freq":{"Зид":109,"Зим":114,"Зла":429,"­":109,"²":236,"í":92,"é":175,"á":86,"ó":108,"đ":1104,"ā":126,"Штр":168,"ć":1891,"Што":91,"Č":99,"č":4854,"Шта":397,"Ште":107,"Зај":154,"Зап":1249,"Зал":315,"Зак":122,"Зах":97,"Зас":107,"ž":2132,"Зав":113,"Зад":197,"Заг":404,"Š":118,"š":2843,"Шпр":125,"Зво":126,"Зве":122,"Збо":90,"Зем":492,"Зел":167,"Зег":102,"Шум":153,"Шко":107,"Шиб":265,"Шир":110,"Шпа":200,"Шле":1282,"Шма":86,"Зор":122,"Шва":417,"Шве":146,"Шал":83,"Шап":121,"Шам":410,"Шат":197,"Шар":556,"μ":130,"ν":216,"ο":340,"ι":229,"κ":120,"λ":186,"δ":101,"ε":168,"η":99,"α":396,"Шен":174,"Шер":106,"γ":103,"ά":102,"Шек":94,"Зуб":86,"σ":141,"ς":235,"ρ":204,"π":100,"τ":159,"ш":94950,"ф":29785,"х":46445,"ц":68619,"ч":65628,"р":436156,"с":355754,"т":321024,"у":311365,"џ":1310,"љ":35971,"ј":308122,"ћ":19548,"њ":47495,"Или":225,"ђ":11394,"Ј":17149,"Љ":527,"Њ":798,"Ћ":246,"Џ":1148,"Ђ":626,"И":5904,"Л":8844,"К":19940,"Н":11262,"М":15719,"П":32017,"О":9935,"Б":27505,"А":14540,"Г":10785,"В":12826,"Е":5430,"Д":13309,"З":6537,"Ж":1460,"Ш":7137,"Т":9123,"У":5062,"Р":18801,"С":31653,"Изр":126,"Ц":3268,"Ч":1717,"Ф":11461,"Х":16282,"л":188879,"к":286042,"и":710913,"п":216690,"о":641802,"н":481173,"м":187091,"г":133308,"в":226917,"б":84282,"а":837777,"з":105986,"ж":36683,"е":690251,"д":236545," ć":228," č":635," Č":97,"Инд":349,"Инс":87,"Инт":201,"Има":166,"Име":214,"Имп":88," ž":304," Š":118," š":593,"Ива":318,"Иак":105,"Изе":84,"Изв":129,"ل":83,"ا":150,"Ита":429,"Ирс":118,"Ира":123,"Ист":900," А":14517," Б":27484," В":12808," Г":10748," Д":13291," Е":5410," Ж":1459," З":6528," И":5862," К":19904," Л":8835," М":15676," Н":11244," О":9864," П":31853," Ђ":625," Љ":525," Ј":17141," Ћ":244," Њ":798," Џ":1146," α":83," б":24266," а":18333," г":25445," в":20362," е":9609," д":51232," з":20203," ж":6804," и":86886," л":8350," к":56435," н":57584," м":28129," п":94827," о":106930," Р":18752," С":31602," Т":9091," У":5047," Ф":11453," Х":15981," Ц":3264," Ч":1710," Ш":7130," ћ":799," њ":14264," љ":998," ј":100589," џ":140," т":19933," у":90576," р":27310," с":117389," ц":5947," ч":5875," ф":9403," х":4218," ш":6192,"Кад":128,"Кат":231,"Кап":162,"Као":168,"Кас":339,"Кар":1306,"Кал":923,"Как":158,"Кан":452,"Кам":420,"Каз":105,"Кај":141,"Ла ":84,"Куп":172,"Кур":248,"Кук":124,"Кул":160,"Кут":93,"Куз":132,"Кри":449,"Крс":142,"Кро":295,"Кру":300,"Кра":1299,"Кре":190,"Коњ":201,"Кош":104,"Кох":109,"Кот":211,"Кос":2912,"Кор":985,"Коп":201,"Кон":882,"Ком":414,"Кол":434,"Коз":193,"Код":100,"Ков":122,"Коб":165,"Кне":149,"Клу":161,"Кла":296,"Кли":168,"Кле":200,"Кло":88,"Кис":96,"Кир":248,"Кин":302,"Кер":95,"Кел":116,"Кен":184,"Лај":133,"Лав":93,"Лан":943,"Лау":243,"Лаз":155,"Лак":94,"Лен":108,"Леп":116,"Лео":127,"Лес":143,"Лет":239,"НК ":130,"Либ":219,"Лив":97,"Лим":199,"Лит":89,"Лис":112,"Лип":144,"Лин":222,"Лич":200,"Лиц":223," ја":1826," је":93577,"Лоа":476," љу":968,"Лоз":115,"Лон":298," њи":786,"Лот":96,"Лор":361," ње":13337," јо":756," ју":4367,"НУ ":87," њо":101," ће":734,"Луд":233,"Луц":83,"Лук":374," ра":8653," ре":13918," ри":921," пј":104," ро":2604," пр":45536," пт":139," пс":608," пу":1943," св":6584," си":3294," се":23555," сл":3656," см":1501," ск":1772," сп":2834," ср":16502," сн":827," со":2475," ру":1082," са":24552," тз":108," ти":1237," сј":428," тв":397," те":6410," то":2768," тр":4085," тк":114," сц":352," сх":94," ст":16984," су":11465," та":3595," тј":250," ук":888," уз":918," уж":105," уг":826," уд":840," ус":2032," ут":916," уп":1401," ур":494," ун":1058," уо":216," ул":992," ум":1152," ту":890," ув":475," уб":353," фо":1385," фр":763," фу":2034," фе":853," уј":191," фи":2888," фл":239," фа":1231," уч":922," уш":182," хр":1331," хо":601," ху":177," хи":633," хе":1026," хл":116," ха":273," цр":1684," ци":926," цв":109," це":2162," ца":1024," чу":291," чо":353," чл":773," чи":1933," че":1951," чв":130,"На ":568," ча":434,"Мал":538,"Мак":940,"Мад":118,"Маз":83,"Мас":129," шв":112,"Мар":1490," ша":327,"Мат":232,"Ман":533," ше":436," шк":548," ши":2335," шп":265,"Мач":118," шт":1839," шу":256,"Мађ":286,"Маг":109,"Мај":781,"Мез":119,"Мед":226,"Мес":117,"Мет":642,"Мел":120,"Мек":1028,"Мер":390,"Мен":198,"Међ":362,"Мла":173,"Мик":159,"Мил":998,"Мих":270,"Мин":381,"Мит":253,"Мис":115,"Мир":309,"Моз":210,"Мод":99,"Мос":300,"Мор":533,"Мол":130,"Мон":516,"² ":229,"Мур":119,"Нац":137,"Наг":213,"Нак":122,"Наз":173,"Нал":1049,"Нас":418,"Нап":155,"Нар":455,"Нев":147,"Од ":276,"Нај":450,"Нин":100,"Ниш":535,"Нид":112,"Ник":531,"Нем":539,"Нек":205,"Нер":93,"Нор":920,"Нов":1182,"Ноб":88,"аз ":491,"Ној":432,"ад ":7870,"ав ":760,"Он ":195,"аг ":169,"аб ":148,"ао ":7785,"ап ":117,"ам ":2217,"ан ":10929,"ак ":3202,"ал ":1554,"РЈ ":221,"Оаз":95,"Ово":323,"Ове":241,"Обр":159,"Обе":308,"Оби":118,"Ова":554,"Па ":301,"Оли":280,"Окр":343,"Оде":172,"авц":213,"аву":2060,"ага":974,"аги":364,"авј":94,"ављ":3634,"аге":519,"агр":1237,"агл":272,"агм":99,"агн":334,"аго":977,"агу":495,"ада":15920,"ади":3490,"аде":2838,"аду":3144,"адр":910,"адс":1188,"адо":1331,"адм":506,"адн":4147,"Опш":1002,"Ора":138,"Орг":87,"адњ":419,"аел":202,"Орл":171,"би ":1331,"аер":148,"аес":355,"ажа":324,"аже":556,"ажд":168,"Осв":136,"ажи":552,"Оск":121,"ажн":580,"Осн":326,"Осм":190,"ај ":2186,"Ост":672,"ажу":110,"Опе":165,"аба":540,"По ":294,"абл":408,"або":463,"абр":657,"абе":439,"аби":574,"ава":9441,"абу":169,"авн":5705,"авл":255,"абљ":86,"авк":265,"авс":891,"Оно":129,"авр":714,"бе ":991,"аво":2548,"аве":14288,"авд":102,"авг":575,"Она":164,"ави":16802,"алс":1372,"алт":594,"алп":116,"алн":9423,"бо ":129,"ало":1695,"алм":639,"алц":195,"алу":774,"алф":120,"алв":200,"алб":659,"ала":10846,"алк":547,"али":7292,"але":3111,"алд":1018,"алг":361,"амс":415,"аму":268,"амн":217,"амо":1815,"амп":780,"амб":552,"ама":5553,"ами":1178,"аме":2791,"анр":169,"ано":13152,"ану":5736,"анс":7532,"ант":3514,"анч":263,"анш":366,"анц":5831,"ана":8086,"анд":4157,"анг":1007,"ани":15172,"анз":207,"ане":2427,"анл":86,"анк":1530,"амј":97,"анџ":130,"аор":109,"аоц":85,"аоб":176,"анђ":145,"аон":418,"азу":880,"азо":538,"аљ ":458,"азн":730,"азм":274,"ажњ":102,"азл":1135,"ази":7146,"азе":707,"азг":86,"азд":502,"азб":116,"азв":1306,"аза":1339,"ањ ":588,"бл ":88,"аил":149,"аку":907,"акт":1696,"акц":534,"акш":91,"акл":273,"акн":144,"акм":1192,"ако":4032,"акс":2478,"акр":275,"акв":306,"аке":1255,"аки":556,"ака":2323,"ах ":1503,"аф ":127,"ć ":324,"ач ":958,"ац ":3942,"Пал":2844,"Пак":125,"Пар":781,"ас ":1347,"Пан":253,"Пав":221,"Паз":97,"Пас":164,"Пат":127,"ар ":7524,"ау ":935,"ат ":5190,"СР ":195,"Пла":286,"Пли":97,"Пле":203,"ба ":1983,"Пиј":157,"Пит":117,"Пик":455,"Пин":119,"Пир":890,"аш ":324,"Пећ":96,"Пет":882,"Пес":116,"Пер":500,"Пен":104,"Пел":147,"Пчи":125,"Џеј":167,"Са ":86,"ТВ ":182,"Поб":94,"Пов":174,"Поа":233,"Пож":269,"Под":816,"Пок":135,"Поз":146,"Пон":117,"Пол":384,"Пом":1052,"Пој":141,"Пољ":527,"Пор":439,"Поп":218,"Пот":421,"Пос":2261,"При":2140,"Пре":8305,"Прв":934,"Про":918,"Пра":388,"Прњ":91,"Рим":354,"Рис":97,"Риб":123,"Риј":90,"Рот":220,"Рођ":159,"Роз":94,"Рон":456,"Ром":159,"Роб":215,"č ":155,"Рог":222,"Род":147,"Рач":90,"Рас":264,"Рат":180,"Раш":217,"Рад":602,"Раз":142,"Рав":210,"Ран":169,"Рам":88,"Рак":105,"Рај":3464,"Рег":203,"Реч":123,"Реп":6121,"Рен":315,"Рем":99,"Рек":143,"Акв":410,"Ака":112,"Але":602,"Алз":106,"Али":168,"Алб":402,"Ала":116,"Алт":379,"Алп":608,"Амб":86,"Ама":100,"Аме":543,"Анд":310,"Анг":149,"Сад":314,"Саб":121,"Ана":188,"Сав":772,"Сан":433,"Сао":220,"Сал":228,"Сам":255,"Сак":1964,"Анс":83,"Ант":461,"Сау":85,"Сас":150,"Сар":597,"Анх":325,"Анђ":98,"Апо":93,"Рус":825,"Рум":494,"Рук":87,"Руд":247,"Ага":84,"Адм":355,"Ази":247,"Азу":140,"То ":455,"Сло":1071,"Сме":197,"Сма":124,"Ску":98,"Ско":232,"Сли":85,"Сла":799,"Ска":113,"Срп":4201,"Спо":152,"Срб":3494,"Сре":1205,"Сон":87,"Соц":253,"Спа":137,"Спл":118,"Спи":169,"Сов":165,"Сок":210,"Сом":238,"Сол":177,"Сев":1163,"Џор":106,"Џон":221,"Све":1041,"Сви":102,"Сва":118,"Сил":112,"Сим":270,"Син":185,"Сир":125,"Сис":300,"ВЈ ":118,"Сек":103,"Сел":387,"Сед":576,"Сер":251,"Сем":83,"Сен":765,"Бру":152,"Бри":492,"Бро":346,"Бра":1319,"Брд":115,"Бре":491,"š ":86,"Тар":199,"Тау":93,"Тан":138,"Так":280,"Бос":5750,"Бон":160,"Бор":452,"Бок":92,"Бол":109,"Бож":132,"Тај":125,"Боб":83,"Бод":117,"Бог":382,"Бој":140,"Бла":154,"Биб":121,"Бис":191,"Бит":519,"Бир":183,"Бин":118,"Био":412,"Бил":291,"šć":176,"Ајф":238,"Ајх":175,"Биј":195,"Беч":173,"БиХ":287,"Ста":912,"Сти":143,"Сте":486,"Стр":358,"Сто":282,"Сту":125,"Без":118,"Суд":249,"Бел":521,"Бек":95,"Бен":320,"Сун":370,"Бео":1668,"Бер":907,"Суп":90,"Бет":112,"Бањ":358,"Бај":268,"Бач":119,"Бау":104,"Бат":131,"Бар":635,"Тро":185,"Бал":373,"Трн":93,"Бан":484,"Три":351,"Бад":1635,"Тре":550,"Баб":113,"Бав":2112,"Тра":430,"Тул":87,"Тур":462,"Топ":250,"Том":239,"Тор":137,"Ток":171,"Тит":113,"Тих":87,"Тир":1042,"Тим":218,"Сје":411,"Афр":304,"Аус":436,"Аут":151,"Ати":273,"Атл":356,"ФК ":379,"Ата":245,"Арв":84,"Арг":112,"Ара":348,"Тек":85,"Ард":374,"Тео":217,"Ари":102,"Тел":164,"Тес":146,"Тер":251,"Арм":86,"Арт":149,"Арх":112,"Врх":140,"Врб":141,"Вра":229,"Вул":164,"Вук":248,"Вор":124,"Вод":118,"Вол":243,"Вог":102,"Вој":653,"Вид":142,"Вин":286,"Вик":124,"Вил":360,"Виз":162,"Вит":360,"Вир":1331,"Вис":149,"Виш":338,"Бје":189,"Виј":137,"Вла":763,"Вер":279,"Вес":907,"Вел":1090,"Вен":217,"Вез":142,"Тут":88,"Вај":429,"Ваљ":108,"Вас":189,"Вар":502,"Вал":502,"Ван":167,"Уст":141,"Упр":237,"Унт":105,"Уни":389,"Укр":132,"Бук":174,"Бул":140,"Бур":592,"Буг":354,"Буд":232,"Буз":86,"Буј":88,"Гис":85,"Др ":85,"До ":877,"Гли":92,"Гла":528,"Фак":100,"Фар":105,"Гра":1813,"Грб":96,"Гре":246,"Гри":146,"Гро":269,"Гру":261,"Грч":384,"Год":132,"Гор":2705,"Гос":206,"Гот":135,"Гол":158,"Фер":187,"Фед":1501,"Фил":509,"Фир":118,"Фин":97,"Ује":238,"Фле":186,"Фоч":111,"Фон":130,"Фор":279,"Фра":5371,"Фри":175,"Гал":207,"Фре":186,"Гар":335,"Гац":85,"Гај":99,"Фуд":232,"Гер":273,"Гео":143,"Ген":166,"ア":111,"Диј":83,"Дит":144,"Дир":130,"Дис":105,"Дио":94,"Дип":97,"Дим":140,"Дин":131,"Ен ":161,"Ер ":150,"Хар":369,"Хас":91,"Хал":153,"Хам":142,"Хан":247,"Доњ":1845,"Дон":322,"Дом":284,"Дол":169,"Дор":179,"Доб":482,"Дри":109,"Дре":135,"Држ":378,"Дра":512,"Дру":869,"Дун":151,"Дуб":334,"Дуг":84,"Душ":140,"Хај":361,"Хип":87,"Хил":214,"Хел":153,"Хен":110,"Хем":86,"Хер":6097,"Хес":450,"Хрв":3210,"Хри":165,"Хое":93,"Хор":121,"Хол":1488,"Хох":95,"Дал":436,"Дав":86,"Дан":479,"Дам":130,"Дар":218,"Дво":149,"Хун":181,"Дев":98,"Дем":212,"Дел":197,"Дер":133,"Ден":132,"Деч":93,"Дес":132,"Деј":200,"Цар":168,"Ест":109,"Епи":167,"Епа":99,"Енг":213,"Енд":111,"Еми":93,"Еле":145,"Ели":91,"Цер":116,"Цет":121,"Цел":161,"Цен":445,"Црв":222,"Црк":191,"Црн":1110,"Еге":91,"Еги":147,"Евр":809,"Чар":97,"Чеш":130,"Чес":89,"Чет":114,"Чел":87,"Жан":101,"За ":264,"Жив":194,"Жир":124,"Жен":115,"Жер":101,"лај":601,"лањ":114,"лбр":87,"лбу":532,"лва":233,"лаз":5049,"лаж":295,"лал":90,"лам":651,"лак":571,"лар":955,"лан":5765,"лау":200,"лас":3936,"лат":4598,"лаш":484,"лач":526,"лац":1124,"лах":123,"лба":351,"лбе":269,"лађ":217,"лго":231,"лги":122,"лда":152,"лде":413,"лди":101,"лдб":91,"ме ":4180,"лви":91,"лге":138,"лга":84,"ма ":25410,"лаб":226,"лав":5743,"лаг":702,"лад":2173,"кши":181,"кућ":321,"куј":354,"кус":263,"кут":125,"куш":199,"кул":1691,"кум":252,"кун":133,"лц ":163,"куп":1701,"кур":384,"кци":1655,"кош":268,"кох":141,"кођ":505,"коњ":158,"кој":46468,"лт ":421,"крв":211,"кре":1287,"кра":4330,"кри":1665,"кру":15138,"лу ":3102,"кро":885,"крс":287,"крш":123,"кса":656,"ксе":256,"кси":900,"ксо":2107,"ксн":118,"кст":498,"ксп":269,"ксу":269,"кта":463,"кте":692,"кти":1369,"ктн":244,"кто":1404,"ктр":790,"кту":4907,"кла":1570,"ло ":9505,"кло":812,"кли":774,"кле":1389,"клу":905,"кми":1187,"кне":270,"кни":220,"коб":278,"ког":8112,"ков":3602,"кну":107,"ком":10764,"кон":3999,"лс ":170,"коо":112,"коп":907,"кор":2532,"кос":446,"кот":489,"код":1658,"кож":96,"коз":151,"кок":257,"кол":2479,"кид":186,"кив":177,"кин":661,"ким":2487,"кил":447,"киј":370,"кић":129,"кињ":125,"лм ":881,"кип":134,"кир":398,"кис":271,"ких":13568,"киш":101,"ле ":4253,"кво":109,"кви":2552,"кед":760,"кеа":264,"кеј":173,"ли ":11349,"кен":534,"кел":235,"кет":218,"кер":419,"кањ":169,"лд ":1252,"кај":91,"кве":793,"ква":1006,"кат":1296,"кау":101,"кар":2613,"кас":751,"као":4364,"кап":295,"кам":527,"кан":1752,"как":575,"кал":1288,"каж":125,"каз":991,"каш":243,"кац":648,"каб":115,"кав":369,"кад":1624,"лб ":126,"ла ":11363,"кт ":360,"ку ":4779,"ићу":167,"кс ":487,"иљу":112,"иња":733,"иње":1591,"ињи":131,"ињс":371,"ко ":11086,"ињу":98,"ића":1051,"иће":486,"ићи":1351,"ићк":102,"ије":18649,"ија":26005,"км ":243,"ијо":1259,"ији":11828,"ијс":4230,"ију":3169,"иља":489,"иље":460,"иљн":91,"иљк":320,"ки ":15059,"ке ":16319,"нва":203,"од ":26954,"нбу":2054,"нбе":511,"нај":4359,"нањ":237,"нађ":92,"нба":320,"нах":325,"нац":1791,"нау":1444,"нач":3335,"наш":893,"нао":86,"ог ":17762,"нан":525,"нам":1269,"нал":7610,"нат":5956,"нас":17476,"нар":3487,"нап":984,"наж":99,"нае":414,"над":1326,"наг":937,"нак":1382,"наи":83,"наз":1926,"нде":1146,"нда":1820,"нгу":126,"нгт":100,"нго":298,"нгс":87,"нгр":162,"нгл":815,"нги":1043,"нге":1637,"нгв":164,"нга":390,"нви":125,"нве":215,"неш":165,"нже":149,"нек":2076,"нел":235,"нем":1023,"нен":721,"нео":346,"неп":695,"нер":1881,"нес":797,"нет":980,"неу":227,"неф":87,"нец":104,"нег":385,"нев":413,"неб":279,"неа":117,"нез":804,"неж":223,"нед":404,"нди":1494,"оз ":466,"ндо":1219,"ндс":442,"ндр":728,"нду":438,"нив":1382,"низ":2908,"ник":12010,"нид":108,"ниг":102,"ниж":128,"нзо":88,"ок ":1611,"нза":186,"нзи":538,"нзе":237,"неј":878,"оа ":446,"ов ":1648,"нав":745,"наб":169,"об ":174,"мпс":94,"мпо":410,"нт ":1409,"мпл":372,"моћ":512,"мпи":804,"мпе":520,"мпа":795,"моч":117,"моц":131,"моу":89,"мот":526,"мрт":332,"мро":192,"ну ":15940,"мпј":83,"мрл":89,"мре":223,"мск":2421,"三":157,"丁":86,"нц ":300,"мун":1141,"мул":381,"муз":898,"мус":132,"мур":117,"муч":159,"муш":457,"нш ":306,"мци":104,"мењ":500,"мељ":149,"мећ":198,"нк ":147,"мик":370,"мил":886,"миз":88,"мид":103,"мич":1375,"миц":536,"миш":727,"мин":3851,"мим":241,"мио":91,"мис":825,"мир":1661,"мит":950,"миј":1533,"мињ":179,"мић":122,"Љуб":331,"мла":438,"но ":31892,"мна":346,"мне":116,"мни":309,"мно":823,"моб":172,"мод":539,"мог":1314,"мов":616,"моз":267,"мож":885,"мон":1010,"мом":420,"мол":368,"мок":358,"мос":2613,"мор":2662,"нс ":374,"маљ":216,"мај":1350,"маћ":267,"мањ":980,"мбе":1510,"мби":327,"мбу":200,"мбо":455,"нд ":1390,"мбр":845,"маш":262,"мац":1084,"мач":12755,"мах":140,"мађ":207,"мба":1378,"мал":1443,"мак":415,"мад":341,"мат":3328,"мас":545,"мар":1689,"нг ":1021,"мао":200,"ман":7905,"мам":150,"маг":535,"Јов":351,"меј":166,"међ":2287,"мех":195,"меш":617,"мес":3136,"мет":3201,"мен":7145,"ни ":34617,"мер":4603,"мек":210,"мел":176,"мем":128,"мед":1023,"мев":268,"мде":84,"не ":27271,"Јон":92,"лшт":1289,"Јад":173,"Јаб":184,"Јав":91,"Јаг":89,"Јан":158,"Јап":177,"Јак":157,"Јас":196,"лце":157,"лци":100,"лцл":114,"лха":148,"Јел":179,"на ":57921,"Јез":144,"Јед":11541,"Јев":137,"Јер":216,"лпи":612,"лој":304,"лпс":100,"лош":1201,"лоч":242,"му ":1793,"лни":2506,"лне":2152,"лно":2998,"лму":125,"лмс":356,"лна":907,"лоз":717,"лок":686,"лог":3009,"лод":251,"лож":580,"лоп":543,"лор":387,"лос":501,"лот":376,"лол":105,"лом":1605,"лон":784,"мс ":231,"лну":1948,"лов":5701,"лоб":930,"лут":258,"лус":300,"луч":438,"луц":348,"лул":94,"лук":379,"луп":108,"луо":194,"лун":148,"лум":724,"луг":281,"луб":1026,"луж":723,"луз":136,"луј":149,"лфр":88,"лфе":131,"лфи":86,"лфа":117,"лст":128,"лск":1883,"лса":106,"лту":760,"лто":95,"лти":229,"лте":881,"лта":559,"лећ":152,"лза":115,"лиг":1118,"лид":159,"либ":192,"лив":576,"лиз":1529,"лиж":310,"лил":191,"лим":1734,"лик":11361,"лдо":133,"лдс":84,"леа":196,"леб":189,"леж":344,"лез":1467,"лев":722,"Југ":1256,"лег":313,"лед":1839,"Јуж":557,"лес":1364,"лер":1174,"леп":226,"Јур":133,"лео":258,"ми ":812,"лен":2926,"лем":1370,"лел":128,"Јул":83,"лек":2393,"леш":105,"леч":125,"леф":108,"леу":115,"лет":1196,"леј":185,"леђ":138,"лкр":243,"кљу":617,"књи":1112,"мо ":1125,"лма":835,"лмо":236,"лме":86,"лих":503,"лиц":2558,"лич":2364,"лиш":305,"лис":1427,"лит":3381,"лиф":251,"лин":3445,"лио":440,"лип":305,"лир":152,"лић":519,"лиј":3989,"лко":146,"лка":612,"пас":269,"пат":651,"пац":228,"паш":107,"пав":93,"пад":14312,"паг":84,"паж":106,"пак":284,"пам":140,"пал":338,"пао":90,"рг ":5715,"пан":3250,"пар":6224,"пап":134,"пај":236,"пањ":487,"рд ":408,"ођа":440,"ре ":3735,"ође":2085,"ра ":11124,"рб ":143,"пил":207,"пик":84,"пир":430,"пио":186,"рл ":93,"пин":427,"пит":636,"пис":10327,"пиш":133,"оја":11213,"оје":9859,"ојв":646,"оји":9116,"пиј":1084,"ојк":186,"ојн":1254,"пић":150,"ојм":157,"ојо":880,"ојс":808,"оју":1151,"ојт":161,"ојц":174,"ојш":127,"оља":608,"оље":731,"ољи":259,"ољс":462,"рн ":846,"ољо":106,"ољн":234,"ољу":345,"пла":1577,"оња":1770,"оњи":617,"пли":958,"пле":749,"оње":264,"пло":805,"ро ":1261,"оће":109,"оћи":182,"пед":320,"пев":364,"ри ":8692,"пер":2735,"пес":743,"пет":618,"пек":270,"пел":585,"пен":599,"пец":408,"пеш":318,"пећ":129,"рк ":422,"пиз":88,"ори":9358,"орз":85,"орд":1293,"оре":3647,"орв":124,"орг":2732,"орс":1818,"оро":1886,"пу ":455,"орп":370,"орм":2476,"орн":1996,"опљ":214,"орк":370,"опш":35593,"опу":756,"опт":202,"опс":1008,"орб":607,"ора":4078,"нџа":125,"опе":978,"опи":8685,"опн":248,"опо":1046,"опр":619,"опл":534,"оос":176,"оор":106,"опа":674,"оте":1270,"отк":354,"отл":140,"оти":2195,"осј":1754,"ото":1607,"отп":577,"отн":337,"оту":206,"отр":1043,"отс":417,"осф":169,"осу":428,"отв":376,"ота":1137,"орђ":198,"осе":1479,"оси":1742,"орј":175,"оск":422,"осл":4652,"орњ":1483,"осм":2386,"осн":8035,"осо":1921,"осп":343,"оср":231,"орџ":88,"ост":12354,"ору":1182,"орт":1154,"орф":1119,"орц":137,"оса":1233,"осв":640,"омн":289,"омл":99,"оми":1500,"оме":4149,"омб":447,"ома":3081,"олш":1216,"олц":286,"олу":1267,"олф":220,"олс":304,"олт":167,"олн":318,"по ":2745,"оло":4064,"олк":138,"олм":112,"оле":1477,"оли":4441,"олд":233,"ола":2070,"окр":16250,"окс":337,"окт":753,"оку":1463,"око":3712,"онс":1810,"онт":1672,"онц":357,"ону":5169,"онф":228,"они":5926,"онз":280,"онк":246,"пр ":139,"оно":2541,"она":7689,"онв":188,"онб":88,"онд":758,"онг":338,"оне":1433,"омо":1831,"омп":1100,"омс":686,"ому":652,"оша":382,"оши":323,"оше":324,"ошк":1178,"ошл":182,"ошт":538,"оча":344,"очи":758,"оче":1097,"очн":3498,"оцј":1629,"очу":83,"ошћ":293,"офе":855,"офа":229,"оуч":265,"офт":139,"офо":217,"офс":147,"офи":650,"оуг":194,"оуп":90,"оуз":104,"оца":171,"оце":938,"оци":1593,"оха":159,"охе":282,"охр":88,"охи":547,"охо":201,"оба":2774,"оат":253,"оар":591,"оан":147,"овг":89,"ова":11175,"обу":821,"обр":1721,"обо":1375,"обн":584,"обл":2580,"оби":2413,"обз":108,"обе":1299,"Њен":125,"па ":2144,"Њег":294,"оис":1849,"оим":1253,"оћ ":160,"нљи":100,"оки":368,"окл":297,"оке":600,"ока":1581,"окв":1772,"ожи":330,"ој ":44878,"ожђ":85,"озв":134,"ози":1003,"озе":676,"оза":1830,"ожј":112,"озо":1076,"озн":2962,"оид":1008,"оиз":729,"Њуј":106,"одм":327,"одн":4424,"одл":481,"оди":8562,"оду":1182,"одр":3378,"одс":582,"одо":1134,"одњ":237,"оен":147,"пи ":1059,"оже":1557,"ожд":83,"ожа":629,"ове":6236,"обљ":196,"овл":133,"ови":13959,"обј":733,"ово":5370,"пе ":1159,"овн":11503,"ову":980,"овр":1263,"овс":742,"овч":112,"овц":697,"ога":1828,"нђе":269,"оге":687,"оги":1839,"овј":1495,"овљ":259,"огл":656,"огн":99,"ого":1533,"огр":4802,"огт":183,"огу":1193,"одб":375,"ода":2535,"одг":540,"одв":356,"оде":2259,"оу ":269,"нро":158,"нри":135,"ноћ":177,"от ":628,"нпр":136,"ној":19200,"нот":238,"нос":7574,"ноф":97,"нош":420,"ноп":192,"нор":440,"нон":275,"ноо":172,"ос ":2917,"нол":379,"ном":7402,"нок":125,"ноз":97,"нож":162,"ног":6852,"нод":143,"ноб":292,"нов":16704,"ноа":173,"ор ":3231,"оп ":397,"нла":112,"нли":105,"он ":5316,"нко":648,"нкр":96,"нкт":107,"нку":283,"мљу":151,"нкц":621,"мља":354,"нка":850,"нки":337,"мљи":386,"мље":717,"нке":437,"ом ":22463,"нић":400,"ниј":12404,"мје":4955,"нир":517,"нис":2501,"нит":625,"нил":406,"ним":4578,"нин":1402,"нио":253,"ол ":661,"нич":2890,"ниш":4604,"ниф":141,"них":6787,"ниц":5694,"ншт":373,"нче":230,"нчи":115,"нча":188,"нце":702,"нци":2151,"нца":651,"нцу":5237,"нхе":115,"нха":822,"ош ":929,"нхо":113,"нфе":414,"нфо":322,"нуа":555,"нум":116,"нул":184,"нук":195,"нус":137,"нуо":120,"нут":1477,"нсф":160,"нта":3191,"нте":2285,"нти":6056,"нтс":456,"нту":323,"нто":871,"нтн":454,"нтр":2081,"нса":348,"нсб":322,"нск":21333,"нси":1508,"нсе":243,"нст":2320,"нср":148,"нсп":163,"нсо":221,"оф ":272,"саз":225,"сак":730,"сал":373,"сам":1848,"сан":1886,"сао":546,"саб":166,"сав":12830,"саг":142,"сад":723,"сач":444,"сар":487,"сат":1303,"сас":2383,"сау":119,"сац":438,"сањ":362,"сај":140,"тд ":136,"сба":232,"сбе":307,"сва":1042,"сбу":542,"сво":2081,"те ":6016,"свр":218,"све":3473,"сви":792,"рђа":295,"свј":110,"рђе":430,"сдо":330,"себ":683,"сев":3037,"сег":95,"сез":327,"сед":1857,"сел":1535,"сек":671,"сеп":618,"ти ":10122,"сео":160,"сен":1313,"сем":200,"сет":704,"сес":115,"сер":1186,"сец":168,"сеч":136,"сељ":14369,"сеј":202,"сећ":267,"сењ":205,"сиг":253,"сид":147,"сив":302,"рја":155,"рје":274,"сич":228,"сис":1247,"сит":283,"сир":1615,"сих":600,"сиф":177,"сик":192,"син":1494,"сио":533,"сил":738,"сим":906,"скв":125,"ске":7702,"ски":22959,"рљи":86,"ска":16636,"сиј":1688,"сиљ":91,"сињ":146,"сић":118,"рњи":454,"сли":1408,"рње":277,"сле":1944,"рња":1169,"сла":3221,"ску":1728,"скр":678,"ско":23421,"скл":305,"сми":426,"сме":837,"сма":1176,"АЈ ":245,"слу":1437,"сло":3155,"то ":10724,"скљ":114,"сна":1061,"сне":1878,"сни":6625,"смо":2197,"смр":275,"соб":1187,"сов":2446,"сок":416,"сол":242,"сом":308,"тр ":138,"сно":4183,"сну":121,"спе":1119,"спа":703,"спл":139,"спи":697,"соф":144,"сор":646,"соп":287,"сон":2669,"соц":896,"сре":14058,"ту ":6826,"сро":147,"сри":173,"спу":160,"спо":2462,"спр":728,"рпу":136,"рпс":6643,"рпр":93,"су ":17733,"роц":2456,"роч":246,"рош":621,"рот":1629,"роу":489,"роф":1077,"роп":1727,"рор":221,"рос":2133,"ст ":4278,"рпо":293,"рој":2351,"рођ":922,"рпе":118,"рпа":88,"рта":1010,"рст":3136,"рсх":160,"ртн":153,"ртм":4491,"ртс":303,"ртр":100,"рто":516,"рте":1621,"ртв":127,"рти":1376,"рса":168,"рск":8319,"рсл":95,"рсо":156,"рсн":119,"рсб":203,"рсд":115,"рсе":238,"рси":314,"руш":1238,"руч":948,"рфи":96,"руј":409,"рфе":114,"рфо":135,"рту":311,"руа":505,"руб":149,"руз":135,"рук":1051,"руг":17782,"руд":207,"руж":1022,"руп":2147,"рус":775,"рут":180,"рум":339,"рун":279,"рца":147,"рце":6006,"рцг":111,"рцв":90,"рци":365,"рцо":146,"рха":299,"рхе":608,"рхи":1027,"рхо":272,"АД ":350,"рху":132,"ршт":219,"ршн":146,"рши":1285,"ршк":166,"рше":452,"рша":332,"рчк":1174,"рчи":96,"рча":87,"АП ":94,"та ":24494,"рад":15222,"рае":112,"раж":1067,"раз":4405,"раб":340,"рав":5728,"раг":886,"рам":3023,"ран":15671,"рао":659,"рап":559,"рак":1642,"рал":3181,"рах":410,"раф":1317,"рач":1292,"рац":2825,"рас":1831,"рар":136,"рау":311,"рат":5078,"рба":695,"раш":666,"рби":3548,"рбе":475,"рађ":1238,"рбо":328,"рањ":1384,"раћ":751,"рај":4293,"раљ":1551,"рбу":351,"рва":5445,"рдс":106,"рду":314,"рдн":105,"рдо":475,"рди":1053,"рде":834,"реб":1934,"рев":1509,"рег":7841,"ред":21162,"реа":613,"рдф":196,"реф":4512,"реу":146,"рет":2436,"рес":1742,"рер":230,"реп":1358,"си ":1735,"рео":463,"рен":3928,"рем":12715,"рел":899,"рек":3409,"реи":116,"рез":1388,"реж":768,"рже":168,"ређ":1332,"ржа":14645,"реч":1314,"реш":535,"рех":110,"рец":293,"рвн":173,"се ":16756,"рво":1461,"рве":1500,"рви":1598,"рга":2899,"рву":294,"рвц":130,"рго":513,"рге":622,"рги":440,"рдв":110,"рда":653,"ргу":233,"риш":1433,"пје":186,"рио":1442,"сл ":142,"рип":10260,"рим":2792,"рин":3442,"рик":1650,"рил":1573,"риц":1301,"рич":2529,"риф":333,"рих":484,"рит":3451,"рир":799,"рис":3789,"пља":339,"рка":895,"рки":242,"пљи":88,"ркв":1089,"рке":414,"пље":324,"риј":9688,"рињ":113,"рић":295,"рза":189,"ржи":374,"реј":705,"рећ":815,"рењ":498,"риб":747,"риг":881,"рив":1495,"рид":656,"риз":1001,"риж":129,"рзи":967,"рзо":108,"ск ":101,"рнк":113,"рни":2602,"рне":1342,"рнб":105,"рна":2309,"рму":235,"рмс":114,"рмо":317,"рок":955,"рол":836,"ром":2696,"рон":2160,"рож":168,"роз":1124,"рои":2993,"ров":3353,"рог":2212,"род":5445,"роа":193,"роб":830,"рну":227,"рно":3320,"рле":211,"рли":396,"рла":605,"рку":269,"ркт":206,"рко":589,"рме":465,"рми":1450,"рма":1859,"рло":695,"со ":105,"рлс":110,"пра":4356,"прв":2403,"при":15354,"пре":17090,"про":11337,"ру ":5752,"поп":7996,"пор":3359,"пос":5163,"пот":2258,"пох":118,"поч":1072,"пош":263,"пој":1887,"пољ":1013,"рт ":1206,"пно":461,"пое":108,"под":4064,"пог":482,"пов":2442,"поб":402,"рс ":235,"пон":1141,"пом":1383,"пол":3072,"пок":1589,"поз":2822,"оћу":157,"оћн":181,"пне":188,"пна":116,"пни":227,"пуш":177,"рч ":111,"пуњ":88,"пуб":6548,"пту":139,"пун":422,"рц ":99,"пус":393,"пут":1505,"пук":115,"пул":497,"пта":194,"пст":361,"рх ":203,"пто":209,"пти":395,"пте":647,"пса":91,"прс":111,"пру":342,"псо":194,"рф ":929,"пск":7893,"пси":594,"псе":135,"пшт":36823,"пче":98,"пци":231,"пхо":118,"са ":8016,"вао":651,"вар":4393,"вас":221,"ват":5276,"вац":1889,"вач":2332,"ваљ":162,"вај":2438,"вањ":3929,"ге ":1625,"вад":467,"ван":5104,"вам":274,"вал":2173,"вак":1047,"ваз":458,"важ":509,"га ":15953,"бух":516,"буш":92,"бун":179,"бум":473,"бул":126,"бук":180,"бус":106,"бур":3775,"буд":350,"буг":130,"буб":88,"врђ":432,"вск":2068,"вст":354,"вра":364,"врд":211,"вре":2511,"ври":173,"врл":169,"врс":1575,"гу ":3405,"вро":1134,"врх":345,"врт":434,"врш":1750,"вођ":799,"вој":4438,"вољ":474,"вол":443,"вок":137,"воз":273,"вод":3129,"вог":1645,"вов":377,"воб":187,"воа":91,"вот":981,"воу":181,"вор":3081,"вос":856,"вом":1630,"вон":796,"вни":13918,"вне":1253,"вна":1125,"вну":306,"вно":4495,"гр ":172,"вла":1894,"го ":717,"вко":88,"бље":277,"вка":213,"бља":290,"вић":3354,"вињ":156,"виј":2182,"виш":1683,"виц":1060,"вич":586,"бје":512,"виђ":131,"бја":446,"виз":1047,"вил":1408,"вик":313,"вин":8161,"вим":1946,"вио":870,"гл ":123,"вис":1551,"вир":2019,"вит":1026,"вих":1104,"вив":88,"виг":1474,"вид":967,"већ":2150,"веш":575,"веч":174,"вец":113,"вес":693,"вет":3813,"вер":6835,"вен":4778,"ги ":980,"вео":533,"вел":2599,"вем":722,"век":1758,"вез":13652,"веж":185,"вег":170,"вед":952,"веб":100,"вде":113,"вда":83,"вгу":597,"ва ":17876,"бак":147,"баз":278,"бан":881,"бам":152,"бал":2686,"бав":1092,"баб":84,"ачн":488,"ачи":1962,"ачк":16987,"ачу":748,"аше":304,"аша":706,"ашн":83,"ашк":841,"аши":740,"ашт":708,"ашћ":92,"ашњ":1176,"афа":126,"ауч":504,"ауц":95,"аус":384,"аут":1011,"аур":188,"аун":269,"аул":105,"аум":107,"аук":567,"ауз":840,"ауе":242,"ауд":139,"ахв":170,"аха":309,"афр":145,"афс":527,"афи":664,"афе":332,"аца":895,"аце":128,"ахо":294,"аху":91,"ахт":162,"ахи":208,"ача":2246,"ачв":93,"аче":1192,"аци":9797,"ацк":104,"апу":221,"апс":380,"апт":123,"апр":1018,"апе":351,"апа":4871,"апо":620,"апл":119,"апи":905,"арх":1394,"арц":510,"арс":6391,"арт":6536,"ару":699,"аса":1276,"арш":342,"аре":1441,"ард":1546,"арб":390,"ара":7231,"арг":210,"арв":113,"арн":2120,"арм":468,"арп":116,"аро":3543,"бу ":460,"ари":4397,"арл":1030,"арк":1412,"асу":214,"аст":10621,"ата":4681,"аси":1271,"асе":15255,"асл":611,"аск":500,"асп":712,"асо":748,"асн":1469,"ату":1549,"ауб":95,"атв":223,"ате":3408,"ати":9099,"атл":474,"атк":530,"атн":1447,"атм":93,"ато":2391,"атс":4507,"атр":1269,"бож":165,"бол":831,"бом":290,"бок":146,"бог":924,"бод":695,"бов":463,"бор":1861,"бон":136,"бот":221,"бос":184,"бни":336,"бна":134,"вр ":135,"бно":688,"брн":93,"бро":2384,"ву ":4383,"брз":284,"аџи":118,"бри":1202,"бре":580,"брд":174,"бра":2962,"бру":739,"бољ":521,"бој":722,"бођ":100,"аља":600,"аљи":242,"аље":1718,"ајњ":180,"аљо":121,"аљу":134,"биш":118,"бич":725,"ајб":530,"аја":2689,"ајг":83,"ајв":1567,"аје":3121,"ајд":438,"ајз":386,"аји":1314,"биј":4013,"биљ":565,"ајк":465,"бињ":212,"ајл":672,"бић":203,"ајм":1497,"ајн":7063,"ајо":227,"ајп":549,"ајр":167,"ајс":1200,"ајт":407,"ају":3999,"ајф":161,"ајх":127,"ајц":375,"ајч":467,"аћа":316,"аћи":320,"аће":606,"бла":1682,"ања":4048,"бли":8473,"ањи":632,"бле":479,"ање":5548,"бло":178,"ањо":120,"во ":5192,"ањс":162,"ању":1132,"беј":91,"беђ":131,"ви ":16486,"бео":120,"бен":1184,"бет":151,"бес":248,"бер":3715,"без":706,"бед":465,"бел":853,"бек":184,"бег":170,"биц":333,"бир":422,"бит":1370,"бис":240,"бим":119,"бил":6721,"био":4368,"бин":1064,"биб":102,"бив":1525,"бзи":113,"ве ":5887,"бањ":123,"бај":140,"бат":207,"бас":218,"бар":2176,"бац":280,"бах":889,"баш":126,"бач":343,"ађу":117,"ађи":181,"ађе":817,"ађо":95,"ађа":1192,"дбе":122,"дби":132,"дај":799,"даљ":844,"дањ":368,"дба":1697,"дач":129,"дац":201,"даш":393,"дан":4942,"дам":540,"дап":114,"ег ":1363,"дао":250,"дар":1892,"дат":1152,"дви":424,"два":1043,"две":625,"дбр":248,"ед ":1208,"дбо":137,"еб ":222,"дак":211,"дал":853,"дав":818,"даг":152,"ев ":380,"дев":361,"деб":169,"дек":279,"дем":734,"дел":3577,"део":1026,"ден":4057,"дер":3109,"деп":4528,"деј":406,"дећ":331,"дељ":596,"деф":396,"дес":1778,"дет":316,"деш":161,"дец":815,"еж ":110,"дго":498,"дво":732,"ез ":996,"дгр":142,"еа ":228,"ех ":100,"дсј":100,"дсх":127,"дст":2337,"еф ":157,"дск":2156,"дсе":669,"дсб":213,"дрш":85,"еу ":86,"дро":606,"дру":3934,"држ":14521,"дре":1505,"дри":545,"дрв":213,"дра":1821,"доњ":201,"ет ":2403,"еш ":152,"дфр":132,"дха":112,"дуј":1810,"еч ":332,"дућ":111,"дур":108,"дус":249,"дуц":108,"дух":450,"душ":198,"дуа":101,"дуб":168,"дув":92,"дуг":396,"дуж":674,"дуз":216,"дук":334,"дул":103,"дун":303,"ец ":275,"гље":108,"ен ":11412,"диш":14641,"дич":217,"диц":1561,"диф":139,"ем ":4511,"дињ":631,"дић":425,"диј":3395,"диг":489,"див":514,"дим":783,"дин":8562,"ел ":2175,"дио":1175,"дип":178,"дир":430,"дис":935,"дит":511,"дид":113,"диз":259,"дик":313,"дил":663,"ек ":825,"доб":1676,"дож":120,"доз":192,"дов":1958,"дог":363,"дод":480,"доп":210,"ес ":778,"дос":743,"дор":1358,"дол":780,"док":1240,"дон":1598,"дом":1333,"дош":123,"дна":2901,"дни":4153,"дне":1150,"дно":18824,"ер ":5027,"дну":350,"дма":127,"дме":197,"дми":757,"дмо":469,"еп ":122,"дла":144,"дле":110,"дли":278,"ео ":1513,"дло":145,"длу":219,"да ":21560,"гад":292,"гал":396,"гам":317,"гањ":112,"гај":141,"гађ":246,"гач":132,"гаш":101,"гас":227,"гат":525,"гау":144,"ган":3079,"гао":220,"гар":1084,"гво":89,"де ":3882,"гви":147,"где":607,"гда":83,"вук":158,"вуч":103,"вуј":109,"вца":402,"вце":222,"вци":497,"вцу":236,"вше":911,"вшо":105,"вши":448,"гон":372,"гол":312,"гом":499,"гос":1688,"гот":321,"гор":1661,"гош":127,"гов":8734,"год":5194,"гог":627,"гои":426,"гоз":827,"гно":115,"др ":192,"гну":250,"гна":134,"гне":319,"гни":146,"гру":1851,"ду ":4304,"гро":436,"грч":867,"грб":106,"гра":17750,"гри":166,"гре":1035,"гој":432,"гоњ":233,"гту":131,"гто":97,"гсл":98,"гсб":103,"гха":104,"гућ":509,"гуј":168,"гус":706,"гур":326,"гум":88,"гун":84,"гул":187,"губ":222,"гет":151,"геј":143,"геб":295,"гед":238,"гез":107,"ген":3069,"гел":241,"гер":454,"ди ":2469,"гео":722,"гим":517,"гис":230,"гит":213,"гин":376,"гио":6793,"гип":234,"вља":2757,"вље":1142,"вљу":193,"вљи":116,"вја":130,"вје":4514,"гич":129,"гих":425,"гиј":3453,"гињ":124,"гме":124,"гма":140,"гле":1228,"гла":3020,"глу":599,"гло":280,"до ":2950,"гли":311,"жањ":128,"жба":86,"жбе":201,"жај":441,"жби":131,"жан":1034,"жал":90,"жар":134,"жав":14295,"зв ":108,"ος":117,"за ":8613,"ешћ":540,"еју":172,"еља":1079,"еље":14036,"ељк":93,"ељи":403,"ељн":90,"ељу":544,"ељс":195,"жит":83,"жич":92,"жиц":127,"жиш":102,"еја":612,"ејв":144,"еје":348,"еји":839,"жиј":121,"ејк":85,"ејл":91,"ејм":173,"ος ":117,"ејн":153,"ејо":108,"ејс":626,"ејт":90,"жив":4026,"жир":301,"жис":135,"жио":111,"жим":106,"жин":429,"жил":151,"жењ":609,"жељ":130,"жем":122,"жел":174,"зи ":3995,"жен":1361,"жев":999,"жег":248,"еђу":2825,"жди":88,"жде":98,"зе ":1198,"еђе":1098,"еђи":194,"еђа":194,"иХ ":284,"зу ":549,"жрт":88,"жно":1981,"жни":671,"жне":211,"жна":151,"зо ":136,"ењу":566,"ењс":222,"ењи":241,"ење":2556,"ења":1959,"ећо":157,"ећу":200,"ећи":1696,"ећа":1119,"еће":1229,"ς ":235,"жуп":1922,"жут":87,"жуј":115,"жа ":368,"еак":214,"ежа":300,"ежн":187,"еј ":684,"ежи":857,"еже":462,"еду":2402,"едр":262,"едс":2840,"жи ":752,"Ђур":142,"едњ":1513,"α ":172,"езу":767,"еин":162,"еир":106,"езб":299,"еза":1560,"езн":11980,"ељ ":395,"езо":593,"езв":1298,"ежђ":133,"езг":91,"езд":473,"езе":1288,"ези":2451,"ебу":238,"ебр":919,"ебо":119,"ебн":548,"ева":2735,"ебљ":174,"еви":3027,"еве":5206,"еар":187,"Ђор":119,"еат":111,"еал":333,"еан":354,"еба":904,"еби":695,"ебе":787,"егр":445,"его":7667,"егу":205,"едв":232,"едб":129,"еда":4271,"еде":3246,"едг":91,"еди":18581,"едо":1827,"едн":17721,"едм":296,"едл":104,"евн":1038,"же ":1650,"ево":1640,"евр":650,"евс":729,"еву":170,"евц":292,"ега":1064,"еге":504,"еги":7687,"егл":144,"евљ":87,"ент":9797,"ену":1523,"енр":171,"енс":2955,"енц":1314,"енч":83,"енф":253,"енх":510,"емљ":1229,"енк":694,"енл":133,"ени":9840,"ено":12442,"енг":675,"енв":171,"енб":2610,"ена":7015,"енз":581,"ене":4034,"енд":1652,"еос":145,"енљ":86,"еол":657,"еом":497,"еон":274,"еоп":167,"еор":1067,"еоб":155,"еод":197,"еог":2215,"енш":218,"епт":829,"епу":6492,"епр":922,"епо":878,"епи":567,"епе":474,"епа":4865,"ерш":235,"еру":849,"ерф":172,"ерх":186,"ерц":6125,"ерп":274,"ерс":1727,"ерт":854,"ерл":469,"ерм":1235,"ерн":3846,"жу ":162,"еро":4629,"ери":8354,"ерз":950,"ерк":557,"ерд":412,"ерг":2878,"ере":2380,"ера":7017,"ерв":952,"ерб":428,"дје":329,"ећ ":287,"еке":903,"еки":816,"дљи":143,"екл":1752,"еко":3685,"екр":251,"ект":6659,"екс":2140,"еку":831,"ека":2874,"екв":261,"елн":382,"елм":190,"елк":306,"ели":7167,"дњи":405,"елх":90,"дњу":139,"елу":1959,"елт":171,"елс":443,"ело":4882,"дњо":511,"екц":169,"елд":739,"дње":682,"еле":3555,"елг":118,"дња":475,"ела":3270,"елб":151,"емо":949,"емн":211,"еми":2164,"ему":676,"емп":302,"емс":396,"еме":3254,"ема":24141,"емб":3007,"ехн":475,"ехо":95,"еха":297,"еца":115,"еци":860,"еце":786,"еча":464,"ецу":92,"ечк":150,"ечн":680,"ечи":726,"ече":483,"еша":500,"ешт":2328,"ешн":216,"ешк":621,"ечј":98,"еши":203,"еше":271,"еса":822,"есв":112,"есе":1676,"еси":981,"еск":1340,"ерњ":218,"есл":277,"есн":2049,"есм":470,"есп":273,"есо":641,"есу":289,"ест":11967,"есх":103,"ета":4650,"етв":788,"ети":2810,"ете":1561,"етл":282,"етк":797,"етр":1300,"етп":147,"ето":2098,"етн":2013,"ету":4517,"етс":2919,"етх":191,"еуд":103,"еук":143,"етљ":101,"етњ":220,"еуз":123,"еут":176,"еур":88,"ефе":4639,"ефа":304,"ефо":247,"ефи":517,"И ":215,"ибу":225,"ибл":386,"ибо":357,"ибр":131,"иве":1702,"иви":1641,"ива":4282,"иак":116,"иби":356,"ибе":609,"иба":325,"К ":688,"Л ":171,"М ":193,"ижа":175,"иже":927,"ижи":106,"ижн":162,"Н ":104,"идо":324,"идн":616,"иду":243,"идс":126,"идр":302,"игр":1750,"игс":188,"игм":91,"игл":124,"О ":291,"иго":261,"игн":387,"игу":383,"ида":820,"иди":470,"идл":111,"иде":1216,"ивр":422,"иво":1982,"ивн":2641,"П ":278,"ивш":1479,"иву":230,"ига":1246,"ивј":1819,"ивљ":215,"иги":748,"иге":674,"икл":343,"икс":296,"икр":200,"ико":2826,"ике":3772,"А ":487,"ики":922,"ика":16078,"ић ":4301,"зје":128,"Б ":209,"アア":86,"В ":325,"изу":761,"изр":754,"изм":2464,"изл":469,"иљ ":194,"изо":941,"изн":934,"изи":1871,"изд":704,"изг":522,"изе":216,"иза":4363,"изв":1974,"изб":400,"Г ":98,"иј ":194,"иом":122,"ион":10502,"иок":107,"иол":450,"иор":162,"иоп":96,"иот":219,"инц":1099,"инх":152,"иод":791,"иог":169,"Д ":487,"ине":13774,"инж":128,"ини":19900,"имљ":315,"инк":386,"ино":2092,"инс":14428,"инт":1353,"ину":1584,"инф":389,"ина":25163,"Е ":100,"инв":151,"инд":1081,"инг":3441,"ими":1186,"име":4873,"иму":393,"имс":660,"имо":935,"имп":1016,"имн":293,"илу":422,"имб":441,"има":9275,"или":9465,"илд":262,"иле":1239,"илс":244,"илт":96,"илм":1501,"илн":453,"ило":6433,"икш":116,"ику":1972,"икт":253,"ила":5198,"илв":95,"иси":951,"исе":634,"иса":3378,"исц":582,"исх":121,"ису":8052,"ист":15326,"исп":745,"исо":651,"исн":740,"исм":208,"исл":783,"иск":1574,"ити":3953,"итв":152,"итд":137,"ите":7069,"ита":4182,"итб":246,"Ј ":683,"иту":1129,"ито":3248,"итс":285,"итр":493,"итл":226,"итк":519,"итн":680,"итм":218,"ипа":10217,"ипе":470,"иоц":158,"ипт":214,"ипс":176,"ипр":120,"ипу":126,"ипи":313,"ипо":546,"ипл":633,"ира":4573,"ирг":162,"ире":985,"ирс":409,"иру":1957,"ирт":1182,"ирх":398,"ирц":88,"ири":2830,"ирк":377,"ирн":181,"ирм":121,"иро":1739,"ихв":144,"иха":399,"ихи":202,"ихе":169,"ихт":106,"ихо":1238,"ице":3082,"ица":6758,"ици":5856,"ицу":455,"ицо":160,"ифа":124,"ифе":473,"ифи":670,"ифо":192,"ифр":1763,"ифх":92,"ишљ":461,"ишњ":1193,"ишћ":818,"ичу":145,"ичи":1889,"ичк":7995,"ичн":3458,"ича":2409,"иче":1493,"ишу":252,"ишт":18544,"ишк":400,"иши":415,"ишн":213,"иша":620,"ише":2071,"ка ":39689,"ив ":1671,"зав":1036,"заб":470,"зад":497,"заг":167,"заз":185,"збу":130,"ид ":941,"збо":708,"зањ":158,"зви":1871,"зве":860,"зва":825,"заш":441,"зач":117,"зац":2143,"зах":250,"зау":217,"зат":525,"зас":773,"зар":677,"зап":3143,"иг ":1521,"зао":108,"зан":1598,"зам":1010,"зал":371,"зак":756,"зби":265,"зај":1067,"збе":327,"зго":178,"згр":481,"зде":188,"зди":94,"зда":994,"здв":108,"зву":144,"зво":1776,"звр":300,"згл":149,"жђа":128,"зећ":156,"зељ":93,"зеј":114,"зет":340,"зер":989,"зел":607,"зен":1338,"зем":1233,"зду":396,"из ":14002,"здр":240,"зид":143,"зив":2326,"зим":680,"зил":849,"зик":1839,"зир":341,"зио":440,"ил ":1271,"зин":605,"ик ":5538,"ин ":3321,"им ":10232,"зиј":1899,"жје":87,"жја":87,"зиц":570,"зиш":103,"зич":979,"зит":988,"ип ":474,"зму":125,"зми":443,"зме":1661,"зма":563,"зло":335,"ио ":7229,"зли":1074,"жња":91,"зла":578,"зна":5348,"зне":283,"зни":867,"зно":12141,"ир ":1849,"зов":1108,"зод":97,"зом":405,"зол":148,"ис ":1009,"зон":699,"зор":503,"зоф":485,"ит ":777,"зра":882,"зре":249,"зро":128,"их ":25752,"зул":422,"зуз":162,"зуч":91,"зур":195,"иц ":714,"зум":622,"зуј":637,"ич ":252,"иш ":433,"шћ":1913,"шњ":2514,"шљ":564,"хе":2594,"хи":2850,"хл":164,"хн":515,"хо":3887,"хр":1677,"хс":192,"хт":445,"ху":632,"фх":116,"ха":4269,"хв":996,"ци":25708,"цн":139,"цк":319,"цл":158,"цр":1743,"цо":468,"цу":6249,"хш":139,"цб":191,"ца":10662,"це":15022,"цг":117,"цв":296,"чл":795,"чм":103,"чн":8899,"чо":443,"чи":8450,"цј":1649,"чк":26459,"чу":1749,"че":8488,"ча":7145,"чв":283,"шо":406,"шп":317,"шн":886,"шк":4442,"чњ":99,"шл":364,"ши":6327,"чј":809,"шч":215,"шт":64295,"шу":691,"ше":5258,"шв":269,"ша":3738,"ск":73819,"рљ":151,"рј":516,"рћ":85,"см":5030,"сл":11320,"рњ":1982,"со":9678,"сн":13876,"ср":17094,"рџ":149,"сп":6049,"св":7773,"сб":1179,"сд":436,"рђ":833,"сг":131,"се":44770,"си":12767,"рш":2918,"са":33351,"рс":13440,"рт":11412,"ру":33347,"рф":1371,"рх":2668,"рц":7114,"рч":1587,"тн":6309,"тм":5097,"тл":1743,"тк":2545,"тс":9086,"тр":21007,"тп":835,"то":37020,"те":36966,"тд":161,"тв":12471,"сј":2502,"ти":79813,"тз":114,"та":69266,"тб":348,"су":21121,"сф":694,"ст":82417,"сх":1012,"сц":1134,"ур":15198,"уп":9618,"ут":7405,"ус":13259,"ум":6429,"ул":6994,"тњ":299,"уо":641,"ун":8172,"уи":452,"уз":4197,"ук":5623,"тљ":189,"тј":481,"уд":6767,"уг":23579,"уж":4717,"уе":639,"уа":1983,"уб":10441,"ув":1407,"ту":17614,"тф":592,"тх":390,"фу":2311,"фт":307,"фс":704,"уџ":113,"фр":3373,"фо":3036,"ућ":1931,"уњ":301,"фл":420,"уљ":267,"уј":6353,"фи":5806,"фе":8951,"уђ":267,"фа":2762,"уч":4458,"уш":3354,"ух":1368,"уц":1110,"уф":272,"џе":228,"џа":369,"џи":363,"њу":2111,"њо":1184,"њс":793,"ћи":4498,"ћк":165,"ће":4723,"ћа":3529,"љу":3257,"љс":735,"јџ":83,"љн":429,"љо":421,"јњ":183,"љк":483,"њи":5652,"ње":25640,"ња":11305,"ћу":1016,"ћн":479,"ћо":225,"јш":265,"ља":6896,"љи":2197,"ље":20267,"јл":855,"јк":776,"ји":23301,"јп":587,"јо":3515,"јн":8532,"јм":1846,"ју":14903,"јт":676,"јс":6913,"јр":268,"јч":534,"јц":574,"јх":352,"јф":416,"ја":44066,"јб":617,"јв":2381,"јг":134,"јд":673,"је":146704,"јз":552,"ђу":3076,"ђо":146,"ђи":555,"ђе":5047,"ђа":2396,"Ју":2303,"Јо":811,"Ја":1517,"Је":12368,"Љу":413,"Њу":211,"Њи":110,"Ње":449,"а ":310619,"Р ":421,"С ":431,"Т ":144,"У ":1965,"Ђа":97,"Ф ":135,"Ђо":174,"Ђу":229,"Х ":378,"Ц ":102,"Ир":324,"Ис":1207,"Ит":448,"Им":514,"Ин":925,"к ":12340,"Ик":105,"Ил":414,"Из":699,"Иг":191,"Ив":390,"Иб":105,"Иа":105,"Зу":210,"Зр":87,"Зо":292,"Зл":467,"Зи":401,"Ле":1326,"Ли":1997,"Ла":2339,"Ку":1279,"Кл":913,"Кн":244,"Ко":7323,"м ":42843,"Кр":2869,"Ке":678,"Кв":150,"Ки":1180,"Ка":4883,"л ":7046,"На":4229,"Не":1665,"Ни":1775,"Мр":192,"Му":528,"о ":97605,"Мо":2251,"Ма":5725,"Мл":210,"Ми":2919,"Ме":3482,"н ":35328,"Ло":1918,"Књ":126,"Лу":1170,"Па":5381,"Пе":2174,"Пи":1995,"Пл":687,"По":7950,"с ":9421,"Оп":1309,"р ":19435,"Ос":1730,"Ор":832,"От":286,"Ох":85,"Оа":99,"Об":952,"Од":735,"Ов":1319,"Ог":84,"Оз":108,"Ом":122,"Он":644,"Ок":613,"Ол":521,"п ":2907,"Но":2845,"Ну":145,"в ":4786,"Ап":242,"Ам":917,"Ан":1871,"Ак":748,"Ал":2798,"Аз":496,"Ад":582,"Ав":348,"Аг":213,"Аб":271,"Ба":6851,"Ах":118,"Аф":342,"Ау":783,"Ат":942,"Ас":250,"Ар":1905,"б ":1710,"Џо":462,"Џи":97,"Џе":413,"Вл":769,"Вр":797,"Во":1407,"д ":41112,"Ве":3053,"Ви":3647,"Бј":217,"Гв":148,"Га":1178,"Ву":646,"Ај":796,"Бл":374,"Бо":7744,"г ":28611,"Бр":3072,"Бе":4333,"Би":2691,"Ва":2337,"Бу":2024,"Ди":1375,"Де":1690,"Ду":1074,"Др":2279,"ж ":448,"До":4484,"Ег":317,"Ед":208,"Ев":965,"Ги":403,"Ге":866,"Гр":3342,"Гл":769,"е ":235734,"Го":3576,"Гу":327,"Да":1824,"Дв":240,"Жи":530,"и ":186242,"Жу":184,"Зб":101,"Зв":315,"За":3384,"Зе":1084,"Ек":250,"Ем":298,"Ел":532,"з ":16545,"Ен":728,"Ер":728,"Еп":349,"Ет":201,"Ес":301,"Еу":95,"Жа":255,"Же":368,"Шл":1326,"Шк":142,"Ши":626,"Шп":414,"Шо":300,"Шм":122,"Шу":240,"Шт":864,"Шв":589,"Ша":1762,"Ше":616,"Ст":2384,"Су":1195,"Та":1272,"Сј":431,"Ти":1785,"Тв":83,"Те":1308,"ф ":1728,"То":1598,"Тр":1845,"Ту":877,"Ук":239,"Уз":91,"Уд":151,"Уг":187,"Ут":114,"Ус":287,"Ур":216,"Уп":276,"х ":27795,"Ун":652,"Ум":120,"Ул":137,"Пр":12883,"Пс":86,"Пу":267,"Пч":135,"Ра":5749,"Ре":7578,"Ри":1147,"Пљ":86,"т ":18408,"Ро":2099,"Ру":1955,"Са":5493,"Св":1412,"Си":1482,"Се":3616,"См":461,"Сл":2083,"Ск":586,"Ср":8976,"Сп":690,"Со":1389,"у ":163872,"Цв":112,"Це":942,"Ца":232,"ш ":2445,"Цр":1575,"Ци":219,"Че":601,"Ча":537,"Чу":105,"Чо":83,"Чи":273,"Фа":508,"ц ":5646,"Фо":828,"Фр":5849,"Фу":461,"Фе":1908,"Фи":915,"Уј":251,"Фл":377,"Ха":1787,"Хр":3553,"ч ":1834,"Хо":2226,"Ху":405,"Хи":666,"Хе":7160,"мб":4820,"ма":59507,"ме":28451,"мд":107,"ми":14537,"мл":591,"мк":113,"књ":1128,"кћ":91,"лм":2649,"лн":10609,"ло":27832,"лп":842,"лс":2735,"лт":3191,"лу":8870,"лф":579,"лх":258,"лц":781,"лш":1376,"лв":428,"лб":1478,"ла":45745,"ле":21446,"лд":2395,"лг":595,"кљ":675,"лк":1280,"ли":48289,"лз":191,"км":1561,"кн":662,"кл":5535,"кр":24074,"кс":5786,"ко":94888,"кх":134,"кт":10243,"ку":10596,"кш":274,"кц":1692,"ка":57877,"ки":34381,"кв":4521,"ке":19190,"ћ ":4823,"иџ":130,"иј":65389,"иљ":1736,"ињ":3046,"ић":7527,"иш":25602,"иђ":179,"њ ":751,"ио":20368,"ип":13525,"им":29885,"ин":88842,"ик":32559,"ил":26990,"зј":195,"иц":17142,"ич":17794,"иф":3473,"их":28103,"ит":23396,"ир":17174,"ис":35020,"ри":59126,"пј":236,"рк":4376,"пљ":819,"рл":2194,"рм":4605,"рн":11097,"ро":38332,"рп":7588,"ра":86875,"рб":5621,"рв":10734,"рг":10628,"рд":4407,"ре":76600,"рж":15319,"рз":1501,"пш":36896,"пч":155,"пр":51210,"пт":1690,"пс":9353,"пф":93,"пу":10490,"пц":293,"пх":131,"ој":81044,"пк":142,"ољ":2891,"пи":15225,"пн":1028,"по":43591,"оњ":2765,"пл":4178,"оћ":912,"па":29402,"пе":8683,"ођ":2674,"ош":4387,"оч":6007,"оц":4534,"ос":40837,"ор":39900,"нџ":226,"оп":51144,"оо":430,"ох":1509,"оф":2614,"оу":1143,"от":10383,"ок":28856,"нљ":100,"ол":17145,"ом":36538,"он":34353,"ож":2953,"оз":8406,"ои":5016,"ов":55896,"нђ":336,"ог":30691,"од":53599,"ое":545,"оа":1915,"об":14901,"нц":9206,"нх":1153,"нш":840,"нч":575,"нт":17280,"нс":27485,"нф":1024,"ну":19119,"но":93266,"џ ":107,"нр":483,"нп":198,"нл":270,"нм":157,"мј":5028,"мљ":1678,"нк":3713,"нз":1151,"ни":94588,"не":40351,"нж":264,"нг":6034,"нд":8864,"нб":3109,"нв":605,"на":115144,"мш":112,"мц":179,"мф":180,"му":5395,"мс":2960,"мр":1007,"мп":3351,"мо":14075,"мн":1634,"ге":7187,"гд":811,"вј":4674,"вљ":4218,"гз":88,"ги":13875,"гн":968,"го":22475,"гл":5570,"гм":306,"гс":345,"гт":294,"гр":22464,"гх":130,"гу":5955,"гш":129,"дг":708,"дв":2905,"дб":2411,"да":35561,"вг":764,"вд":274,"ве":45977,"ви":47733,"бј":964,"бљ":690,"вк":390,"вл":2091,"бњ":88,"вн":21104,"во":25024,"вр":9405,"вс":2479,"ву":5035,"вч":192,"вц":1358,"вш":1624,"га":23320,"гв":336,"бз":146,"би":23648,"бе":9199,"ађ":2448,"бд":119,"аџ":248,"бр":8596,"бн":1295,"бо":7576,"бл":10968,"ањ":12252,"аћ":1384,"ај":30020,"аљ":3397,"бу":6812,"бс":108,"ва":49542,"ад":42109,"ае":747,"аж":2528,"аз":15348,"аб":3706,"ав":58459,"аг":5540,"ам":16256,"ан":80786,"ђ ":91,"ао":8763,"ап":8907,"аи":605,"ак":19402,"ал":40672,"ах":2983,"аф":2148,"ач":24712,"ац":14985,"ас":34373,"ар":47766,"ау":5673,"ат":35129,"ба":12073,"аш":5217,"зр":1331,"иХ":289,"зу":2900,"жј":268,"зи":16003,"љ ":1114,"зо":3900,"зн":18686,"зм":2905,"жњ":238,"зл":2056,"ив":18317,"иг":7473,"иа":237,"иб":2549,"иж":1542,"из":30460,"ид":5409,"ие":162,"жо":177,"ј ":48286,"жр":91,"жу":2380,"еј":4470,"жи":6697,"ењ":5600,"ељ":16871,"жн":3064,"ећ":4760,"за":24448,"зб":1569,"зв":5905,"жђ":219,"зг":986,"зд":2099,"зе":6370,"еф":6020,"еу":929,"ет":26936,"ес":21968,"ер":49978,"еп":15485,"ео":7262,"ен":68315,"ем":41012,"дњ":2216,"ел":25958,"ек":21254,"дљ":162,"дј":352,"еи":490,"ез":21921,"еж":2298,"жд":302,"же":5505,"еђ":4350,"жа":16716,"жб":477,"еч":3067,"еш":5057,"ех":1267,"ец":2261,"дс":5798,"др":23445,"ду":9933,"дн":27401,"дм":1566,"до":15789,"ди":38559,"гњ":86,"дл":918,"гљ":169,"де":26907,"дз":137,"еб":4721,"ев":16201,"ег":19300,"ед":54814,"еа":1573,"дф":213,"дх":157,"ђи ":137,"ђе ":1005,"ђа ":629,"ђор":83,"ђењ":699,"ђив":257,"ђев":272,"ђен":2693,"ђел":175,"ђањ":91,"ђај":335,"ђач":140,"ђар":463,"ђан":442,"ђав":223,"ђу ":1809,"ушћ":97,"ха ":436,"уха":230,"ухо":341,"ухв":534,"уце":178,"уци":804,"уча":728,"учу":355,"учн":763,"учи":534,"уче":1175,"уша":487,"ушт":1121,"ушн":189,"учј":690,"ушк":628,"уше":325,"уши":195,"хе ":209,"уђе":173,"фес":847,"фед":157,"феб":471,"фер":989,"фен":546,"фел":1161,"фек":4515,"фар":175,"фам":285,"фан":502,"фал":512,"фак":464,"фаз":142,"фаб":126,"фло":155,"уће":434,"ућа":330,"уње":115,"уња":132,"фов":93,"ући":802,"ућн":239,"ућу":84,"фиг":103,"ујо":136,"ују":1186,"ује":4514,"фиј":646,"уља":126,"фин":837,"фит":117,"фир":149,"физ":617,"фил":2015,"фик":680,"уја":305,"фиц":170,"фич":243,"фур":105,"фуд":1381,"фун":652,"фхо":95,"фри":594,"фре":160,"фра":725,"фот":183,"фор":2033,"фол":134,"фон":348,"фтв":101,"фск":663,"ху ":202,"фро":157,"фру":1715,"ца ":8462,"хер":413,"хел":163,"ци ":5975,"хео":230,"хем":656,"хен":509,"хев":99,"це ":3788,"хва":984,"хал":405,"хам":134,"хан":387,"хар":360,"хау":611,"хаф":91,"хаг":129,"хаи":135,"хај":1188,"хри":538,"хра":374,"хрв":394,"хоф":175,"хол":640,"хом":223,"хок":106,"хоп":195,"хор":321,"хно":141,"хни":346,"хов":1243,"ход":493,"хла":98,"хиј":1039,"хид":139,"хит":284,"хип":394,"хин":106,"хим":207,"хич":96,"хшт":83,"хум":204,"хте":253,"хсф":89,"хро":311,"цу ":1011,"срп":2456,"стм":124,"сто":18048,"стр":8594,"ств":4838,"сте":5340,"сти":11681,"ста":26605,"сур":199,"сус":280,"суп":505,"сум":91,"сун":122,"сук":182,"сул":102,"суд":629,"сув":97,"суб":180,"суа":202,"стф":499,"сту":2121,"сфо":135,"суј":205,"суђ":102,"сфе":494,"суш":111,"сут":178,"схо":131,"сха":631,"сце":455,"сци":572,"сца":94,"уа ":129,"уб ":744,"тав":5969,"тад":668,"таб":573,"так":3250,"тал":4047,"там":556,"тан":13504,"таз":140,"тау":158,"тат":1577,"таф":105,"тап":100,"тао":464,"уг ":985,"тас":541,"тар":5550,"тач":1717,"тац":1165,"таш":269,"уд ":223,"тањ":1253,"тај":2712,"таљ":208,"тбу":301,"уж ":93,"тву":884,"твр":969,"уе ":91,"тво":2793,"тви":271,"тве":1074,"тва":6461,"теф":236,"тех":457,"теч":207,"теш":240,"тем":4118,"тел":3005,"тео":771,"тен":2926,"тер":8164,"теп":335,"тет":6112,"тес":265,"тед":132,"тег":425,"теж":433,"теи":123,"тез":220,"тек":983,"тев":356,"уз ":472,"тиг":306,"тив":3595,"тид":114,"тиб":241,"ук ":347,"тзв":108,"тељ":925,"тењ":110,"теј":125,"тј ":244,"тећ":113,"тка":747,"тке":238,"тиј":2163,"тиљ":126,"тињ":565,"тић":314,"ум ":1118,"тиш":108,"тич":4693,"тиц":1520,"сја":94,"сје":2389,"тиз":382,"тим":1937,"тин":41889,"тик":1442,"тил":706,"тир":1382,"тис":676,"тио":325,"ул ":556,"тип":584,"тиф":212,"тих":863,"тит":5421,"тлу":83,"уо ":134,"тло":233,"тме":159,"тма":4738,"ткр":261,"тку":270,"тко":705,"ун ":634,"тки":298,"тле":453,"тли":403,"тла":526,"тну":158,"тно":2527,"ур ":576,"тоз":134,"тод":371,"ток":2271,"тол":1112,"тои":1244,"тов":1934,"тог":1199,"тоб":664,"тмо":118,"уп ":544,"тне":555,"тни":2279,"тна":775,"тпу":223,"тпр":138,"тпо":276,"ут ":1197,"тре":2615,"трг":210,"трв":1452,"тра":8057,"трк":102,"три":3258,"трж":83,"тор":6320,"тос":262,"тот":172,"том":2063,"тон":1779,"ус ":844,"топ":627,"тох":508,"точ":3504,"тој":1764,"тпи":109,"тст":153,"ух ":119,"тро":3120,"тру":1654,"тск":8634,"уф ":92,"уш ":86,"тхо":231,"тха":116,"туг":141,"туд":536,"тул":330,"тум":385,"туп":985,"тур":6672,"тун":177,"туа":281,"туј":202,"тфо":135,"тут":228,"тус":171,"туц":235,"тфа":417,"фа ":267,"уво":94,"уви":157,"убј":98,"убљ":204,"уве":506,"ува":512,"уго":4228,"угл":556,"уги":1217,"уге":625,"уга":13358,"уда":1291,"угу":2310,"угр":109,"уал":444,"уац":116,"уан":156,"уар":1082,"уби":913,"убл":6600,"уба":618,"убе":181,"убр":360,"убо":453,"убу":129,"узе":1365,"узд":102,"ужј":100,"узи":1311,"узо":105,"узр":146,"узв":99,"уза":304,"уже":711,"ужи":830,"ужн":2081,"ужа":406,"ужб":369,"уер":98,"уел":160,"уен":239,"уду":209,"удс":407,"уди":1350,"уде":530,"удв":207,"удб":1648,"удр":214,"удо":485,"удн":163,"умб":202,"уме":1673,"уми":518,"ума":1270,"улс":111,"улт":1736,"улу":266,"тњи":173,"ули":840,"улк":196,"укљ":356,"уло":814,"ула":1767,"уле":373,"укс":201,"укт":434,"укр":138,"укц":281,"уку":549,"уки":197,"тљи":143,"уко":1171,"укл":262,"уке":369,"ука":1212,"тје":162,"уис":163,"упо":628,"фт ":102,"упн":661,"упу":323,"упс":196,"упр":1269,"упш":224,"ура":1239,"ург":4051,"урб":165,"ури":4983,"уре":1096,"упљ":436,"урк":103,"уоп":85,"уос":180,"упа":3575,"упе":909,"упи":580,"унс":388,"уно":440,"унк":639,"унц":425,"уну":749,"унт":86,"уоб":88,"умо":176,"умр":281,"умс":122,"уму":713,"уна":2155,"уни":1710,"унг":142,"унд":396,"уне":181,"утр":371,"утс":99,"уту":188,"уст":2999,"усу":97,"усо":230,"усп":514,"уто":1313,"утн":844,"ути":1135,"уте":570,"утв":274,"ута":1163,"урш":100,"урс":607,"урт":171,"уру":316,"урн":928,"уро":361,"усл":737,"уск":5922,"усн":112,"усм":134,"уси":776,"усв":94,"усе":189,"уса":477,"шло":150,"шку":123,"чња":95,"шке":532,"шки":1029,"шко":1898,"шов":116,"шни":421,"шно":249,"шна":90,"шењ":346,"шка":843,"чју":367,"шић":458,"шиј":103,"чје":235,"чја":148,"ших":85,"шиф":1728,"шиц":139,"шир":819,"шин":1269,"шио":130,"шил":146,"шва":162,"шев":523,"шег":353,"шес":305,"шет":83,"шен":657,"шај":207,"шањ":397,"шав":680,"шах":118,"шар":232,"шао":182,"шан":312,"шам":104,"шал":110,"шчи":96,"штр":216,"што":1671,"шту":218,"шум":244,"шпа":238,"шој":123,"штв":5051,"ште":3994,"шти":37563,"шта":15543,"шћу":343,"шће":923,"шћа":591,"шњи":882,"шње":857,"шњо":257,"шња":479,"шље":424,"шља":86,"цге":112,"цве":139,"цва":144,"че ":1166,"цен":2833,"чи ":1951,"цел":553,"цем":639,"цег":5749,"цес":608,"цер":167,"цеп":196,"циљ":469,"циј":13318,"циз":111,"циг":120,"цив":149,"цип":664,"цио":2122,"цис":184,"цир":296,"цил":157,"цик":239,"цин":417,"цим":814,"цит":296,"циф":257,"ча ":1135,"цањ":160,"цбу":108,"цај":333,"цар":1250,"цам":251,"цус":5145,"цла":132,"цко":142,"цна":120,"цог":137,"цом":173,"црв":233,"црн":309,"црк":917,"чу ":279,"црт":240,"чењ":1369,"чев":703,"чег":147,"чем":184,"чен":757,"чек":99,"чел":592,"чес":1070,"чер":91,"чео":115,"ши ":1042,"чет":1463,"чеш":599,"чко":16119,"чки":5326,"чке":2191,"чла":792,"чку":322,"чић":352,"чињ":485,"цје":1643,"чиј":1063,"чка":2488,"чим":154,"чил":179,"чио":107,"чин":2262,"чив":224,"чит":1082,"чиц":356,"ша ":940,"чвр":128,"ше ":2479,"чва":109,"чај":1188,"час":347,"чак":300,"чар":1858,"чан":988,"чав":1025,"чне":725,"чна":776,"чов":351,"чни":2024,"чну":146,"чно":5223,"чув":312,"чуј":364,"чун":594,"шу ":312,"џер":98,"џиј":83,"џа ":116,"ћим":236,"ћин":617,"ћих":347,"ћел":450,"ћен":999,"ћем":203,"ћер":180,"ћењ":211,"ћев":207,"ћег":174,"ћој":145,"ћно":252,"ћни":156,"ђус":133,"ђут":104,"ђун":548,"ђуј":344," ар":1531," ас":1495," ат":789," ау":1060," аф":120," ба":1782," аг":204," ав":1075," ае":132," ад":525," аз":106," ал":2165," ак":1263," ан":1456," ам":1558," ап":880," бу":724," ва":1641," би":13849," бе":1509," бр":3177," бо":2496," бл":699," ву":141," га":1017," ви":3100," ве":6374," во":2889," вр":3580," вл":1525," дв":1695," да":6529,"њск":762," гу":273," го":5940," гл":2733," гр":13040," ге":1414," гд":614," вј":1068," ги":217,"ћу ":880," ев":376," ег":176," дн":118," до":8150," др":17143," ду":1399," де":12761," ди":3032," же":911," жа":185,"њој":397," еф":184," ес":167," ет":301," еп":599," ер":161," ен":4749," ел":1099," ем":401," дј":115," ек":993," зд":192," зг":134," зе":1269,"њом":267," за":14329," зв":844," зб":573," жу":2033,"њов":202," жр":88," жи":3507," зи":192," зл":353," зо":272," зн":1754," зр":158,"њев":193," иа":112,"њег":1511," иг":1416," ид":487," из":20909," ил":6136," ик":91," ин":3129," им":4445," ит":477," ис":6583," ир":131," их":414,"ће ":2252," ка":9529," ки":953," кв":334," ке":139," кр":4983," ко":34802," кн":423," км":304," кл":2025," ку":1563," ла":2233," кљ":83," ли":3146," ле":1584," лу":259,"њиц":291," књ":1120," кћ":91," ло":1091,"њих":951," ме":6800," ми":3211,"њић":169," мл":339," ма":5632," мо":4593," мн":508," му":1999," мр":337," ни":1843,"њиж":739," не":7050,"њим":687,"њин":185," мј":4621," на":44905,"њив":145,"њиг":412," ну":317," но":3063," нп":131," ол":413," ок":19137," он":950," ом":368," оз":712," ог":275," ов":1780," од":28239," об":6316," ош":91," оц":139," оч":225," оф":198," от":977,"њер":162,"ћи ":3090," ор":2923,"њен":1992," ос":5852,"њем":13062," оп":36889," по":35696,"њењ":256,"�":306," пл":2060," пи":1443," пе":3239," па":2758," Ре":7567," Ра":5738," Ро":2092," Ри":1146," Пљ":86," Пу":260," Пр":12819," Пс":86," Пч":135," Пе":2104," Па":5377," По":7935," с ":397," Пл":685," Пи":1992," Ох":85," От":286," Ос":1726," Ор":831," Оп":1276," Те":1302," Ти":1784," Сј":431," То":1597," Тр":1837," Ст":2368," Су":1194," Та":1268," Св":1404," Си":1481," Се":3613," Сл":2081," См":461," Ск":586," Сп":690," Ср":8968," Со":1387," у ":76526," Ру":1950," Са":5488," Фр":5848," Фу":460," Фо":827," Уј":250," Фи":914," Фл":377," Фе":1907," Фа":506,"ћањ":215,"ћај":354," Ут":114," Ус":286," Ур":216," Уп":276," Ун":652," Ум":118," Ул":135," Ук":237," Уз":91," Уд":150," Уг":187," Ту":874," Цр":1572,"ћав":181," Ци":218," Ца":232," Цв":112," Це":942," Хр":3549," Хо":2223," Ху":404," Хи":661," Хе":7159," Ха":1786,"ћан":574,"њуј":187," Ше":614," Шв":589," Ша":1760," Шо":300," Шп":414," Шм":122," Шк":141," Шл":1326," Ши":625," Шт":864," Шу":240," Че":600," Ча":535," Чо":83," Чи":272," Чу":105," Ба":6848," Аф":342," Ах":117," Ат":942," Ау":782," Ар":1901," Ас":250," Ап":241," Ан":1869," Ам":916," Ал":2792," Ак":746,"љиш":98," Аз":496,"љиц":161," Ад":581," Аг":213," Ав":348," Аб":270,"љим":98," Ва":2332,"љин":408,"љив":745," Бу":2024," Бо":7741," Бр":3064," Ај":794," Бл":374," Бе":4332," Би":2681,"јње":140," а ":3795,"љке":117," Џи":97," Џо":461,"љка":256," Џе":412,"љни":159," Ед":207," Ег":317," Ев":963,"љно":170," Ди":1374," Де":1685," Ду":1072," Др":2274," До":4482," Же":368," Жа":255," Ек":250," Ел":532," Ем":298," Ес":301," Ет":200," Еу":95," Ен":715," Еп":349," Ер":727," Ву":631," Гв":147," Га":1175," Ве":3050," Ви":3645," Бј":217," Вл":762," Вр":797," Во":1406," д ":244," Гу":327,"љон":115,"љоп":103," Да":1819," Дв":240," Ге":857," Ги":403," Гл":761," е ":253," Го":3576," Гр":3337," Ис":1205," Ир":324,"љас":133," Ит":448,"љал":133," Ин":917,"љам":117," Им":500,"љан":705,"љао":106," Ил":412,"љак":314," Ик":105,"љаш":109,"љач":143," Ки":1180,"љав":466," Ке":678," Кв":150," Ка":4863," и ":42425," Жу":183," Жи":529,"ње ":8309," За":3380," Зб":101," Зв":313," Зе":1083," Зр":87," Зу":210,"љањ":379," Зи":400,"љај":470," Зо":292," Зл":467," Ив":384," Иг":188," Иа":105," Иб":105," Из":696," Мр":192," Му":523," о ":1337," Мо":2248,"љев":1384," На":4218," Не":1661," Ни":1773," Ну":144," п ":1147," Но":2843," Од":732," Ог":84," Ов":1314," Об":952," Оа":97," Он":642," Ом":122," Ол":520," Ок":611," Оз":107," Кл":909," Кн":244," Ко":7314," Кр":2862," Ку":1279," Ла":2334," Ле":1325," Ли":1997," н ":236,"њи ":1901," Ло":1918," Књ":125,"љен":9209,"љем":246," Лу":1168," Ма":5708," Ме":3478,"љењ":432," Мл":210," Ми":2909," У ":1834," С ":120,"ћа ":2102,"њав":306," Ђу":228,"њац":140,"њач":180," Ђо":174,"њан":194,"њак":423," Ђа":97," Љу":412,"њу ":1891," Ја":1517," Је":12367," Ју":2300,"љст":94,"љск":641," Јо":807,"људ":763,"љуб":277,"ључ":650,"љуј":500," Њи":110," Ње":449," Њу":211,"јна":3212,"јнб":154,"јно":645,"јну":95,"јни":1500,"јне":363,"јма":315,"јмо":183,"јмс":112,"јло":133,"јли":84,"јле":319,"јка":209,"јко":160,"јке":100,"јис":141,"јих":1002,"јић":104," А ":144,"јил":86,"јин":1068,"јим":1235,"јио":131," Б ":110,"јзе":206,"јзн":168,"јес":4944,"јет":1944,"јен":3254,"љи ":494,"јеп":114,"јер":1439,"јеч":245,"јеш":1172,"јењ":122,"јељ":149,"јећ":109,"јез":2070,"јек":1138,"јел":2648,"јем":1164,"јев":2265,"јег":367,"јед":10980,"јдо":91,"јду":106,"јде":199," М ":110,"јво":585,"ље ":8612,"јви":622,"јве":956,"јва":185,"јбо":385,"јањ":589,"јај":268,"јаш":298,"јак":354,"јал":3500,"јам":1141,"јан":2625,"јао":110,"јап":268,"јар":388,"јас":623,"јат":622,"јац":247,"јач":377,"јаг":137,"јав":1529,"јад":132,"ља ":3633,"ња ":9657,"јшт":110,"јца":205,"јцн":120,"јче":458,"јућ":704,"јфе":389,"јхс":103,"јте":185,"јул":555,"јум":460,"јун":673,"јур":125,"јус":143,"јут":86,"југ":1799,"јуж":1274,"љу ":927,"јра":101,"јск":5249,"јст":654,"јсе":169,"јси":92,"јон":495,"јом":1166,"јор":180,"јнш":97,"јој":768,"јпо":385,"још":604,"јм ":973,"јн ":2046,"ји ":19262,"је ":112273,"јд ":136,"ја ":30644,"ју ":8819,"јц ":119,"јс ":427,"јт ":210},"n_words":[7556811,8870200,7383394],"name":"sr","type":"cyrillic"}