{"freq":{"jer":348,"jen":305,"ji ":6234,"D":1805,"E":874,"F":1081,"G":1202,"A":4461,"B":2717,"C":2251,"L":1530,"M":12761,"N":2782,"O":860,"H":1677,"I":2605,"J":2641,"K":12188,"U":3120,"T":5185,"W":4730,"V":1116,"P":2090,"S":3343,"R":1632,"Y":517,"Z":395,"f":11048,"g":13829,"d":15034,"e":46694,"Feb":214,"b":19688,"c":9784,"a":289584,"n":90468,"o":57043,"l":42025,"m":53651,"j":21456,"k":76835,"h":32492,"i":164978,"w":60984,"v":3863,"u":57506,"t":40551,"s":35298,"r":27443,"p":13501,"z":18893,"y":38832,"x":501,"jar":185,"jan":137,"jaw":201,"é":167,"jim":1500,"jin":4267,"jil":163,"jij":492,"jia":221,"jib":3854,"ito":288,"itu":317,"itw":269,"isp":140,"ist":592,"ita":1061,"ite":213,"iti":334,"ivy":133,"iwa":2430,"ius":183,"ipo":224,"ipi":265,"is ":521,"ion":720,"iop":279,"ipa":165,"ipe":219,"iro":173,"iri":997,"isi":902,"ish":5756,"isa":694,"ire":164,"ira":314,"ja ":1529,"iyo":4644,"iye":227,"izo":242,"izi":413,"iza":568," l":8602,"kif":518," m":27935," n":19872," o":327,"kik":333," h":7652," i":9059,"kij":166,"kim":258," j":5212,"kil":389," k":27977," d":1010," e":802," f":914,"kia":390," g":257," a":6533," b":1252," c":2191,"kiw":279," y":17767," z":2257,"kin":442," u":4361,"kio":148," t":2402,"kip":379," w":34366," v":1482,"kis":520," p":2154,"kit":315," s":6097," r":837,"ki ":2193," J":2627," K":12017," H":1638," I":2128," N":2678," O":803," L":1487," M":12665," B":2646," C":2112," A":4277," F":1046," G":1172," D":1740," E":782," Z":375," Y":513,"и":142," S":3229," R":1588,"а":137," P":2015," W":4707," V":1031," U":3052," T":5117,"kea":156,"kem":150,"ke ":1988,"ku ":187,"kri":520,"kon":141,"koa":3734,"ko ":1214,"ل":165,"ا":240,"juu":155,"jul":257,"jum":177,"kaz":5045,"kaw":137,"kat":14149,"kar":374,"kas":316,"kan":2795,"kao":197,"kal":354,"kam":1048,"kad":160,"kab":375,"ka ":19783," Ga":196,"Da":365," Ge":229,"Co":364," Fr":177,"Ch":770," Ha":622," He":218," Go":142,"Do":469," Gr":177," Gu":142,"De":497,"Di":169,"Fe":311," Id":148,"Fa":160," Hu":173," Ho":177," II":154,"ha ":2668," Hi":392,"Ge":229," Ji":535,"Ga":198," Je":286,"I ":397," Ja":792,"Fr":177," Ir":284," Is":141," It":181," In":316," Ik":143," Il":224,"ham":522,"han":444,"hap":154," Ka":2225,"hai":238,"haj":163,"hak":611,"hal":314," Ke":708," Ki":3568,"har":1714,"has":255,"hat":148," Jo":255,"II ":207," Ju":691,"hag":267,"hab":181,"had":740," La":231," Le":207," Li":441," Ko":414," Ku":695," Kw":4009,"Au":181," Ma":4258," Mb":461,"Ar":475,"As":222," Mk":3388,"Ba":771," Mi":685," Mj":478," Me":615,"Af":445,"he ":544,"Ag":372," Lo":213,"Am":241,"An":463,"Ap":290," Lu":315,"Al":840," Ne":518,"Bu":429,"Br":278," Na":464,"Ca":592," Ni":435,"Bi":308," Mt":420,"Be":362," Mp":146," Mo":643,"Bo":282," Mu":471," Mw":545,"Ku":695,"Kw":4009,"Ko":415,"hez":299,"Le":210,"Li":441,"hes":336,"her":275,"hen":226,"hem":395,"La":231,"Lu":315,"Lo":213,"Me":621,"hi ":3880,"Mi":690,"Mj":478,"Mk":3388,"Ma":4263,"Mb":461,"Mw":546,"Mu":475,"Mt":420,"Mp":146,"Mo":643,"Ni":437,"Ne":518,"Na":466," Ap":290," Am":240," An":463," Al":833,"Ny":247," Ag":372," Af":443,"No":466," Ba":766,"Ok":277," Au":181," As":222," Ar":474," Be":362," Bi":308,"hio":2603,"Gr":177,"Go":143,"hin":1991,"him":244,"hil":432,"Gu":142," Bo":282,"hii":230," Br":278," Bu":429,"his":266,"hir":394,"Ha":622," Ca":582,"hiy":239,"He":219,"II":286,"Hi":393," Ch":768,"Ho":179,"Hu":173," Co":362,"K ":152,"Id":148," Da":365," Di":167,"In":317," De":495,"Ik":143,"Il":226,"Is":141,"It":181," Do":469,"Ir":284,"Ja":792,"Ji":536,"Je":286,"Jo":255,"Ju":691,"Ka":2234,"Has":225,"ho ":334," Fe":311,"Ki":3577," Fa":159,"Ke":708,"Us":172,"Ut":325,"Ur":181,"go ":920,"Un":355,"Uk":150,"Ul":189,"Ui":244,"Uj":249,"Uh":170,"Uf":251,"Uc":175,"Tu":237,"To":205,"Th":275,"Te":258," Wi":3377,"Ta":3841," We":188," Wa":1003,"St":260,"Su":178,"Wi":3380,"Wa":1003,"We":189," Zi":141," Za":152,"Vi":670," Yo":250,"Pr":150,"Pe":270,"goz":233,"Pa":858,"Po":195,"Pi":163,"gom":190,"gon":205,"gos":279,"gor":306,"Se":532,"gu ":424,"Si":424,"Sh":518,"So":239,"Ru":370,"Sa":668,"Re":188,"Ri":138,"Ro":385,"Ra":354," Po":195,"guj":253," Pi":163," Pe":270," Pa":857," Ny":247," No":466," Ok":277," Ra":354,"b ":211," Ro":385,"gwe":166," Re":188," Ri":138,"gwa":280,"guz":429," Pr":150,"a ":143240," Su":178," St":248," Ta":3838," Th":274,"Yo":250," Te":257," To":205," Ru":370," Sa":668," Sh":517," Si":421," Se":528," So":239," Vi":666," Tu":231,"Za":152,"Zi":141," Uc":175," Uf":251," Uh":170," Ui":243," Uj":249," Uk":150," Ul":189," Un":355," Ur":181," Us":172," Ut":325," ja":134,"iak":142,"i ":52347,"ian":874," ji":4522,"ias":364,"ge":1928,"iar":235," je":226,"ga":2900," im":145," in":3363," ik":274," il":4878,"fi":1075,"fr":504,"fu":1927,"fo":752,"ibl":142,"ibi":603," ka":16147,"gw":483," ki":3027,"he":2541,"ibu":4111,"ha":8898,"gl":145,"gi":1836,"gh":1233,"gu":1858,"iba":566," ju":300,"go":2336,"du":838,"dw":136,"g ":607," ha":1606,"ea":1091,"eb":539," he":144,"ec":251,"ed":686,"de":1841,"di":4816,"dh":617,"do":1639,"ia ":9119,"dr":203,"ew":912,"ex":163,"eu":261,"ev":332,"ey":739,"ez":1828,"fa":6104,"h ":704," id":219,"fe":174,"eh":737," hi":990,"eg":644,"ef":303,"ee":307,"el":2120,"ek":2577,"ej":155," ho":139,"ei":650,"ep":643,"eo":1165,"en":9965,"em":2423,"et":1296," hu":4749,"es":2258,"er":4147," nj":147,"ca":364," ni":9330,"e ":10467," ng":147," nd":690,"bw":843," nc":2455," na":6269,"br":408,"bu":5373,"bo":2905," mw":6857,"bl":321," mu":4335," mt":648," ms":331,"bi":2134," mp":280," mo":680," mn":1501,"be":1280," mm":157,"ifu":393,"da":3239,"f ":246,"ifo":606," of":164,"co":390," ny":523,"ck":301,"ci":283,"ch":7388,"ce":365,"ifa":585," le":184,"c ":192," li":859," la":7153," ku":5668,"ich":830," kw":2736," km":140,"ica":140," ko":150," me":184," mf":368,"az":6015,"ay":5308," mi":1257,"ba":6016," mj":5191," mk":1617,"d ":1205,"at":22079,"as":4908,"ar":9773," ma":3449," mb":469,"aw":1490," mc":155,"av":414,"au":1667," lu":341,"ak":14678,"al":8458,"idi":551,"ai":5267,"aj":1998,"ao":6210,"ap":5739,"ide":157,"am":9111,"an":29556,"ac":1224,"ad":3126,"ida":813,"aa":1773,"ab":2568,"ag":1596,"ah":1414,"ae":682,"af":1092,"nu":591,"nt":1270,"ns":4895,"no":1318,"nn":478," am":1335," an":488,"nz":5093," ai":153,"iin":242,"ny":7307," aj":134," ak":183," al":2589,"of":4380," au":941,"oc":308,"od":678,"oa":4118,"ob":631," at":195," as":220,"om":1846,"on":3853,"ok":2328," ba":679,"ol":1930,"oi":1488,"oj":1425,"og":855,"oh":360,"ija":140,"ot":1280," bi":222,"os":1066,"ov":580,"ou":534,"ije":137,"op":845,"oo":318,"or":2938,"iji":1232,"r ":1622,"ow":244,"oz":397,"oy":154,"pe":836,"pa":6921,"po":1264,"ph":151,"pi":2193,"ika":13864,"lo":1408,"lm":337,"Ida":135,"ll":791,"ls":182,"iga":224,"ii ":525,"lu":868,"lt":178,"igh":170,"igi":384,"ly":147,"o ":24303,"mc":173,"igo":169,"ma":8274,"mb":6660,"mh":261,"me":2630,"mf":564,"mk":1733,"ml":210,"mi":3477,"mj":5199,"mn":1546,"mm":321,"mp":578,"ihe":138,"mo":6079,"mr":140,"mt":753,"ms":447,"mu":6394,"mw":6988,"ihi":187,"p ":352,"na":23279,"nc":2788,"nd":5575,"ne":2353,"ng":6858,"ni":24361,"nj":567,"nk":135,"imo":196," es":141," en":369,"ju":713,"imf":161,"ime":354," el":223,"jo":133,"imi":180,"ki":6922,"kh":154,"ind":834,"ke":2748,"ina":8001," fa":353,"ka":45110,"imu":392,"m ":727," fu":177,"kw":3124,"ino":181,"ks":210,"kt":463,"ku":10532,"ins":133,"ko":5804,"ine":479,"ing":1959,"kr":669," fi":274,"ini":4598,"km":156,"li":17984,"le":2997,"ld":221,"lf":159,"la":14880,"lb":250,"iny":275,"n ":3144,"iko":612,"hw":492,"ht":198,"hu":6825,"iki":2488,"hi":11111," ch":2090,"hn":150,"ho":1180,"ila":4379,"id":1813,"ic":1403,"ib":5595,"ia":11251,"ih":490,"in ":378,"ig":1252," da":146,"if":1790,"ie":672,"iku":2496,"k ":628,"ilo":373,"ir":1982,"is":9376,"it":2904,"ill":288,"iu":466,"iv":385,"iw":2556,"ii":989,"ij":1580,"ik":19966," de":224,"ili":8251,"il":13887,"im":4832,"in":17333,"io":4395,"ile":321,"ip":1169,"ima":914,"je":934,"imb":2471,"io ":2960,"ji":17145,"iz":1362,"iy":4997," du":302,"l ":1018,"ja":2368,"z ":191,"wi":1773,"wo":202,"vy":671," za":1702,"y ":1239,"wa":56175," zi":456,"we":2203,"vi":1632,"vu":418,"vo":138,"uz":1451,"uw":2877,"uv":252,"uu":3068," ye":258,"ve":578," ya":17428,"va":328,"x ":213,"ui":563,"uj":4429,"uk":1643,"ul":2575,"ue":357,"uf":741,"ug":901,"uh":626,"ur":1919,"us":3274,"ut":2784,"um":5397,"un":5099,"uo":368,"up":1077,"ty":166,"tu":2287,"tt":391,"tw":473,"ub":1112,"ua":2111,"ud":534,"uc":476,"w ":435,"to":4407,"huk":345,"hul":146,"tl":220,"ts":343,"tr":455,"te":2280,"ti":12092,"th":999,"ta":14867,"su":644,"ss":500,"st":1842,"sw":308,"sl":142,"sk":865,"sm":139,"sp":289,"so":683,"sc":179,"se":5649,"sh":8151,"si":4764,"u ":13704,"sa":7736,"rr":220,"rs":467,"rt":620,"ru":2279,"ry":287,"ro":1786,"rn":619,"rm":257,"rl":223,"rk":320,"ri":8157,"rg":403,"re":3855,"rd":556,"rc":143,"rb":136,"ra":5018,"t ":1231,"s ":3025,"pt":348,"pu":357,"pw":193,"pr":381," sa":589," se":4480," si":369," sh":318," ra":432," ri":188,"hwa":473,"huo":175,"hum":2789,"hun":282,"hus":506,"hur":418,"huu":1333," pe":176," pa":632," pi":931," wa":33135," we":275," vy":396," wi":862," vi":1013," uc":144,"zi":8597,"ze":368,"za":8043," tu":189,"zw":257," us":165," ut":249," up":502," um":247,"zu":272," un":1571," uk":210,"zo":952," ul":573," uh":139," ta":1410,"ye":2395,"ya":24129,"yu":306," to":170," th":289,"yo":5888," te":201,"yi":4283,"Apr":266,"Asi":146,"Aru":195,"far":316,"fam":283,"fan":4203,"fal":292,"fa ":488,"eya":259,"Bah":237,"Bar":140,"eza":1136,"ezo":172,"ezi":237,"eta":229,"ete":154,"eti":253,"est":247,"ett":212,"ew ":355,"evi":165,"ewe":148,"ey ":361,"ewa":358,"er ":615,"epa":149,"es ":640,"ept":299,"eri":650,"ere":660,"era":456,"Afr":406,"esh":359,"ese":306,"esa":279,"eru":498,"Ago":254,"ert":152,"ers":339,"eku":184,"en ":297,"ela":204,"ele":786,"eli":360,"ell":177,"eo ":852,"emb":1055,"ema":157,"eme":314,"emi":276,"emu":365,"ene":704,"eng":671,"ena":283,"end":498,"eno":221,"eni":486,"ens":4087,"ent":441,"eny":1803,"Ali":478,"ege":351,"Ame":158,"ehe":647,"Ana":176,"el ":260,"eke":267,"eka":1754,"giz":193,"gir":232,"gin":349,"gid":165,"ght":136,"gha":925,"gi ":572,"gen":204,"ger":781,"ge ":611,"gaz":140,"gar":155,"gan":693,"ga ":1334,"Cal":307,"fup":194,"Bib":137,"fua":317,"fum":143,"fun":167,"fri":445,"fu ":810,"for":356,"fo ":342,"fil":269,"fik":168,"fiz":146,"da ":1525,"de ":752,"dad":386,"dae":220,"dar":151,"dan":305,"dam":173,"Des":272,"Dar":167,"Chi":216,"Chu":136,"Cha":300,"ch ":165,"cha":2430,"chu":596,"ck ":143,"che":571,"chi":3152,"cho":370,"ed ":154,"ebr":313,"ea ":663,"ei ":346,"efu":197,"edi":297,"ee ":156,"don":150,"dom":308,"dol":151,"dog":335,"dun":335,"dha":302,"dia":330,"dhi":240,"der":146,"deg":261,"del":152,"di ":2661,"do ":429,"Dod":240,"diy":201,"din":291,"dis":387,"dik":302,"ri ":2373,"rez":420,"rea":148,"ref":154,"reh":266,"ren":163,"rek":1672,"re ":305,"rd ":213,"ras":256,"rat":173,"Ni ":218,"New":381,"rai":160,"ran":867,"ram":226,"rab":297,"rad":150,"ron":135,"rog":253,"rne":169,"rni":283,"ro ":593,"riw":166,"ris":508,"ril":300,"rik":1688,"rin":373,"ria":769,"rib":1011,"ric":160,"rk ":191,"ruf":262,"rum":452,"ruk":315,"rus":423,"ry ":194,"rse":228,"Nya":144,"rua":234,"rt ":160,"ru ":273,"sab":458,"sac":139,"san":482,"sas":180,"sa ":5643,"Nov":242,"sha":1745,"sho":271,"she":240,"shi":5099,"si ":1365,"siw":355,"sia":608,"shw":458,"shu":187,"sis":157,"sin":881,"sil":283,"sim":158,"sik":319,"sey":212,"ser":175,"set":147,"Okt":259,"seh":319,"sen":4083,"sem":335,"spa":151,"son":242,"su ":198,"st ":167,"sko":136,"ska":599,"so ":134,"ssa":198,"ste":192,"sta":295,"sto":444,"sti":401,"str":197,"swa":181,"tai":280,"taj":233,"tak":462,"tal":339,"taa":220,"tab":242,"taw":344,"tat":292,"tar":668,"tao":3872,"tan":641,"tam":288,"te ":507,"ta ":6480,"pa ":765,"pat":4120,"pak":235,"pap":248,"pam":300,"pan":895,"pi ":233,"ped":156,"Pap":368,"pia":789,"pil":189,"pin":267,"pis":162,"pit":144,"po ":743,"pte":287,"pri":298,"pwa":189,"Rai":176,"ra ":1932,"ngo":958,"ngi":1065,"ngu":1084,"ngw":363,"ni ":18823,"Iri":209,"nge":937,"nga":1742,"Ita":147,"neo":505,"nes":161,"ng ":405,"nch":2504,"ne ":911,"ndu":263,"ndo":574,"ndi":1835,"nde":1085,"nda":1162,"nak":251,"nal":257,"nam":1855,"nan":221,"nao":1457,"nap":185,"nac":183,"nad":288,"naf":402,"nai":158,"naj":196,"nd ":409,"nat":353,"nas":439,"nay":454,"na ":15738,"Jan":271,"Jam":281,"nya":1379,"Jer":215,"nye":1338,"nyi":4239,"nus":133,"nua":282,"Jim":174,"Jin":277,"nti":403,"nta":151,"nte":177,"nsi":211,"nsa":4269,"nt ":232,"ns ":140,"nne":236,"no ":948,"nji":138,"nja":269,"Joh":134,"nia":4199,"nis":530,"ogo":593,"ois":1291,"oji":173,"oja":1149,"Jul":285,"Jun":259,"odo":288,"of ":150,"ofu":134,"ofa":3991,"oa ":3810,"oan":188,"oba":375,"nza":3817,"nzi":1111,"Kai":144,"Kag":175,"Kal":167,"Kan":354,"Kat":474,"Kas":372,"Kar":232,"Ken":632,"ozi":165,"Kis":329,"Kir":165,"Kit":204,"Kin":148,"Kib":138,"Kia":309,"ote":378,"Kik":287,"Kil":453,"Kim":202,"oto":331,"Kig":295,"Kii":249,"ost":309,"ota":195,"ove":320,"opo":325,"os ":178,"or ":161,"Kon":197,"orn":300,"oro":673,"ore":188,"ori":369,"ort":147,"ora":378,"ola":427,"on ":838,"oli":431,"ole":357,"olo":331,"oka":1580,"oke":163,"oko":236,"oku":141,"ona":230,"ond":383,"one":151,"ong":860,"oni":784,"oma":766,"omb":303,"omi":249,"omo":182,"op ":143,"la ":8089,"le ":1011,"Kwa":3975,"laa":157,"lai":293,"lak":564,"lan":660,"lam":497,"lat":186,"lay":3727,"Kus":393,"lba":165,"kuz":236,"kuw":2713,"kuu":1305,"kut":1795,"kus":492,"kur":190,"kup":186,"kun":409,"kum":210,"kul":297,"kuj":187,"kwe":591,"kwa":2512,"kub":762,"kuf":233,"kuh":134,"kua":620,"kto":308,"lom":136,"loj":136,"lme":241,"Lin":225,"lug":350,"lu ":155,"li ":2787,"lez":192,"lew":193,"lev":140,"les":155,"leo":178,"lem":198,"len":254,"lek":133,"lo ":347,"lla":138,"lle":153,"lli":198,"ll ":147,"lit":241,"lis":337,"lip":257,"lio":738,"lin":627,"lim":922,"liz":411,"liy":4415,"liw":979,"lic":340,"lia":1497,"lik":2742,"lil":529,"lih":179,"lif":397,"ma ":2611,"mb ":139,"maa":449,"maj":397,"mak":522,"mad":206,"mae":140,"mag":342,"mar":439,"mas":613,"mal":159,"mam":161,"man":1055,"mat":406,"mba":3047,"mbi":361,"mbe":389,"mbo":2343,"me ":516,"mbu":267,"mch":170,"met":211,"mer":252,"men":492,"mfa":152,"mez":387,"mfu":373,"Mei":250,"Man":216,"Mar":1940,"Mas":472,"Mag":282,"Mak":206,"Mac":287,"Mbe":273,"mpi":142,"mon":163,"moj":1127,"mpa":160,"Mor":279,"mu ":1602,"mtu":175,"mto":226,"Mic":182,"Mis":147,"msh":144,"mta":228,"mwe":383,"mwi":345,"Mko":3178,"mwa":6205,"Mku":138,"Mji":464,"muj":3839,"muz":374,"mhu":232,"Mtw":147,"mi ":359,"mji":5175,"min":192,"mil":749,"Mwa":460,"mit":295,"mia":630,"mik":321,"mo ":4413,"mku":1038,"mko":539,"mna":1501,"mmo":145,"Wik":149,"Wil":3077,"Wan":148,"zwa":252,"zi ":5785,"zai":249,"zaj":254,"zam":177,"zan":3194,"zal":783,"zar":173,"zo ":612,"zia":533,"zin":815,"zil":197,"zik":548,"zis":240,"一":303,"yof":3874,"yot":286,"za ":2981,"ye ":1320,"yen":237,"ya ":21762,"yar":252,"yan":567,"yao":167,"yam":250,"yak":657,"yo ":973,"yin":213,"yik":3954,"一一":144,"Tan":3407,"Tab":164,"Shi":315,"Sin":201,"Sep":283,"we ":401,"wez":265,"wen":1037,"wim":286,"wil":741,"Sal":197,"vyo":257,"wa ":33121,"wap":4111,"wan":3901,"wal":617,"wam":169,"wak":9923,"way":141,"wat":368,"war":238,"was":172,"wai":2667,"wah":176,"vu ":165,"vya":351,"vil":200,"vin":183,"vit":187,"vis":284,"Rom":180,"vem":244,"Vij":328,"uzi":743,"uza":470,"Uje":235,"uwa":2760,"uvu":174,"ush":417,"usi":1319,"use":183,"usa":176,"uu ":2892,"usu":216,"ust":207,"uso":141,"uti":211,"ute":137,"uta":560,"Uin":218,"utu":215,"uto":1436,"us ":536,"Ung":252,"ura":183,"ure":140,"uri":491,"uru":630,"unz":137,"Ula":150,"upa":554,"upi":311,"umu":162,"umi":484,"umo":2705,"uma":686,"umb":661,"ume":297,"uo ":238,"uni":940,"und":747,"una":1741,"ung":1193,"uku":302,"uko":457,"uki":429,"uka":247,"ulu":258,"uli":1405,"ule":192,"ula":478,"ukw":139,"uhu":267,"uji":4010,"uja":302,"Utu":261,"ugh":514,"ufu":352,"uhi":136,"ugu":137,"udi":174,"ubw":695,"uch":343,"ufa":176,"ufi":189,"ua ":369,"uat":317,"uar":494,"uan":690,"uba":185,"Uch":175,"ty ":146,"twa":450,"tur":369,"tun":270,"tum":424,"Ufa":219,"ts ":214,"tu ":896,"The":164,"tts":142,"to ":986,"tob":268,"tom":167,"ton":281,"tok":1553,"tol":482,"tor":246,"tik":8147,"tis":158,"tin":351,"tio":199,"thu":171,"tia":156,"tem":384,"ten":273,"tel":171,"th ":160,"ter":432,"ti ":2389,"the":225,"thi":213,"biw":209,"bis":191,"bil":315,"bin":256,"bo ":2326,"bli":173,"bor":262,"be ":229,"bam":230,"ban":516,"bal":619,"bah":147,"baa":227,"bab":179,"bay":333,"bar":432,"bao":277,"bi ":662,"ber":216,"bel":151,"bey":251,"bia":222,"ce ":176,"bu ":4649,"bru":221,"bur":149,"bun":177,"bwa":786,"aka":10583,"am ":337,"ake":1982,"aki":644,"aji":1355,"aju":170,"al ":304,"aja":293,"ain":393,"air":222,"ais":2933,"aif":267,"aid":437,"ahi":308,"aha":751,"agh":475,"agu":395,"aoi":1233,"anu":344,"anz":4756,"any":4453,"ano":638,"ann":141,"ant":323,"ans":490,"ane":261,"ang":1660,"ani":7747,"anj":260,"ana":4702,"anc":133,"and":2300,"amu":1047,"amo":1890,"amp":179,"amh":222,"ami":838,"ame":637,"amb":1658,"ama":1868,"ao ":4649,"alo":269,"alm":262,"all":133,"ali":5324,"ale":476,"ala":1026,"alb":152,"an ":1167,"akr":376,"aku":502,"ako":215,"aba":751,"abe":140,"abi":660,"abo":208,"abu":582,"ae ":291,"aad":302,"aan":389,"aal":140,"aam":185,"aar":236,"aa ":361,"afi":303,"ai ":477,"aga":223,"age":227,"afu":225,"aen":162,"ael":172,"afa":411,"ado":269,"adh":288,"adi":1538,"ach":840,"ada":637,"azo":205,"azi":5401,"aza":186,"ayo":638,"aya":4140,"aye":284,"ba ":2178,"are":1998,"ard":317,"ara":2057,"aro":249,"ari":3153,"aru":316,"art":243,"au ":993,"asa":1084,"asi":1169,"ash":895,"ask":665,"ar ":568,"apa":4869,"api":162,"apo":406,"as ":271,"aut":148,"awa":1126,"awi":190,"ata":10070,"ast":167,"ass":197,"ato":634,"ate":225,"ati":9962,"ath":135,"atu":749},"n_words":[1316698,1560317,1165243],"name":"sw","type":"latin"}