{"freq":{"ٹ":7565,"پ":19909,"ٰ":348,"و":91887,"ي":164757,"ً":561,"َ":343,"ُ":600,"ـ":316,"ف":15396,"ق":19382,"ك":314,"ل":61015,"م":85213,"ن":73500,"ه":210,"ّ":218,"ِ":1208,"خ":10520,"د":42999,"ج":29799,"ح":15399,"ت":63424,"ث":2772,"ب":46160,"ئ":12622,"ا":210246,"ؤ":741,"آ":6835,"ء":3457,"غ":3607,"ع":26594,"ظ":4173,"ط":9560,"ض":4853,"ص":11646,"ش":17043,"س":59068,"ز":13283,"ر":100269,"ذ":2393,"،":8584,"؛":310,"ہ":81948,"ۃ":194,"ۂ":442,"ے":72723,"ۓ":1226,"۔":21285,"گ":13942,"ک":96247,"ھ":18217,"ں":33709,"چ":6431,"ڈ":3486,"ڑ":2986,"ژ":212," ،":2410," ۔":1318," ہ":33487," ھ":395," گ":5518," ک":67994," ن":12353," ل":8072," م":43729," ق":5408," ك":206," ف":4429," ي":9396," و":11189," ص":3954," ش":8375," ط":3503," ض":1387," ر":7523," ذ":1057," س":22509," ز":3628," ع":9286," ظ":270," غ":946," ا":57235," ء":2548," آ":6281," ج":19940," ح":6228," خ":5235," د":11120," ب":20334," ت":17083," ث":374," چ":3475," ڈ":1133," ٹ":932," پ":14925,"کا ":9732,"کت ":188," ، ":2340," ء ":2420," و ":1367," بھ":3806," جن":2286," حا":1179," جل":205," بہ":901," جم":727," جي":597," جو":3440," جد":255," جس":2699," جز":358," جر":340," اے":201," اہ":629," جا":6670," جب":836," تي":855," اک":704," بڑ":974," اگ":491," خل":943," تہ":199," تھ":4319," خي":280," خو":966," دا":1316," خص":169," خر":184," خد":283," خط":402," حق":234," حي":633," تک":1112," حم":243," خا":1564," حر":509," حس":437," حد":214," حض":717," حص":647," بے":210," بن":2795," بل":1071," بغ":190," بع":1385," اُ":270," بر":1803," اي":8027," او":11360," بد":254," بح":524," اق":467," اف":961," ال":4248," با":2739," ان":6816," ام":1333," اط":314," اع":876," اد":879," ار":1330," از":241," اس":10716," اش":424," اص":842," اض":219," اب":1381," ات":313," اث":175," اج":297," اح":507," اخ":805," تو":1190," بچ":211," تن":378," تم":482," تق":681," تف":194," تع":1588," تش":261," تص":444," تر":1553," تخ":375," تج":367," تح":884," تا":1192," تب":411," اپ":1467," اٹ":312," بو":485," بي":1555," آپ":775," آل":254," آن":292," آي":279," آخ":168," آر":246," آت":368," آج":212," آئ":402," آب":1319," آف":180," آس":249," آز":331," عہ":219," سے":9513," شک":419," طو":1200," ظا":186," عظ":314," عر":1083," عد":298," عث":218," عا":1056," عب":533," شہ":1939," عي":293," عل":2998," عم":1153," عن":249," عو":213," غي":270," سع":194," سط":261," دھ":223," سف":224," سي":1366," سو":980," سم":787," دہ":248," شا":2109," سن":832," سل":1069," شر":734," شخ":260," شع":372," شي":299," شم":1497," صا":255," صر":324," رک":1032," صح":380," صد":878," صل":252," صف":254," صو":1376," رہ":1328," ضر":190," ضل":1004," طا":301," طب":638," سک":803," طر":1051," دس":404," در":2025," دي":2436," دو":2534," دن":789," دل":217," ذر":344," جگ":269," حک":746," ذي":205," جہ":593," را":903," جھ":293," رس":334," ري":940," زر":261," رق":405," رو":1485," زب":1015," زا":201," رن":190," زي":935," سر":1466," زم":612," سب":960," سا":2953," زن":311," ست":266,"گھر":200,"گہ ":210," ہے":16945,"گوں":240,"گيا":1207," ٹا":182," پڑ":329," پن":536," پو":662," پي":2142," پا":3033," پت":168," پر":5135," پش":170," پس":187," ٹي":317," لف":878,"ں، ":508," لغ":168," لح":265," لئ":237," لا":1034," مل":1468," مق":1520," مف":313," مغ":611," مع":1708," مط":921," مض":238," مص":513," مس":1572," مش":1902," مر":2119," مز":309," مد":642," مذ":261," مح":1355," مخ":914," لي":2681," مث":406," مج":498," لو":614," مت":1246," ما":1837," نف":215," نق":288," نم":568," نظ":923," نس":373," نش":178," مم":601," من":1456," نا":2714," نب":179," مو":1833," مي":17546," نج":183," وا":3957," لڑ":168," نو":730," ني":646," فض":168," فر":1011," فا":763," فت":168," قس":291," قص":318," فل":520," قا":1019," فن":193," فو":398," قب":691," في":493," قد":579," قر":855," فٹ":171," قل":240," قو":565," قي":355," وہ":1582," يہ":4254," لک":550," وج":661," لگ":411," وس":430," وز":353," ور":376," وغ":293," ول":235," وق":563," وف":272," مک":558," وي":428," لے":206," مگ":362," مہ":365," يا":2941," نک":275," نگ":248," يع":665," نہ":1220," يو":1100," نے":2696," گھ":362," ہو":7614," ہم":409," ہن":745," ہي":5912," ہز":243," ہر":384," ہا":430," ہج":240," کت":582," کر":5496," کس":1214," کش":187," کل":1235," کن":341," کم":719," کو":6421," کي":15836," کا":11009," کئ":348," کہ":5408," کھ":713," گا":490," گئ":863," کے":17634," کچ":321," گن":214," گل":202," گي":1388," گو":519," گر":807," ۔ ":1018," پہ":1353," پھ":659," چت":240," چا":498," چل":252," چي":492," چو":467," چن":303," ڈا":359," ڈي":297," چھ":653," چک":241,"کٹر":175,"کيے":174,"کي۔":282,"کلا":210,"کلو":610,"کلي":168,"کيا":2343,"کيو":230,"کيم":299,"کين":186,"کيل":348,"کمي":186,"کمل":193,"کنا":202,"کوئ":495,"کور":176,"کوم":779,"کرا":507,"کتے":245,"کسي":1209,"کست":1507,"کزي":242,"کري":262,"کرت":1247,"کرد":421,"کرن":1152,"کرک":265,"کار":1107,"کائ":219,"کئي":281,"کان":309,"کام":558,"کال":425,"کتي":199,"کثر":209,"کتا":937,"کم ":404,"کل ":646,"کن ":715,"کي ":12997,"کو ":5510,"کر ":2045,"کز ":207,"کس ":278,"گور":172,"گري":1479,"گرو":225,"گرد":220,"گرا":170,"گاہ":224,"گئے":444,"گار":222,"گئي":576,"گي ":628,"کہل":354,"کہت":572,"کہا":1480,"کھا":567,"کھت":425,"کھو":307,"کھن":402,"کھي":483,"گر ":1024,"گا ":209,"کے ":18223,"کچھ":310,"کھ ":350,"کہ ":4209,"ا، ":388,"ھا۔":1135,"ھائ":250,"ں۔ ":2401,"ھان":195,"ھار":432,"عہد":221,"ھتے":283,"پان":548,"پار":326,"پاس":169,"پائ":259,"ہ، ":321,"پي ":246,"ئي ":3847,"ات ":5026,"اح ":512,"اج ":434,"ئم ":385,"پرو":236,"پري":221,"ئل ":289,"اب ":1615,"اء ":706,"اؤ ":172,"پاک":1528,"پنج":401,"پنا":177,"ئع ":214,"پور":484,"پني":552,"ئش ":369,"ھي ":3674,"ئر ":279,"بت ":362,"فر ":258,"ان ":9264,"با ":254,"فظ ":915,"ہم ":759,"اً ":534,"ہو ":977,"پنے":725,"اف ":395,"پيش":361,"پيد":1076,"ام ":5824,"ال ":3321,"ہي ":1279,"اق ":313,"اظ ":454,"اع ":255,"ہائ":399,"ہات":210,"ہار":307,"ار ":4602,"اخ ":174,"فت ":347,"اد ":2459,"ہاں":875,"اص ":271,"از ":1002,"اس ":6443,"ہان":212,"ارے":550,"اطا":177,"ھوا":216,"اسک":1125,"ت، ":322,"بي ":1989,"اضي":270,"بو ":188,"اصط":318,"اصل":1371,"ارہ":558,"اسے":795,"اعت":501,"اعد":311,"اعر":317,"ھوٹ":341,"ھيل":511,"اطي":187,"ھنے":355,"اعظ":290,"ھوں":204,"اعل":259,"قع ":1257,"فار":420,"ھيں":343,"فات":329,"فاظ":273,"ادا":654,"اخل":199,"اتھ":922,"ھي۔":577,"احي":174,"اخت":714,"احم":281,"احت":209,"ئي۔":457,"ہا ":1654,"ارا":821,"ادي":1677,"ئيں":363,"ادل":266,"ادب":182,"ادت":200,"بق ":617,"ادر":214,"اتے":523,"ازي":292,"است":1978,"اري":1870,"ارن":318,"ارو":652,"ہت ":499,"ارف":181,"ارس":382,"بل ":520,"ارد":993,"ارت":911,"ارک":342,"اشي":236,"اسم":259,"ادہ":769,"اسل":804,"اشا":172,"اسي":947,"ارٹ":196,"بن ":873,"بع ":355,"ائد":205,"ائر":395,"ائش":451,"ائع":219,"ائن":582,"ائم":404,"ائل":355,"ائي":3099,"ئنس":292,"ابت":325,"ابر":254,"اؤں":202,"ہد ":227,"ابي":488,"ابل":415,"ابق":678,"ابو":358,"ابن":262,"اتح":175,"اتا":3152,"ہر ":2189,"اثر":224,"ؤں ":253,"اتي":1903,"قت ":631,"ائے":1094,"اجا":187,"بر ":849,"في ":604,"عظي":276,"عظم":356,"پڑھ":180,"عري":274,"عرو":255,"عرب":766,"عرا":186,"عدا":424,"عدد":310,"عثم":220,"ظيم":431,"عبد":345,"عات":242,"شہو":678,"شہر":1734,"عال":536,"عام":681,"عاش":251,"عار":177,"صے ":201,"پہن":208,"پہل":895,"غرب":546,"طہ ":206,"عيا":204,"عيس":213,"پھر":309,"پھي":228,"عمل":531,"عمو":341,"عمي":283,"عمر":256,"غان":180,"عني":881,"غاز":188,"علا":1570,"علق":602,"علي":1229,"علو":368,"عما":1154,"علم":738,"آتا":178,"آئي":238,"آبا":1188,"آخر":190,"آزا":306,"ھر ":618,"آن ":225,"ھا ":1233,"غير":796,"آيا":202,"عے ":290,"آپ ":665,"عہ ":760,"جسم":317,"جزي":258,"خت ":294,"جرا":223,"جري":262,"شعب":197,"جزا":198,"جرم":182,"بکہ":367,"ثيت":188,"ذہب":185,"شما":1408,"جبک":363,"اہم":638,"جائ":411,"اہل":181,"جات":4030,"اہو":304,"جاب":370,"جاس":338,"اہي":375,"جار":388,"جان":1341,"جام":298,"رے ":1358,"بہت":604,"رکز":477,"بہا":219,"صبہ":185,"جما":288,"رکا":241,"صحا":176,"رکي":303,"صدر":477,"حال":384,"جنو":753,"ہے۔":9056,"صدي":342,"حاد":180,"حاص":632,"حاظ":206,"جمع":225,"جمو":257,"شيا":452,"خط ":169,"بھي":3076,"بھا":585,"ضي ":277,"صطل":323,"جسے":332,"رکھ":862,"صرف":317,"جسک":274,"زہ ":268,"طب ":280,"تک ":956,"خي ":172,"حرک":215,"حضر":635,"حصي":251,"دت ":251,"حدہ":191,"سٹي":260,"حسا":181,"دا ":1143,"حسن":171,"سٹر":203,"حرا":239,"حري":437,"طح ":229,"تہ ":472,"تھ ":814,"صوص":325,"ہے،":923,"صول":176,"حدي":195,"صور":542,"صوب":1118,"رہي":215,"رہن":216,"جمہ":270,"رہا":394,"جنگ":528,"جيس":335,"رہت":193,"صلا":189,"جود":775,"ضرت":619,"ضرو":182,"خان":852,"خاص":306,"خار":176,"حمد":801,"حقي":267,"تے ":3295,"رہے":389,"صيل":310,"دس ":176,"در ":1119,"دد ":492,"حصہ":359,"دن ":286,"ٹا ":239,"دو ":1561,"ظر ":265,"خصو":323,"ر، ":449,"دي ":2904,"حير":216,"ضلع":1009,"حيا":329,"ختل":505,"حيث":191,"ختي":341,"سے ":11230,"طان":608,"طال":493,"طاب":536,"طبي":334,"دل ":339,"دم ":215,"خلي":574,"سکت":863,"تہا":216,"سکا":323,"سکي":300,"خلا":443,"سکو":402,"دان":840,"دال":423,"تھے":1383,"دائ":580,"دار":1737,"داز":181,"داد":564,"طرح":391,"طرز":173,"طرف":300,"خوا":291,"خود":282,"طري":194,"ظم ":393,"شہ ":199,"سکے":358,"خيا":180,"عت ":511,"تھي":1189,"عد ":1126,"تھا":1925,"رج ":392,"ٹي ":724,"رت ":2032,"رد ":384,"طلب":258,"طلا":420,"عض ":255,"رح ":408,"طور":1195,"ظام":601,"طنت":356,"شکل":258,"را ":761,"دست":238,"رب ":643,"ظاہ":223,"درس":185,"درج":475,"درا":374,"دري":711,"جہ ":949,"درم":359,"درو":190,"دون":230,"ظري":241,"صہ ":469,"دور":724,"دوس":950,"دني":624,"دوں":249,"رف ":993,"ديو":334,"ديم":368,"دين":825,"ديل":228,"ديا":819,"ديت":278,"ديد":212,"ٹر ":1167,"رس ":290,"عي ":320,"دما":182,"جے ":273,"اقو":437,"اقي":177,"اقت":219,"اقا":176,"افي":307,"اقع":1323,"الق":182,"الف":464,"الل":695,"الي":1802,"ان،":219,"امت":248,"اما":469,"الن":229,"الم":986,"الو":429,"امر":725,"الج":351,"الت":351,"الب":611,"الا":1303,"الس":179,"الر":180,"الد":643,"الح":530,"الع":407,"ري ":3579,"جگہ":221,"افر":440,"افت":417,"ٹري":255,"انے":1223,"ايم":221,"انہ":1162,"ايو":177,"ايس":1069,"انگ":1569,"ايش":229,"امہ":269,"ايا":902,"ايت":316,"انک":290,"اير":272,"، ":8315,"بحي":221,"اوہ":305,"رو ":291,"بحر":243,"اقے":283,"ديگ":275,"اني":2788,"انو":1426,"ديک":357,"رق ":406,"باً":193,"اقہ":415,"بان":1448,"بال":507,"اند":1077,"باد":1658,"باز":180,"بار":1042,"انس":905,"امن":202,"انا":720,"انب":309,"امو":288,"انت":736,"بات":454,"امي":1316,"انج":263,"امل":979,"بائ":435,"الے":826,"بتد":219,"اوي":243,"انڈ":193,"انچ":276,"الہ":394,"اون":198,"اول":497,"اوق":178,"اور":10590,"الک":535,"رم ":316,"ذري":244,"اوا":211,"تا ":6076,"حکو":764,"حکم":277,"رحد":298,"ردو":947,"ردي":295,"ردا":370,"رتے":586,"رتا":498,"ايک":5551,"بدا":306,"راچ":302,"ربع":318,"بدي":235,"برا":685,"ربي":855,"ذيل":186,"راہ":513,"برط":276,"برق":294,"بري":212,"رتي":676,"راک":232,"جہا":530,"تر ":480,"ران":1556,"ربا":206,"راع":230,"راف":173,"رام":330,"رال":643,"راب":283,"رائ":562,"راج":355,"رات":605,"راث":218,"رار":318,"راد":611,"راص":190,"راس":245,"ہيں":6226,"بعد":1053,"تح ":170,"ہو۔":237,"جھي":195,"بعض":255,"رآن":223,"بني":578,"بنا":831,"ہوگ":285,"ہوں":722,"بند":385,"ا ":36261,"بلن":294,"ہنچ":177,"بلو":291,"بلي":191,"ہلے":442,"سر ":306,"بلا":185,"ب ":6862,"ء ":3203,"ہوئ":1384,"ہور":1098,"ہوت":2264,"ہوا":926,"ہون":793,"ہلي":355,"ہند":711,"ہمي":171,"ؤ ":175,"زي ":1743,"رطا":394,"ح ":1752,"ھے ":736,"ہلا":565,"خ ":788,"رسٹ":177,"د ":10666,"بوں":222,"بيٹ":246,"ست ":854,"ذ ":232,"بين":440,"بيل":268,"سا ":510,"رست":341,"بيع":188,"ت ":16193,"بيا":321,"بير":253,"رسي":336,"سب ":865,"رجہ":199,"ث ":408,"بول":436,"ج ":1790,"بلک":176,"سم ":677,"دہ ":2099,"تي ":4132,"سل ":210,"اک ":371,"ريہ":436,"تو ":819,"ٹلي":171,"ريک":876,"دھ ":232,"روں":847,"رپ ":187,"ريع":323,"رين":690,"ريل":294,"ريف":299,"ريق":376,"رنے":958,"تم ":196,"ريا":1581,"ريب":696,"ريخ":486,"ريت":171,"ريز":1341,"ريش":173,"رنگ":273,"روف":378,"رون":314,"روم":315,"روع":324,"رور":309,"روز":221,"روس":205,"روا":481,"اپن":1352,"ہزا":285,"ہري":293,"زبا":959,"زار":465,"رند":247,"زاد":421,"ہرا":229,"رمي":582,"رمن":177,"رنا":383,"زائ":318,"رما":229,"اٹل":178,"ہتے":651,"ثر ":284,"؛ ":306,"سط ":176,"رقي":620,"رقب":303,"ہجر":225,"ئے ":2320,"تبد":215,"تان":2396,"تبا":381,"تار":774,"تاب":521,"اچي":318,"دے ":517,"سن ":294,"ہے ":7219,"اں ":1697,"سو ":217,"تحر":360,"شت ":170,"تحا":210,"تحص":253,"سي ":3401,"تدا":329,"اہ ":1042,"تري":474,"ترا":469,"جا ":352,"تصا":242,"جب ":430,"تصو":215,"ترک":411,"اڑي":213,"ستہ":193,"تظا":196,"سري":335,"تعا":188,"سرح":298,"سرا":421,"تعم":1291,"تعل":965,"تعد":362,"دگي":389,"جد ":384,"شن ":295,"زما":353,"سام":409,"سال":748,"سان":757,"زند":314,"جس ":1740,"سائ":617,"زمي":343,"سات":868,"ساب":328,"ستا":2494,"تقا":197,"سجد":245,"تقر":347,"تقس":240,"ستع":1050,"زيا":694,"ستي":192,"ستو":208,"زيد":178,"اے ":199,"زير":703,"تمل":297,"ا۔ ":2384,"صر ":373,"تلف":484,"تما":488,"اۓ ":304,"سلا":945,"تين":302,"سمج":250,"سلي":236,"سمب":188,"سلم":718,"سما":225,"تيس":201,"تيا":780,"سلط":553,"سلس":275,"توا":248,"شي ":269,"سطح":252,"تيں":193,"پر ":4411,"اکي":196,"اکا":303,"اکس":1424,"سرے":373,"توں":404,"صد ":229,"ٹے ":294,"اگر":397,"جن ":581,"بڑا":364,"رک ":436,"بہ ":1879,"اکھ":210,"رہ ":1976,"جي ":406,"شرق":569,"شرو":345,"شري":335,"صل ":1226,"جو ":2871,"بڑي":256,"حت ":262,"ئے۔":600,"بڑے":246,"حد ":400,"ھے۔":835,"سوي":178,"شتر":182,"سوا":232,"سور":248,"شاع":346,"شام":808,"سمن":228,"شائ":191,"سند":323,"شاخ":186,"سمي":191,"ثلا":193,"شخص":263,"ثما":224,"ذکر":233,"اہر":591,"اہد":216,"سين":345,"سيم":308,"شاہ":679,"شتم":303,"سيد":218,"بے ":441,"سيا":755,"ڑا ":500,"ٹھ":533,"پت":249,"پا":3394,"پس":366,"پش":179,"پر":5467,"ٹے":304,"گ ":1702,"ٹک":243,"پڑ":366,"پو":978,"پن":2069,"پي":2662,"پل":260,"ٹي":1294,"ٹو":369,"ٹن":221,"ٹل":297,"ٹر":1769,"ٹا":643,"ک ":9401,"لے":2164,"يں،":396,"مگ":395,"مک":804,"نڈ":840,"وي":2835,"ي،":686,"نچ":605,"وو":294,"يب":1474,"يا":18357,"مہ":1477,"يئ":237,"يع":1465,"يز":2169,"يس":3006,"نگ":3438,"يش":1424,"يص":226,"يخ":630,"يد":2958,"ير":4679,"يت":2515,"يث":342,"يج":682,"نک":1176,"يح":396,"ين":5944,"يو":3744,"وچ":363,"نھ":192,"يق":966,"يم":3458,"نہ":3293,"يل":3575,"يف":992,"وپ":411,"وٹ":898,"وڑ":349,"نے":8036,"وڈ":316,"يٹ":1722,"وک":763,"پ ":1225,"يٰ":198,"وگ":857,"وہ":2577,"يچ":216,"يڈ":589,"وں":7039,"يپ":229,"و۔":276,"يک":8185,"يگ":581,"يہ":6841,"يں":24637,"ي۔":1652,"يۓ":606,"يے":1374,"فع":234,"فض":206,"فظ":975,"فر":2018,"فس":304,"فت":956,"فا":1934,"يہا":454,"قع":1462,"قط":251,"قص":525,"قس":674,"قر":1456,"قد":958,"قت":918,"في":1664,"قب":1358,"فو":716,"قا":2876,"فن":259,"فل":626,"فق":170,"فٹ":222,"قي":2110,"ل،":228,"قل":641,"قو":1321,"لق":994,"لف":1951,"لط":721,"يں۔":3302,"لغ":238,"لع":1546,"لد":859,"لج":430,"لح":953,"لز":212,"لس":945,"لر":265,"لئ":340,"لا":9180,"لت":997,"لب":1083,"مع":2282,"مغ":639,"مص":529,"مض":257,"مط":1001,"مف":327,"مق":1607,"مل":3799,"مت":2835,"لو":3381,"مج":828,"لي":9899,"ن،":378,"مث":441,"لم":3135,"لل":728,"مب":937,"لن":899,"ما":9656,"مز":517,"مر":3546,"مش":2018,"مس":1772,"مخ":947,"مح":1397,"مذ":278,"مد":1699,"نظ":1248,"نع":313,"نل":169,"قہ":970,"نم":856,"نق":463,"نف":515,"ے، ":1325,"نج":1093,"مي":23019,"نت":1838,"مو":3519,"نب":733,"نا":7139,"من":2588,"فہ":638,"مم":631,"نص":409,"نش":418,"نس":2278,"نز":337,"نر":275,"ند":4576,"قے":375,"مپ":203,"وئ":2114,"وا":9079,"نن":295,"نو":3979,"ني":8247,"و،":187,"ٹ ":1461,"لڑ":176,"وغ":354,"نٹ":588,"وع":906,"وق":1147,"وف":901,"ون":4062,"ول":2928,"وم":3387,"لہ":2193,"وت":3089,"وب":2645,"ود":2057,"لک":2192,"وح":206,"وج":2206,"لگ":620,"وس":2774,"وز":895,"ور":18253,"وط":241,"وض":250,"وص":445,"وش":613,"يکھ":326,"ڑ ":321,"يکن":476,"يکي":320,"يگر":286,"چ ":481,"يکہ":301,"ڈ ":843,"خو":1180,"دت":297,"دا":6455,"دب":338,"خي":646,"خل":1333,"خم":176,"تہ":894,"تھ":5631,"خط":526,"خر":474,"خد":295,"خص":603,"دو":4578,"ر،":467,"دي":7480,"دف":241,"دل":705,"دم":634,"ذا":327,"دن":1041,"تے":3362,"دع":168,"دد":552,"در":3958,"دش":266,"دس":695,"جي":1296,"جو":4658,"حت":458,"جن":2503,"حا":2227,"حب":298,"جل":349,"بہ":2825,"جم":1355,"بھ":4084,"ا۔":3031,"اۓ":335,"اے":213,"جس":2866,"جز":533,"جر":1045,"جد":723,"بک":601,"خت":1742,"حي":1318,"تک":1171,"حم":1392,"خا":1967,"خب":324,"حو":294,"حق":534,"حل":497,"حض":792,"حص":974,"بے":458,"حر":1330,"حس":621,"حد":976,"تف":294,"تم":1316,"تل":864,"تق":1058,"تو":2257,"بچ":213,"ثا":431,"تن":759,"تج":398,"تح":1528,"تر":2642,"تخ":631,"تد":422,"اڑ":396,"تش":356,"تص":699,"تس":246,"تظ":210,"تع":3085,"اں":1731,"ثل":246,"جا":8260,"ثم":243,"اہ":3738,"جب":952,"ثي":412,"تي":6367,"اک":3503,"ثر":502,"اگ":766,"بڑ":994,"ئے":3028,"ؤں":259,"بغ":203,"بع":1847,"بن":3272,"بم":183,"بل":2052,"بق":773,"بد":925,"اً":548,"بج":198,"بح":566,"بت":774,"اي":9647,"او":12882,"بط":281,"بص":181,"بز":199,"بس":224,"اُ":281,"بر":3415,"اپ":1892,"اٹ":526,"تا":10999,"اچ":510,"تب":1015,"بو":1546,"ت،":328,"بي":4832,"ئد":211,"ئر":536,"ئش":454,"ا،":402,"اء":804,"اؤ":588,"ئل":407,"ائ":7576,"ئم":430,"ئع":221,"از":2184,"ار":13604,"اد":7175,"اض":766,"اص":2408,"اش":1157,"اس":13319,"ات":12391,"اب":5157,"ئن":668,"اخ":1510,"اح":1946,"اج":1405,"اث":517,"ئي":5602,"اف":2468,"اق":3776,"ام":10852,"با":7594,"ان":23472,"ال":15347,"اع":2513,"اغ":318,"اط":844,"اظ":619,"آپ":794,"آئ":413,"آب":1377,"آت":374,"آج":214,"آخ":195,"آر":259,"آس":262,"آز":333,"آف":182,"آل":275,"آم":177,"آن":518,"آي":281,"عے":301,"ٰ ":195,"عہ":1012,"طہ":234,"غي":910,"غل":246,"عي":1223,"غر":737,"صے":202,"عق":239,"عل":4649,"صہ":487,"عم":2601,"غا":645,"عن":1246,"عو":588,"عث":370,"ظي":492,"عت":818,"عد":2145,"عز":175,"عر":1942,"عظ":634,"عض":358,"عا":2408,"عب":841,"ظم":515,"شہ":2846,"ظا":851,"طن":541,"سہ":287,"طل":743,"سے":11317,"ظر":549,"شک":686,"طي":706,"طو":1493,"ضم":182,"زہ":344,"ضل":1190,"رے":1402,"طر":1375,"ضي":496,"سک":2597,"طح":262,"طا":2021,"طب":814,"ضو":288,"سپ":375,"صل":1848,"صف":401,"صط":357,"سٹ":824,"ضر":887,"صو":2504,"رہ":3575,"صن":434,"ضا":582,"صي":766,"دے":538,"شع":464,"رک":3328,"صح":404,"صد":1147,"صر":962,"رگ":411,"شم":1789,"ذہ":258,"صا":794,"شن":774,"صب":345,"شو":358,"شي":1319,"سع":252,"سط":727,"دگ":457,"سف":448,"دھ":774,"رپ":455,"رٹ":425,"رڈ":213,"سي":6156,"شت":955,"رچ":305,"سو":1823,"شا":3056,"سن":1275,"دہ":2389,"سم":1996,"سل":3485,"شر":1691,"شد":243,"شخ":304,"ذک":274,"سب":1244,"سا":5309,"زن":603,"ست":5770,"زو":460,"زم":950,"زل":234,"سر":2705,"سج":282,"زي":3808,"دک":188,"رس":1755,"رش":298,"رر":201,"رز":482,"جے":273,"رط":461,"رص":252,"رض":357,"رل":427,"رق":1634,"رف":1286,"رو":5304,"زب":1100,"رن":2342,"زا":1886,"رم":1656,"ري":12753,"زر":534,"ذر":554,"جگ":285,"رآ":320,"جھ":599,"جہ":1619,"رب":2493,"را":9267,"رت":4343,"رج":1190,"ذي":412,"رخ":287,"رح":1014,"حک":1119,"رد":2466,"ف ":3475,"ع ":4219,"ڑي ":543,"غ ":230,"ص ":761,"ض ":697,"ط ":839,"ظ ":1429,"ر ":38086,"ز ":2573,"س ":11232,"ش ":1550,"ِ ":847,"ً ":542,"ي ":57056,"ن ":18794,"و ":15262,"ق ":2735,"م ":14225,"ل ":13265,"ينہ":361,"ينے":248,"يوں":1103,"وہ ":2016,"يقي":265,"يلا":274,"يلي":664,"يما":422,"يلو":184,"ينا":221,"نہي":1033,"يمي":391,"نہو":438,"يٹ ":181,"يني":579,"يقہ":243,"وچس":192,"يور":512,"يوا":288,"يون":715,"ينڈ":257,"وں ":6861,"ہے":17450,"يٰ ":189,"وٹي":197,"يعے":209,"وگ ":226,"يرہ":738,"يشي":298,"يشن":306,"يسي":670,"نگي":216,"نگل":243,"يسو":203,"يسر":205,"ے،":1342,"نگر":1405,"يزي":1326,"نگا":269,"يسا":524,"يرو":314,"يري":407,"يعن":649,"يسے":586,"۔ا":238,"يثي":187,"يا۔":1172,"نکا":269,"ے۔":10861,"يتي":187,"ياں":353,"يرا":565,"نکہ":250,"يدا":1270,"نے ":7909,"يال":283,"يان":856,"يبا":352,"يام":192,"ياس":748,"يار":881,"ياد":1222,"ياض":232,"ياء":241,"يات":2312,"ياب":173,"يائ":508,"کچ":345,"کٹ":398,"کي":17718,"ي۔ ":1247,"کس":3186,"کش":375,"کر":6688,"کز":505,"کث":328,"کت":1905,"کو":8220,"کن":1311,"کم":1336,"کل":1933,"کئ":359,"کب":357,"کا":13105,"يۓ ":585,"يے ":1282,"گہ":320,"گھ":468,"گل":520,"گن":309,"گو":1092,"گي":2325,"گز":223,"گر":3536,"گئ":1042,"گا":1385,"کے":18417,"کھ":2829,"کہ":6908,"ں،":524,"گے":188,"يہ ":6011,"يڈي":227,"ھے":1744,"ہز":291,"ہر":3373,"ہج":298,"ہت":1501,"ہد":644,"ہا":4675,"ہب":255,"ہي":8193,"ہل":1738,"ہم":1207,"ہن":1510,"ہو":9694,"ں۔":3376,"ھم":206,"ھل":258,"ھي":5556,"ھو":1393,"ھن":692,"ہ،":328,"ھر":965,"يں ":20810,"ھا":3850,"ھت":572,"ں ":29650,"ڈر":227,"چي":975,"چن":411,"چو":627,"وہا":172,"ڈا":533,"چک":371,"چہ":230,"چھ":1116,"ڈو":318,"ڈي":856,"پھ":684,"پہ":1407,"چس":237,"چا":849,"چت":269,"چل":282,"ڑا":619,"ۃ ":184,"ۂ ":441,"ڑے ":367,"يٹر":982,"ڑي":670,"يک ":5968,"ھ ":2275,"چے":173,"ہ ":29676,"وگو":199,"ڑک":206,"ڑھ":467,"ڑے":384,"ے ":59880,"ۓ ":1150,"۔ ":15851,"و۔ ":200,"وز ":174,"ور ":14043,"ود ":1161,"ڈي ":274,"لگ ":206,"وس ":423,"چين":228,"نما":532,"وع ":503,"نيا":1482,"نوي":380,"نون":235,"نور":347,"نوب":664,"نوا":373,"نٹ ":234,"وف ":378,"نيہ":422,"نيو":458,"نوں":1111,"وم ":918,"لہ ":1961,"ون ":1017,"چند":174,"ول ":1088,"نڈ ":285,"وي ":1068,"ي، ":669,"نچ ":177,"مغر":519,"معل":267,"معن":336,"معر":258,"مشہ":684,"معا":596,"چست":201,"مقا":854,"مقد":219,"چان":177,"ملت":253,"ملا":357,"چتر":233,"قے ":368,"منا":208,"نائ":404,"مند":339,"نات":285,"منت":213,"نار":304,"مما":299,"ملي":227,"موا":174,"ملک":619,"موج":660,"مور":225,"موس":304,"موع":240,"نام":2044,"نان":513,"ناي":217,"نتق":217,"نتظ":204,"نتخ":209,"مون":289,"موم":337,"مول":250,"ميل":269,"ميد":233,"مير":641,"ميا":812,"ميت":203,"نتي":206,"نجا":562,"مين":762,"ميٹ":952,"موں":292,"ندا":677,"ميں":16302,"ندو":448,"ندر":713,"ندي":569,"چار":237,"نسا":448,"چي ":376,"وا ":736,"ندگ":273,"ندہ":249,"نسي":397,"نسل":289,"ندھ":311,"وب ":577,"وت ":377,"نظا":416,"نظر":493,"وج ":244,"نظي":172,"لک ":878,"ونا":319,"ومي":882,"ونس":207,"وما":454,"ولي":616,"ولو":168,"ومت":782,"يع ":214,"ولا":396,"وقت":472,"وفا":282,"يش ":423,"يس ":618,"نگ ":881,"ويں":364,"يق ":261,"يف ":611,"مکم":188,"ونے":813,"نڈي":216,"چہ ":203,"ونک":263,"چھ ":368,"وني":567,"وٹ ":170,"ونو":241,"وڈ ":203,"يو ":296,"نہ ":1535,"يم ":2131,"ين ":3424,"مگر":341,"يل ":1806,"لے ":2120,"وئے":873,"واں":205,"وتي":759,"وتا":1184,"وبہ":880,"وجي":169,"وجو":858,"وا۔":228,"وار":699,"واز":279,"واد":234,"واج":227,"وئي":1076,"واب":205,"وائ":356,"وبي":420,"واي":171,"واق":1340,"وال":2546,"وان":598,"وبا":263,"وام":369,"وري":875,"مہ ":911,"وست":275,"لگا":240,"وزي":317,"يا ":8493,"وسر":713,"وسط":295,"ورپ":286,"ودہ":176,"وسي":366,"يب ":717,"ورہ":195,"لکي":197,"وتے":500,"ودي":279,"ورا":750,"وجہ":615,"ورس":204,"ورت":506,"لکہ":196,"ورن":218,"لکھ":453,"وغي":292,"يد ":1164,"ير ":2092,"يز ":500,"يت ":1838,"يج ":176,"يح ":219,"يخ ":423,"لد ":289,"قصب":216,"لت ":358,"لا ":1251,"قسم":285,"لب ":395,"قسي":239,"�":423,"لق ":599,"لف ":570,"چھو":396,"قوں":260,"ما ":498,"لم ":1252,"لع ":962,"قيق":283,"قيا":359,"قوم":305,"قوا":311,"قل ":209,"فرا":633,"فرو":181,"فري":361,"قي ":950,"ل، ":225,"فيص":180,"قبہ":284,"قدر":190,"قدي":366,"قري":696,"قرآ":222,"قرا":218,"قال":197,"قائ":507,"قاب":316,"قات":245,"فلم":218,"فوج":255,"قبو":176,"قبل":223,"قان":205,"قبا":188,"قام":703,"فٹ ":202,"لما":635,"ماع":315,"لمي":331,"مات":656,"مار":1346,"ماد":258,"لند":373,"مائ":379,"لفظ":904,"لفا":303,"نس ":426,"لعہ":239,"ند ":917,"لطا":204,"مي ":1920,"لطن":355,"مطل":234,"ني ":4359,"و، ":185,"مطا":719,"مصن":197,"مصر":194,"مرک":583,"نو ":281,"مذہ":183,"مشر":609,"مسل":679,"مشت":387,"مست":254,"مسج":242,"مسا":197,"قہ ":928,"مري":646,"مجھ":254,"مرا":743,"مرب":331,"مرت":186,"مدي":169,"ليے":1014,"ليۓ":470,"مدد":185,"ليک":538,"ليہ":571,"مخت":598,"لوگ":423,"محم":603,"لوں":448,"لوچ":226,"لين":425,"مجم":256,"لنے":191,"ليت":222,"متي":175,"ليا":836,"ماہ":260,"ليم":656,"مثل":227,"لوي":317,"لوم":894,"للہ":672,"متح":211,"متع":399,"مال":2414,"مام":560,"مان":1742,"مبا":175,"ماي":231,"مبر":417,"مر ":315,"مد ":873,"لو ":198,"ے۔ ":8070,"مت ":1234,"لي ":3595,"ن، ":362,"لسل":386,"نب ":260,"نا ":1656,"من ":398,"فہ ":313,"نت ":572,"لدي":343,"لحک":303,"مل ":1925,"لتي":176,"لاک":279,"لئے":321,"لاہ":228,"لتا":182,"لحا":247,"لاح":555,"لاد":170,"لاز":192,"لائ":397,"لات":751,"لاق":1241,"لاف":367,"مع ":244,"لاو":376,"لام":1294,"لان":427,"لبا":312},"n_words":[1602570,1999510,1324903],"name":"ur","type":"arab"}