<?xml version="1.0" encoding="UTF-8"?>
<TEI xmlns="http://www.tei-c.org/ns/1.0">
    <teiHeader>
        <fileDesc>
            <titleStmt>
                <title >Le Café Américain</title>
                <author>Hyeji Park</author>
                <author>Francis Sullivan</author>
            </titleStmt>
            <publicationStmt>
                <publisher>Penn State University</publisher><!-- Required for TEI, but do not display. -->
                <date when="2014">Fall 2014</date>
            </publicationStmt>
            <notesStmt>
                <relatedItem><bibl>Maupassant's Bel-Ami</bibl></relatedItem>
            </notesStmt>
            <sourceDesc><p>born digital</p></sourceDesc>
        </fileDesc>
    </teiHeader>
    <text>
        <body><!-- The article text goes here -->
            <div type="article">
                <p>Dans le roman Bel-Ami, on peut trouver la description du café Américain. Le Café Américain s’appelait aussi «Le Café des Grands Boulevards ». Pendant cette période, les grands boulevards attiraient des clients dans leurs cafés immensément célèbres. Les cafés des grands boulevards donnaient le ton et lançaient les modes pour longtemps.  Le Café américain se trouvait au 4 Boulevard des Capucines, dans l’immeuble du théâtre du Vaudeville (Jean Béraud, p120).  D’après descriptions du café américain dans Bel-Ami, on peut imaginer que c’est le lieu où les gens profitent de leur loisir. « Il allait, passant devant les cafés d’un air crâne et gaillard, et il jugeait d’un coup d’œil, à la mine, à l’habit, ce que chaque consommateur devait porter d’argent sur lui. Et une colère l’envahissait contre ces gens assis et tranquilles » (Page 24, Bel-Ami). Avec cette description, on peut bien voir qu’à cette époque les gens ne pouvaient pas aller aux cafés des Grands Boulevards s’ils n’avaient pas d’argent et du temps libres.</p>
                <q>«Vaudevillistes, comédiens, musiciens, pantomimes, seront accueillis tous avec la même bienveillance, quel que soit leur âge, quels que soient leurs antécédents littéraires, à la condition qu’ils apportent avec eux quelque chose de beau et de nouveau. Le programme sera toujours conçu dans cet esprit et ne cherchera à séduire la foule ni par des exhibitions malsaines, ni par des spectacles d’un réalisme grossier: seul, un public d’élite appartenant à toutes les classes de la société, mais cherchant surtout, et avant tout, au théâtre, une distraction intellectuelle…» (Pierrefitte, 34).
                </q>
            </div>
            <div type="bibliography">
                <listBibl>
                    <bibl>“Baron Haussman” Saturday Review of Politics, Literature, Science, and Art. (1891) : 67-8. Proquest. Web. 12 Oct. 2014.</bibl>
                    <bibl>“Petite histoire du métro de Paris.” France.fr, Le site officiel de la France. 2014. Web. 16 Oct. 2014.</bibl>
                    <bibl>“The Late Baron Haussmann: He Rebuilt Paris and Made M. Jules Ferry.” Chicago Daily Tribune. (1891) : 25. Proquest. Web. 13 Oct. 2014.</bibl>
                </listBibl>
            </div>
        </body>
        <note type="mapmarker"><!-- Info for the map marker here! -->
            <placeName>Le Café Américain</placeName>
            <geo>2.333798 -48.871061</geo>
            <p>« Il allait, passant devant les cafés d’un air crâne et gaillard, et il jugeait d’un coup d’œil, à la mine, à l’habit, ce que chaque consommateur devait porter d’argent sur lui. Et une colère l’envahissait contre ces gens assis et tranquilles » (Page 24, Bel-Ami)</p>
        </note>
        <back>            
            <div type="images">
                <figure xml:id="fig1">
                    <graphic url="https://humanitieslab.psu.edu/projects/mappingbelami/wp-content/uploads/2012/12/index.php_.jpg" />
                    <head>"Où la mènent-ils? Au Violon," 1896-1900</head>
                    <note type="attribution">Image courtesy of the New York Public Library</note>
                    <figDesc><!-- Can this function as alt-text for screen readers? --></figDesc>
                </figure>
                <figure xml:id="fig2">
                    <graphic url="https://humanitieslab.psu.edu/projects/mappingbelami/wp-content/uploads/2012/12/Henri_Brispot_-_Les_belles_au_parc_Monceau_1.jpg" />
                    <head>"Les Belles au parc Monceau," 1908</head>
                    <note type="attribution">par Henri Brispot. Image courtesy of Wikimedia Commons.</note>
                    <figDesc><!-- Can this function as alt-text for screen readers? --></figDesc>
                </figure>
            </div>
        </back>
    </text>
</TEI>
