{"rules":[
	{
		"keys"   :["was"],
		"phrases":[{"type":"prior", "expression":"was habe ich gesagt"}],
		"process":[{"type":"flow", "expression":"SQUASH"}, {"type":"flow", "expression":"FIRST"}],
		"actions":[{"type":"answer", "select":"random", "phrases":["du hast mich gefragt: $query$"]}]
	},
	{
		"keys"   :["was"],
		"phrases":[{"type":"prior", "expression":"was hast du gesagt"}],
		"process":[{"type":"flow", "expression":"SQUASH"}, {"type":"flow", "expression":"FIRST"}],
		"actions":[{"type":"answer", "select":"random", "phrases":["Ich habe geantwortet: $answer$"]}]
	},
	{
		"keys"   :["was"],
		"phrases":[{"type":"prior", "expression":"was habe ich kürzlich gesagt"}],
		"process":[{"type":"flow", "expression":"SQUASH"}, {"type":"flow", "expression":"REST"}],
		"actions":[{"type":"answer", "select":"random", "phrases":["du hast mich kürzlich gefragt: $query$"]}]
	},
	{
		"keys"   :["was"],
		"phrases":[{"type":"prior", "expression":"was hast du kürzlich gesagt"}],
		"process":[{"type":"flow", "expression":"SQUASH"}, {"type":"flow", "expression":"REST"}],
		"actions":[{"type":"answer", "select":"random", "phrases":["Ich habe kürzlich gesagt: $answer$"]}]
	},
	{
	    "comment":"this is an experiment",
		"phrases":[
			{"type":"prior", "expression":"frag mich irgendwas"},
			{"type":"prior", "expression":"frag mich was"},
			{"type":"prior", "expression":"frag mich etwas"},
			{"type":"prior", "expression":"frage mich irgendwas"},
			{"type":"prior", "expression":"frage mich was"},
			{"type":"prior", "expression":"frage mich etwas"}
		],
		"actions":[
			{"type":"answer", "select":"random", "phrases":["wie heisst du"]}
		]
	},
	{
		"phrases":[
			{"type":"pattern", "expression":"*"},
		    {"type":"pattern", "expression":"ich heisse *"}
		],
	    "process":[
	    	{"type":"memory", "expression":"IF $answer$ = (?:wie heisst du)|(?:(.*) sag mir deinen Namen)"},
			{"type":"memory", "expression":"SET _username = $1$"}
		],
		"actions":[
			{"type":"answer", "select":"random", "phrases":["Vielen Dank $_username$"]}
		]
	},
	{
		"phrases":[
			{"type":"pattern", "expression":"Mein name ist *"},
			{"type":"pattern", "expression":"Ich heisse *"}
		],
        "process":[
        	{"type":"memory", "expression":"SET _username = $1$"}
        ],
		"actions":[
			{"type":"answer", "select":"random", "phrases":["OK ich nenne dich $_username$"]}
		]
	},
	{
		"phrases":[
			{"type":"pattern", "expression":"Vergesse meinen Namen"},
			{"type":"pattern", "expression":"Vergiss meinen Namen"},
			{"type":"pattern", "expression":"Vergiss wie ich heisse"}
		],
        "process":[
        	{"type":"memory", "expression":"CLEAR _username"}
        ],
		"actions":[
			{"type":"answer", "select":"random", "phrases":["Ich habe jetzt deinen Namen vergessen"]}
		]
	},
	{
		"phrases":[
			{"type":"prior", "expression":"Wie heisse ich"},
			{"type":"prior", "expression":"Wie ist mein Name"}
		],
		"options":[
		{
			"process":[{"type":"memory", "expression":"IF $_username$"}],
			"actions":[{"type":"answer", "select":"random", "phrases":["Dein Name ist $_username$"]}]
		},
		{
			"process":[{"type":"memory", "expression":"NOT $_username$"}],
			"actions":[{"type":"answer", "select":"random", "phrases":["Ich kenne deinen Namen nicht. Bitte sag mir deinen Namen"]}]
		}
		]
	},
	{
		"phrases":[{"type":"prior", "expression":"Magst du mich"}],
		"process":[{"type":"memory", "expression":"IF $_username$"}],
		"actions":[{"type":"answer", "select":"random", "phrases":["Ja $_username$, ich mag dich"]}]
	},
	{
		"phrases":[{"type":"prior", "expression":"Magst du mich"}],
		"process":[{"type":"memory", "expression":"NOT $_username$"}],
		"actions":[{"type":"answer", "select":"random", "phrases":["wie heisst du"]}]
	}
]}